Gene_set,Term,Overlap,P-value,Adjusted P-value,Old P-value,Old Adjusted P-value,Odds Ratio,Combined Score,Genes
GO_Biological_Process_2023,Mitotic Sister Chromatid Segregation (GO:0000070),15/111,3.452653510367017e-13,4.882052063658961e-10,0,0,16.64189189189189,477.5301534729409,SPAG5;CDCA5;KIF14;NCAPG;KIF23;KIF11;TUBG1;NCAPH;TPX2;CCNB1;KIF18B;KIFC1;NUSAP1;CEP55;DLGAP5
GO_Biological_Process_2023,Positive Regulation Of Cell Cycle Process (GO:0090068),14/118,1.3272030692724274e-11,9.38332569975606e-09,0,0,14.25475599669148,357.01552772892444,FEN1;SPAG5;EGF;KIF14;NCAPG;KIF23;CDC6;NCAPH;AURKB;RACGAP1;NUSAP1;BIRC5;ECT2;E2F7
GO_Biological_Process_2023,Mitotic Cytokinesis (GO:0000281),9/59,6.811817981844371e-09,3.210636875442646e-06,0,0,18.612565445026178,350.00197463481146,RACGAP1;NUSAP1;BIRC5;KIF23;KIF20A;ECT2;CENPA;CEP55;AURKB
GO_Biological_Process_2023,Regulation Of Attachment Of Spindle Microtubules To Kinetochore (GO:0051988),5/9,1.1600243962435594e-08,3.682593797568255e-06,0,0,126.8974358974359,2318.7003670245035,CCNB1;RACGAP1;SPAG5;NEK2;ECT2
GO_Biological_Process_2023,Mitotic Spindle Organization (GO:0007052),10/85,1.3021901688713772e-08,3.682593797568255e-06,0,0,13.842105263157896,251.32602731162743,TPX2;CCNB1;KIFC1;NUF2;BIRC5;KIF23;KIF11;TUBG1;DLGAP5;AURKB
GO_Biological_Process_2023,Positive Regulation Of DNA-directed DNA Polymerase Activity (GO:1900264),5/12,7.115625499576914e-08,1.4373563509145365e-05,0,0,72.5018315018315,1193.2632448189015,GINS1;GINS2;PCNA;DSCC1;GINS3
GO_Biological_Process_2023,Regulation Of DNA-directed DNA Polymerase Activity (GO:1900262),5/12,7.115625499576914e-08,1.4373563509145365e-05,0,0,72.5018315018315,1193.2632448189015,GINS1;GINS2;PCNA;DSCC1;GINS3
GO_Biological_Process_2023,Regulation Of Cytokinesis (GO:0032465),9/80,1.0491921698353877e-07,1.760782781523985e-05,0,0,13.093503428950669,210.41358401404568,RACGAP1;KIF14;KIF23;KIF20A;CDC6;ECT2;AURKB;E2F7;BCL2L1
GO_Biological_Process_2023,Cytoskeleton-Dependent Cytokinesis (GO:0061640),9/81,1.1702273352102264e-07,1.760782781523985e-05,0,0,12.910994764397904,206.0710655736609,RACGAP1;NUSAP1;BIRC5;KIF23;KIF20A;ECT2;CENPA;CEP55;AURKB
GO_Biological_Process_2023,Microtubule Cytoskeleton Organization Involved In Mitosis (GO:1902850),8/59,1.2452494918840065e-07,1.760782781523985e-05,0,0,16.13480392156863,256.5233710983305,CCNB1;NUF2;NUSAP1;BIRC5;KIF11;TUBG1;DLGAP5;AURKB
GO_Biological_Process_2023,Mitotic Spindle Assembly (GO:0090307),7/44,2.521508456621021e-07,3.102447790221812e-05,0,0,19.37277692199972,294.335216979438,TPX2;RACGAP1;KIFC1;BIRC5;KIF23;KIF11;AURKB
GO_Biological_Process_2023,Positive Regulation Of Mitotic Sister Chromatid Separation (GO:1901970),5/15,2.632911844601255e-07,3.102447790221812e-05,0,0,50.74358974358975,768.7656511195227,CDC20;UBE2C;BIRC5;AURKB;DLGAP5
GO_Biological_Process_2023,Regulation Of Cell Cycle Process (GO:0010564),10/130,7.511706183581748e-07,8.17042503352661e-05,0,0,8.631578947368421,121.71935872276204,RACGAP1;SPAG5;NEK2;KIF20A;KIF11;MKI67;ECT2;BUB1;AURKB;BCL2L1
GO_Biological_Process_2023,DNA Unwinding Involved In DNA Replication (GO:0006268),5/20,1.3051359438883009e-06,0.0001318187303327184,0,0,33.82051282051282,458.2410056420293,GINS1;GINS2;CDC45;RAD51;GINS3
GO_Biological_Process_2023,Positive Regulation Of Cytokinesis (GO:0032467),6/39,2.299046533139486e-06,0.0002167234531906156,0,0,18.52577319587629,240.5204111443618,RACGAP1;KIF14;BIRC5;KIF23;CDC6;ECT2
GO_Biological_Process_2023,Positive Regulation Of Mitotic Cell Cycle Phase Transition (GO:1901992),7/63,3.100961111147918e-06,0.00027404743819769723,0,0,12.787564766839376,162.19489427978257,CDC20;CCNB1;RRM2;UBE2C;CDCA5;DLGAP5;CDC25A
GO_Biological_Process_2023,Positive Regulation Of DNA Biosynthetic Process (GO:2000573),7/65,3.836725103276865e-06,0.00031912525270785217,0,0,12.345363587636234,153.9576885075937,GINS1;GINS2;PCNA;DSCC1;GINS3;NEK2;AURKB
GO_Biological_Process_2023,Spindle Assembly Checkpoint Signaling (GO:0071173),5/26,5.273783818881518e-06,0.0003676658789897444,0,0,24.15018315018315,293.4914392101124,CDC20;CENPF;NUF2;BUB1;SPC24
GO_Biological_Process_2023,Mitotic Spindle Assembly Checkpoint Signaling (GO:0007094),5/26,5.273783818881518e-06,0.0003676658789897444,0,0,24.15018315018315,293.4914392101124,CDC20;CENPF;NUF2;BUB1;SPC24
GO_Biological_Process_2023,Mitotic Spindle Checkpoint Signaling (GO:0071174),5/26,5.273783818881518e-06,0.0003676658789897444,0,0,24.15018315018315,293.4914392101124,CDC20;CENPF;NUF2;BUB1;SPC24
GO_Biological_Process_2023,Mitotic Nuclear Division (GO:0140014),6/45,5.460384341431847e-06,0.0003676658789897444,0,0,15.670896114195084,189.8997840048912,KIF18B;SPAG5;UBE2C;KIFC1;NUSAP1;TUBG1
GO_Biological_Process_2023,Regulation Of Chromosome Segregation (GO:0051983),5/28,7.75242440134287e-06,0.00047660556971734,0,0,22.0479375696767,259.44921421372527,NCAPG;CDC6;MKI67;BUB1;NCAPH
GO_Biological_Process_2023,Negative Regulation Of Mitotic Metaphase/Anaphase Transition (GO:0045841),5/28,7.75242440134287e-06,0.00047660556971734,0,0,22.0479375696767,259.44921421372527,CDC20;CENPF;NUF2;BUB1;SPC24
GO_Biological_Process_2023,Centromere Complex Assembly (GO:0034508),4/14,8.98018633910456e-06,0.000529082645145577,0,0,40.38775510204081,469.325501273126,CENPF;HJURP;OIP5;DLGAP5
GO_Biological_Process_2023,Mitotic Metaphase Plate Congression (GO:0007080),6/50,1.0219798089852524e-05,0.0005780317799620588,0,0,13.88659793814433,159.57344828850043,CCNB1;KIFC1;CDCA5;NUF2;KIF14;CEP55
GO_Biological_Process_2023,Metaphase Plate Congression (GO:0051310),6/51,1.1486707663805796e-05,0.0006247001783315922,0,0,13.577319587628866,154.4327783623843,CCNB1;CENPF;KIFC1;CDCA5;KIF14;CEP55
GO_Biological_Process_2023,Mitotic Chromosome Condensation (GO:0007076),4/15,1.2150001455530944e-05,0.0006363000762266946,0,0,36.71428571428572,415.5389408534144,CDCA5;NUSAP1;NCAPG;NCAPH
GO_Biological_Process_2023,Sister Chromatid Segregation (GO:0000819),5/34,2.0905707910418636e-05,0.0010557382494761,0,0,17.480990274093724,188.3662067044033,KIF18B;SPAG5;KIFC1;NUSAP1;TUBG1
GO_Biological_Process_2023,Positive Regulation Of Mitotic Nuclear Division (GO:0045840),5/35,2.419294457456146e-05,0.0011796146078768,0,0,16.897435897435898,179.61044178472525,CDC20;EGF;UBE2C;NUSAP1;DLGAP5
GO_Biological_Process_2023,Positive Regulation Of Chromosome Segregation (GO:0051984),4/18,2.660404294293577e-05,0.0012539372240437,0,0,28.84256559766764,303.8404891137544,CCNB1;NCAPG;CDC6;NCAPH
GO_Biological_Process_2023,DNA Duplex Unwinding (GO:0032508),5/41,5.319699269344154e-05,0.0024264692796298,0,0,14.076923076923077,138.53816081158314,GINS1;GINS2;CDC45;RAD51;GINS3
GO_Biological_Process_2023,DNA-templated DNA Replication (GO:0006261),6/69,6.586311768734704e-05,0.0028808439193161,0,0,9.689248895434462,93.2874289540616,GINS1;GINS2;CDC45;RAD51;GINS3;MCM10
GO_Biological_Process_2023,Positive Regulation Of Cell Division (GO:0051781),5/43,6.723327393029232e-05,0.0028808439193161,0,0,13.334682860998653,128.110862510313,RACGAP1;KIF14;KIF23;CDC6;ECT2
GO_Biological_Process_2023,Regulation Of Mitotic Sister Chromatid Separation (GO:0010965),3/10,0.00011224655254723088,0.0041767532974153,0,0,43.059463379260336,391.61775629527256,CCNB1;BIRC5;AURKB
GO_Biological_Process_2023,Kinetochore Organization (GO:0051383),3/10,0.00011224655254723088,0.0041767532974153,0,0,43.059463379260336,391.61775629527256,CENPF;NUF2;DLGAP5
GO_Biological_Process_2023,Mitotic DNA Replication (GO:1902969),3/10,0.00011224655254723088,0.0041767532974153,0,0,43.059463379260336,391.61775629527256,GINS1;GINS3;TK1
GO_Biological_Process_2023,Mitotic Spindle Elongation (GO:0000022),3/10,0.00011224655254723088,0.0041767532974153,0,0,43.059463379260336,391.61775629527256,RACGAP1;BIRC5;KIF23
GO_Biological_Process_2023,Mitotic Spindle Midzone Assembly (GO:0051256),3/10,0.00011224655254723088,0.0041767532974153,0,0,43.059463379260336,391.61775629527256,RACGAP1;BIRC5;KIF23
GO_Biological_Process_2023,Regulation Of Mitotic Metaphase/Anaphase Transition (GO:0030071),5/49,0.0001268747654680824,0.0046000235479966,0,0,11.512820512820513,103.29659526813114,CDC20;CCNB1;UBE2C;CDC6;DLGAP5
GO_Biological_Process_2023,Positive Regulation Of Metaphase/Anaphase Transition Of Cell Cycle (GO:1902101),3/11,0.00015320271943439296,0.0052836254946397,0,0,37.6751269035533,330.92884130781977,CDC20;UBE2C;DLGAP5
GO_Biological_Process_2023,Positive Regulation Of Mitotic Metaphase/Anaphase Transition (GO:0045842),3/11,0.00015320271943439296,0.0052836254946397,0,0,37.6751269035533,330.92884130781977,CDC20;UBE2C;DLGAP5
GO_Biological_Process_2023,Regulation Of Mitotic Nuclear Division (GO:0007088),5/56,0.00024017285785957223,0.0080858195479389,0,0,9.929110105580694,82.75070939715789,CCNB1;EGF;NUSAP1;NEK2;MKI67
GO_Biological_Process_2023,Positive Regulation Of Chromosome Separation (GO:1905820),3/13,0.00026165809515097364,0.0086042917800808,0,0,30.13705583756345,248.5846578261998,NCAPG;BIRC5;NCAPH
GO_Biological_Process_2023,Chromosome Condensation (GO:0030261),4/32,0.0002802069439193893,0.0090048322432276,0,0,14.411078717201166,117.88236655881762,CDCA5;NUSAP1;NCAPG;NCAPH
GO_Biological_Process_2023,Positive Regulation Of Chromosome Organization (GO:2001252),4/33,0.000316376872754873,0.0099412644016753,0,0,13.913441238564392,112.12252948199962,FEN1;NCAPG;AURKB;NCAPH
GO_Biological_Process_2023,Regulation Of G2/M Transition Of Mitotic Cell Cycle (GO:0010389),4/35,0.000398558082417591,0.0122513288812711,0,0,13.014483212639895,101.8729147560068,CCNB1;CENPF;KIF14;CDC25A
GO_Biological_Process_2023,Defense Response To Protozoan (GO:0042832),3/15,0.00041017649693527065,0.0123402035460951,0,0,25.111675126903556,195.84402098106767,GBP2;GBP1;PF4
GO_Biological_Process_2023,"DNA Damage Response, Signal Transduction By P53 Class Mediator (GO:0030330)",4/36,0.0004448946011773135,0.0131058534596816,0,0,12.607142857142858,97.2978079915696,MUC1;GTSE1;E2F7;BATF
GO_Biological_Process_2023,Antimicrobial Humoral Immune Response Mediated By Antimicrobial Peptide (GO:0061844),5/65,0.0004829703975862702,0.013937145758918,0,0,8.435897435897436,64.41276048972978,H2BC12;CXCL9;H2BC11;PPBP;PF4
GO_Biological_Process_2023,Negative Regulation Of Interleukin-10 Production (GO:0032693),3/16,0.0005011239651713426,0.0141717857350455,0,0,23.178836392034363,176.1280286078286,LILRB1;PDCD1LG2;JAK3
GO_Biological_Process_2023,Positive Regulation Of Transferase Activity (GO:0051347),7/143,0.0005983107244142362,0.0161153158662545,0,0,5.244132886315148,38.91880954836676,GINS1;GINS2;PCNA;DSCC1;GINS3;NEK2;AURKB
GO_Biological_Process_2023,DNA Replication Checkpoint Signaling (GO:0000076),3/17,0.0006040394207294829,0.0161153158662545,0,0,21.5221174764322,159.51916044937724,CDC45;CDC6;CLSPN
GO_Biological_Process_2023,Regulation Of Mitotic Cell Cycle Spindle Assembly Checkpoint (GO:0090266),3/17,0.0006040394207294829,0.0161153158662545,0,0,21.5221174764322,159.51916044937724,CCNB1;BIRC5;AURKB
GO_Biological_Process_2023,Positive Regulation Of Protein Kinase Activity (GO:0045860),7/145,0.0006498280185735227,0.0170158670048696,0,0,5.167605316512728,37.9240364534191,TPX2;MMD;ITGB3;KIF14;CLSPN;ECT2;CLU
GO_Biological_Process_2023,Cell Cycle G2/M Phase Transition (GO:0044839),4/40,0.0006690615196291692,0.0172009634319208,0,0,11.20408163265306,81.89774214112175,CCNB1;MELK;AURKB;CDC25A
GO_Biological_Process_2023,Positive Regulation Of DNA Metabolic Process (GO:0051054),6/108,0.0007620450587322617,0.0192416377329896,0,0,5.972710733778047,42.88110581119858,GINS1;GINS2;PCNA;RAD51;EGF;GINS3
GO_Biological_Process_2023,DNA Integrity Checkpoint Signaling (GO:0031570),4/42,0.0008067730463282587,0.0200136331141782,0,0,10.613319011815252,75.59302673955138,CDC45;E2F1;CLSPN;CDC6
GO_Biological_Process_2023,Regulation Of Transcription Involved In G1/S Transition Of Mitotic Cell Cycle (GO:0000083),3/19,0.0008481701801219675,0.0203273327913976,0,0,18.82994923857868,133.17348392535672,E2F1;E2F2;E2F7
GO_Biological_Process_2023,Mitotic Sister Chromatid Cohesion (GO:0007064),3/19,0.0008481701801219675,0.0203273327913976,0,0,18.82994923857868,133.17348392535672,CDCA5;DSCC1;ESCO2
GO_Biological_Process_2023,Double-Strand Break Repair Via Homologous Recombination (GO:0000724),6/111,0.0008797280176321684,0.0203923838841292,0,0,5.801178203240059,40.816496778541776,GINS2;FEN1;CDC45;RAD51;PSMD14;AUNIP
GO_Biological_Process_2023,Mitotic Cell Cycle Phase Transition (GO:0044772),6/111,0.0008797280176321684,0.0203923838841292,0,0,5.801178203240059,40.816496778541776,CCNB2;CCNB1;MELK;UBE2C;E2F1;CDC25A
GO_Biological_Process_2023,Regulation Of DNA Replication (GO:0006275),5/75,0.0009311205889878056,0.0212355566585283,0,0,7.227106227106227,50.43885435146444,PCNA;EGF;DSCC1;ESCO2;CDC6
GO_Biological_Process_2023,Negative Regulation Of Protein Localization To Cell Periphery (GO:1904376),3/20,0.0009905301969888136,0.0218845265397216,0,0,17.721409375933113,122.5837770787782,DAB2;GBP1;BCL2L1
GO_Biological_Process_2023,Negative Regulation Of Protein Localization To Plasma Membrane (GO:1903077),3/20,0.0009905301969888136,0.0218845265397216,0,0,17.721409375933113,122.5837770787782,DAB2;GBP1;BCL2L1
GO_Biological_Process_2023,Response To Lipopolysaccharide (GO:0032496),7/159,0.0011167138545555,0.02429282138987,0,0,4.688301063539679,31.86809339418534,SELP;CXCL9;LILRB1;PPBP;PDCD1LG2;GBP2;PF4
GO_Biological_Process_2023,Cellular Response To Molecule Of Bacterial Origin (GO:0071219),6/117,0.0011567063268796,0.0247815567607255,0,0,5.48592922819727,37.096833699330126,CXCL9;LILRB1;PPBP;PDCD1LG2;GBP2;PF4
GO_Biological_Process_2023,Activation Of Protein Kinase Activity (GO:0032147),5/81,0.0013171792082121,0.0274180052290711,0,0,6.654520917678813,44.13453148372894,TPX2;ITGB3;KIF14;CLSPN;ECT2
GO_Biological_Process_2023,Dendritic Cell Differentiation (GO:0097028),3/22,0.0013185462203513,0.0274180052290711,0,0,15.854394870424793,105.13406751270358,LILRB1;CLU;BATF
GO_Biological_Process_2023,CENP-A Containing Chromatin Assembly (GO:0034080),2/6,0.0014535707837741,0.0285465151146752,0,0,49.98989898989899,326.6206097208578,HJURP;OIP5
GO_Biological_Process_2023,Regulation Of Mitotic Cytokinesis (GO:1902412),2/6,0.0014535707837741,0.0285465151146752,0,0,49.98989898989899,326.6206097208578,BIRC5;AURKB
GO_Biological_Process_2023,Bleb Assembly (GO:0032060),2/6,0.0014535707837741,0.0285465151146752,0,0,49.98989898989899,326.6206097208578,P2RX7;MYLK
GO_Biological_Process_2023,Chromatin Remodeling At Centromere (GO:0031055),2/6,0.0014535707837741,0.0285465151146752,0,0,49.98989898989899,326.6206097208578,HJURP;OIP5
GO_Biological_Process_2023,Positive Regulation Of Protein Phosphorylation (GO:0001934),11/377,0.0015041143677536,0.0291344892603233,0,0,3.090380778905369,20.086087525045137,DAB2;MMD;EGF;FAXDC2;CAV1;ITGB3;ENPP2;BIRC5;FAM20A;BMP6;AURKB
GO_Biological_Process_2023,Double-Strand Break Repair (GO:0006302),7/168,0.0015342652219323,0.0293169057271929,0,0,4.42419463843208,28.66747034750049,POLQ;FEN1;ANKLE1;RAD51;PSMD14;CDCA5;AUNIP
GO_Biological_Process_2023,Cellular Response To Lipopolysaccharide (GO:0071222),6/124,0.0015592887441538,0.0293977904564464,0,0,5.158658046479119,33.34311780301567,CXCL9;LILRB1;PPBP;PDCD1LG2;GBP2;PF4
GO_Biological_Process_2023,Regulation Of Mitotic Cell Cycle (GO:0007346),6/125,0.0016245281501544,0.029987900653717,0,0,5.115048081088105,32.85159003068434,CDC20;YWHAE;CCNB1;NEK2;MKI67;DLGAP5
GO_Biological_Process_2023,Integrin-Mediated Signaling Pathway (GO:0007229),5/85,0.0016330044910439,0.029987900653717,0,0,6.32051282051282,40.560840018013536,DAB2;ITGB5;ITGB3;ITGA2B;ITGA7
GO_Biological_Process_2023,Regulation Of Mitotic Cell Cycle Phase Transition (GO:1901990),5/86,0.0017199527409822,0.0311796560993443,0,0,6.2421652421652425,39.734243578842936,CENPF;UBE2C;KIF14;E2F1;CDC6
GO_Biological_Process_2023,Negative Regulation Of Intrinsic Apoptotic Signaling Pathway In Response To DNA Damage (GO:1902230),3/25,0.0019263332020576,0.0338267221091741,0,0,13.690355329949238,85.59397680666795,MUC1;CLU;BCL2L1
GO_Biological_Process_2023,Negative Regulation Of Protein Localization To Membrane (GO:1905476),3/25,0.0019263332020576,0.0338267221091741,0,0,13.690355329949238,85.59397680666795,DAB2;GBP1;BCL2L1
GO_Biological_Process_2023,Regulation Of Cyclin-Dependent Protein Kinase Activity (GO:1904029),4/53,0.001937740092534,0.0338267221091741,0,0,8.226155768429821,51.382484683548725,CCNB2;CCNB1;CDC6;CDC25A
GO_Biological_Process_2023,Regulation Of Chromosome Condensation (GO:0060623),2/7,0.0020216133697869,0.0344404976491413,0,0,39.98989898989899,248.09171029141777,NCAPG;NCAPH
GO_Biological_Process_2023,Positive Regulation Of Chromosome Condensation (GO:1905821),2/7,0.0020216133697869,0.0344404976491413,0,0,39.98989898989899,248.09171029141777,NCAPG;NCAPH
GO_Biological_Process_2023,Regulation Of SMAD Protein Signal Transduction (GO:0060390),3/27,0.0024141059150854,0.0406374495706043,0,0,12.548223350253808,75.62094298941223,DAB2;VEPH1;BMP6
GO_Biological_Process_2023,Signal Transduction In Response To DNA Damage (GO:0042770),4/57,0.0025341401417975,0.0416083868058355,0,0,7.60377358490566,45.45460491125239,E2F1;CLSPN;E2F7;BATF
GO_Biological_Process_2023,GMP Metabolic Process (GO:0046037),2/8,0.0026777674677022,0.0416083868058355,0,0,33.323232323232325,197.36590289038227,GART;PRTFDC1
GO_Biological_Process_2023,Regulation Of Mitotic Centrosome Separation (GO:0046602),2/8,0.0026777674677022,0.0416083868058355,0,0,33.323232323232325,197.36590289038227,NEK2;KIF11
GO_Biological_Process_2023,Regulation Of Mitotic Sister Chromatid Segregation (GO:0033047),2/8,0.0026777674677022,0.0416083868058355,0,0,33.323232323232325,197.36590289038227,CCNB1;AURKB
GO_Biological_Process_2023,Regulation Of Sister Chromatid Cohesion (GO:0007063),2/8,0.0026777674677022,0.0416083868058355,0,0,33.323232323232325,197.36590289038227,FEN1;BUB1
GO_Biological_Process_2023,Tetrahydrofolate Interconversion (GO:0035999),2/8,0.0026777674677022,0.0416083868058355,0,0,33.323232323232325,197.36590289038227,MTHFD2;TYMS
GO_Biological_Process_2023,Positive Regulation Of Ubiquitin Protein Ligase Activity (GO:1904668),2/8,0.0026777674677022,0.0416083868058355,0,0,33.323232323232325,197.36590289038227,CDC20;UBE2C
GO_Biological_Process_2023,Positive Regulation Of Cold-Induced Thermogenesis (GO:0120162),5/98,0.003046494595945,0.0468232973768073,0,0,5.433416046319272,31.47992845042133,MUC1;FABP5;SCD;CAV1;LCN2
GO_Biological_Process_2023,Antimicrobial Humoral Response (GO:0019730),5/100,0.0033238214487381,0.0495522944370534,0,0,5.318488529014845,30.350700013257832,H2BC12;CXCL9;H2BC11;PPBP;PF4
GO_Biological_Process_2023,Response To UV (GO:0009411),5/100,0.0033238214487381,0.0495522944370534,0,0,5.318488529014845,30.350700013257832,FEN1;PCNA;PCLAF;CDC25A;AURKB
GO_Biological_Process_2023,Positive Regulation Of Programmed Cell Death (GO:0043068),8/245,0.0033291852698161,0.0495522944370534,0,0,3.439345991561181,19.621564043895344,MELK;CASP3;E2F1;LILRB1;ECT2;GBP2;CLU;GBP1
GO_Biological_Process_2023,Positive Regulation Of RNA Biosynthetic Process (GO:1902680),2/9,0.0034202318391573,0.0498578125831798,0,0,28.561327561327563,162.17255858986445,GINS2;GINS3
GO_Biological_Process_2023,Kinetochore Assembly (GO:0051382),2/9,0.0034202318391573,0.0498578125831798,0,0,28.561327561327563,162.17255858986445,CENPF;DLGAP5
GO_Biological_Process_2023,Removal Of Superoxide Radicals (GO:0019430),2/10,0.0042472321345398,0.0600558623823933,0,0,24.98989898989899,136.4820277236255,NQO1;PRDX1
GO_Biological_Process_2023,Positive Regulation Of Attachment Of Spindle Microtubules To Kinetochore (GO:0051987),2/10,0.0042472321345398,0.0600558623823933,0,0,24.98989898989899,136.4820277236255,CCNB1;BIRC5
GO_Biological_Process_2023,Fatty Acid Beta-Oxidation Using acyl-CoA Dehydrogenase (GO:0033539),2/10,0.0042472321345398,0.0600558623823933,0,0,24.98989898989899,136.4820277236255,ETFDH;ETFA
GO_Biological_Process_2023,Regulation Of Amyloid-Beta Formation (GO:1902003),3/33,0.0043094538934011,0.0603323545076156,0,0,10.03553299492386,54.6629871343117,RTN2;CASP3;CLU
GO_Biological_Process_2023,Defense Response To Bacterium (GO:0042742),7/204,0.0045292692980482,0.0627881057592174,0,0,3.609084453328424,19.478931322236253,SELP;H2BC12;H2BC11;SLAMF8;LCN2;GBP2;GBP1
GO_Biological_Process_2023,Positive Regulation Of Metabolic Process (GO:0009893),5/108,0.0046165456406343,0.0633766556879322,0,0,4.9034105053522525,26.371073964885344,MUC1;FABP5;SCD;CAV1;LCN2
GO_Biological_Process_2023,Negative Regulation Of Cell Cycle Process (GO:0010948),3/34,0.0046920695585813,0.0637940995753265,0,0,9.711314884558703,52.07091984713094,NEK2;AURKB;E2F7
GO_Biological_Process_2023,Cell-Matrix Adhesion (GO:0007160),5/109,0.004800042097825,0.0646405669173771,0,0,4.856015779092703,25.9269023952046,ITGB5;CTTN;ITGB3;ITGA2B;ITGA7
GO_Biological_Process_2023,Cellular Response To Superoxide (GO:0071451),2/11,0.0051570205394645,0.0681497854467561,0,0,22.21212121212121,117.00004466783103,NQO1;PRDX1
GO_Biological_Process_2023,Tetrahydrofolate Metabolic Process (GO:0046653),2/11,0.0051570205394645,0.0681497854467561,0,0,22.21212121212121,117.00004466783103,MTHFD2;TYMS
GO_Biological_Process_2023,Neutrophil Chemotaxis (GO:0030593),4/70,0.0053199003877868,0.0696512884104685,0,0,6.1020408163265305,31.95212059737399,CXCL9;SRP54;PPBP;PF4
GO_Biological_Process_2023,DNA Damage Response (GO:0006974),10/384,0.0054366685673735,0.0705270582960203,0,0,2.73374613003096,14.255361955553308,POLQ;FEN1;ANKLE1;RAD51;PCLAF;FANCA;E2F1;MCM10;BATF;BCL2L1
GO_Biological_Process_2023,Regulation Of Chromosome Separation (GO:1905818),2/12,0.0061478754316609,0.0786080959755126,0,0,19.98989898989899,101.78154350719132,NCAPG;NCAPH
GO_Biological_Process_2023,Granulocyte Chemotaxis (GO:0071621),4/73,0.0061707911267906,0.0786080959755126,0,0,5.835847382431234,29.692372629986004,CXCL9;SRP54;PPBP;PF4
GO_Biological_Process_2023,G2/M Transition Of Mitotic Cell Cycle (GO:0000086),3/38,0.0064242870484076,0.0811066239861469,0,0,8.599709934735316,43.40849457481817,CCNB1;MELK;CDC25A
GO_Biological_Process_2023,Negative Regulation Of Transport (GO:0051051),3/39,0.006909073873999,0.0864551367949972,0,0,8.360406091370558,41.59234877252794,EGF;ITGB3;LILRB1
GO_Biological_Process_2023,Negative Regulation Of Interleukin-12 Production (GO:0032695),2/13,0.0072181010363148,0.0887512596986888,0,0,18.171717171717173,89.6077061786221,LILRB1;JAK3
GO_Biological_Process_2023,Membrane Depolarization (GO:0051899),2/13,0.0072181010363148,0.0887512596986888,0,0,18.171717171717173,89.6077061786221,P2RX7;CAV1
GO_Biological_Process_2023,Neutrophil Migration (GO:1990266),4/77,0.0074396227671372,0.089911338399419,0,0,5.514956667598546,27.02844489893672,CXCL9;SRP54;PPBP;PF4
GO_Biological_Process_2023,Monoatomic Cation Homeostasis (GO:0055080),4/77,0.0074396227671372,0.089911338399419,0,0,5.514956667598546,27.02844489893672,CAV1;SLC39A8;FAM20A;BMP6
GO_Biological_Process_2023,Cellular Response To Oxygen-Containing Compound (GO:1901701),10/406,0.0079215548818352,0.0949243949399576,0,0,2.5789473684210527,12.477380035740724,P2RX7;CXCL9;GUCY1B1;LILRB1;PPBP;PDCD1LG2;ECT2;GBP2;CLU;PF4
GO_Biological_Process_2023,Regulation Of Cyclin-Dependent Protein Serine/Threonine Kinase Activity (GO:0000079),4/79,0.0081338984677975,0.095844436945548,0,0,5.36734693877551,25.826143528716216,CCNB2;CCNB1;CDC6;CDC25A
GO_Biological_Process_2023,Negative Regulation Of Cellular Component Organization (GO:0051129),4/79,0.0081338984677975,0.095844436945548,0,0,5.36734693877551,25.826143528716216,LILRB1;HSPA2;CLU;BMP6
GO_Biological_Process_2023,Regulation Of Exit From Mitosis (GO:0007096),2/14,0.0083660270881822,0.0961753032738998,0,0,16.656565656565657,79.67795051677446,UBE2C;CDCA5
GO_Biological_Process_2023,Regulation Of Integrin Activation (GO:0033623),2/14,0.0083660270881822,0.0961753032738998,0,0,16.656565656565657,79.67795051677446,SELP;KIF14
GO_Biological_Process_2023,Electron Transport Chain (GO:0022900),2/14,0.0083660270881822,0.0961753032738998,0,0,16.656565656565657,79.67795051677446,ETFDH;ETFA
GO_Biological_Process_2023,Positive Regulation Of Calcium Ion Transmembrane Transport (GO:1904427),3/42,0.0084912352718872,0.0968274731810369,0,0,7.716126513080828,36.79605293636041,P2RX7;CXCL9;CAV1
GO_Biological_Process_2023,DNA Metabolic Process (GO:0006259),8/288,0.0086149855968852,0.0974527170719655,0,0,2.9047619047619047,13.809970330141509,POLQ;FEN1;CDC45;RAD51;PCLAF;FANCA;MCM10;TYMS
GO_Biological_Process_2023,Positive Regulation Of Phosphorylation (GO:0042327),7/231,0.008754531092666,0.0982452933732518,0,0,3.1696891191709846,15.018569868411172,DAB2;EGF;FAXDC2;ITGB3;BIRC5;FAM20A;AURKB
GO_Biological_Process_2023,Spindle Assembly (GO:0051225),4/81,0.0088693778840417,0.0987503962837399,0,0,5.227405247813411,24.700277159233604,TPX2;KIFC1;NEK2;KIF11
GO_Biological_Process_2023,Positive Regulation Of Receptor-Mediated Endocytosis (GO:0048260),3/43,0.0090618828226133,0.100105486806057,0,0,7.522842639593908,35.3850321555175,DAB2;EGF;CLU
GO_Biological_Process_2023,Negative Regulation Of Immune Effector Process (GO:0002698),2/15,0.0095900084936835,0.1017973247089258,0,0,15.374514374514376,71.44588341233826,SLAMF8;LILRB1
GO_Biological_Process_2023,Regulation Of Intrinsic Apoptotic Signaling Pathway In Response To DNA Damage (GO:1902229),2/15,0.0095900084936835,0.1017973247089258,0,0,15.374514374514376,71.44588341233826,CLU;BCL2L1
GO_Biological_Process_2023,Folic Acid-Containing Compound Metabolic Process (GO:0006760),2/15,0.0095900084936835,0.1017973247089258,0,0,15.374514374514376,71.44588341233826,MTHFD2;GGH
GO_Biological_Process_2023,Protein Homooligomerization (GO:0051260),5/129,0.009644413789602,0.1017973247089258,0,0,4.0686517783291976,18.8841443972766,POLQ;TIFA;TK1;ECT2;CLU
GO_Biological_Process_2023,Positive Regulation Of Proteasomal Ubiquitin-Dependent Protein Catabolic Process (GO:0032436),4/83,0.0096469883387525,0.1017973247089258,0,0,5.094549212089899,23.6443607545466,CDC20;DAB2;CAV1;CLU
GO_Biological_Process_2023,Regulation Of Cell Division (GO:0051302),4/83,0.0096469883387525,0.1017973247089258,0,0,5.094549212089899,23.6443607545466,KIF18B;KIF20A;AURKB;BCL2L1
GO_Biological_Process_2023,Negative Regulation Of Release Of Cytochrome C From Mitochondria (GO:0090201),2/16,0.0108884250018907,0.1109433589835796,0,0,14.275613275613276,64.52655688502057,CLU;BCL2L1
GO_Biological_Process_2023,Negative Regulation Of Amyloid-Beta Formation (GO:1902430),2/16,0.0108884250018907,0.1109433589835796,0,0,14.275613275613276,64.52655688502057,RTN2;CLU
GO_Biological_Process_2023,Negative Regulation Of Cytokine Production Involved In Immune Response (GO:0002719),2/16,0.0108884250018907,0.1109433589835796,0,0,14.275613275613276,64.52655688502057,LILRB1;JAK3
GO_Biological_Process_2023,Negative Regulation Of Binding (GO:0051100),4/86,0.0108943363724642,0.1109433589835796,0,0,4.90741662518666,22.179129424034084,DAB2;CAV1;E2F1;AURKB
GO_Biological_Process_2023,Regulation Of Interleukin-10 Production (GO:0032653),3/46,0.0109060303385555,0.1109433589835796,0,0,6.996930704757408,31.61520738006147,LILRB1;PDCD1LG2;JAK3
GO_Biological_Process_2023,Non-Membrane-Bounded Organelle Assembly (GO:0140694),5/135,0.0115840016535314,0.116343548705093,0,0,3.8796844181459567,17.296138661286985,CENPF;NEK2;MYL9;CENPA;DLGAP5
GO_Biological_Process_2023,Post-Translational Protein Modification (GO:0043687),3/48,0.0122470965035044,0.116343548705093,0,0,6.685279187817259,29.431716933517144,DSCC1;ESCO2;AURKB
GO_Biological_Process_2023,Regulation Of DNA Binding (GO:0051101),3/48,0.0122470965035044,0.116343548705093,0,0,6.685279187817259,29.431716933517144,EGF;HJURP;E2F1
GO_Biological_Process_2023,"DNA Damage Response, Signal Transduction By P53 Class Mediator Resulting In Cell Cycle Arrest (GO:0006977)",2/17,0.0122596808748648,0.116343548705093,0,0,13.323232323232324,58.64139939765107,MUC1;GTSE1
GO_Biological_Process_2023,Regulation Of Receptor Signaling Pathway Via STAT (GO:1904892),2/17,0.0122596808748648,0.116343548705093,0,0,13.323232323232324,58.64139939765107,EGF;JAK3
GO_Biological_Process_2023,Cellular Response To Alkaloid (GO:0071312),2/17,0.0122596808748648,0.116343548705093,0,0,13.323232323232324,58.64139939765107,RAD51;CASP3
GO_Biological_Process_2023,Regulation Of Ubiquitin Protein Ligase Activity (GO:1904666),2/17,0.0122596808748648,0.116343548705093,0,0,13.323232323232324,58.64139939765107,CDC20;UBE2C
GO_Biological_Process_2023,Positive Regulation Of SMAD Protein Signal Transduction (GO:0060391),2/17,0.0122596808748648,0.116343548705093,0,0,13.323232323232324,58.64139939765107,DAB2;BMP6
GO_Biological_Process_2023,Positive Regulation Of Amyloid-Beta Formation (GO:1902004),2/17,0.0122596808748648,0.116343548705093,0,0,13.323232323232324,58.64139939765107,CASP3;CLU
GO_Biological_Process_2023,Microtubule Depolymerization (GO:0007019),2/17,0.0122596808748648,0.116343548705093,0,0,13.323232323232324,58.64139939765107,KIF18B;KIF14
GO_Biological_Process_2023,Fatty Acid Beta-Oxidation (GO:0006635),3/49,0.0129514996055504,0.1212809300811147,0,0,6.539615978812624,28.42472661929245,ACAA2;ETFDH;ETFA
GO_Biological_Process_2023,Negative Regulation Of T Cell Activation (GO:0050868),3/49,0.0129514996055504,0.1212809300811147,0,0,6.539615978812624,28.42472661929245,LILRB1;PDCD1LG2;JAK3
GO_Biological_Process_2023,Positive Regulation Of DNA Replication (GO:0045740),2/18,0.0137022045657748,0.1241981875384977,0,0,12.48989898989899,53.58414643474309,PCNA;EGF
GO_Biological_Process_2023,Response To Organophosphorus (GO:0046683),2/18,0.0137022045657748,0.1241981875384977,0,0,12.48989898989899,53.58414643474309,P2RX7;TYMS
GO_Biological_Process_2023,"Protein Localization To Chromosome, Centromeric Region (GO:0071459)",2/18,0.0137022045657748,0.1241981875384977,0,0,12.48989898989899,53.58414643474309,H2BC11;CENPA
GO_Biological_Process_2023,Negative Regulation Of Amyloid Precursor Protein Catabolic Process (GO:1902992),2/18,0.0137022045657748,0.1241981875384977,0,0,12.48989898989899,53.58414643474309,RTN2;CLU
GO_Biological_Process_2023,Regulation Of Cell Cycle G2/M Phase Transition (GO:1902749),2/18,0.0137022045657748,0.1241981875384977,0,0,12.48989898989899,53.58414643474309,CENPF;KIF14
GO_Biological_Process_2023,Regulation Of Endothelial Cell Proliferation (GO:0001936),4/93,0.0141968234235646,0.1278618364389836,0,0,4.519834900252236,19.23070897367363,SPARC;EGF;ITGB3;CAV1
GO_Biological_Process_2023,Rho Protein Signal Transduction (GO:0007266),3/52,0.0152014163710364,0.1306413537549985,0,0,6.1382989744121,25.69717025640832,RACGAP1;CTNNAL1;RHOBTB1
GO_Biological_Process_2023,Regulation Of Megakaryocyte Differentiation (GO:0045652),2/19,0.0152144484017713,0.1306413537549985,0,0,11.754604872251932,49.19901329869125,FAXDC2;PF4
GO_Biological_Process_2023,Regulation Of Nuclear Division (GO:0051783),2/19,0.0152144484017713,0.1306413537549985,0,0,11.754604872251932,49.19901329869125,NEK2;MKI67
GO_Biological_Process_2023,Nucleotide Biosynthetic Process (GO:0009165),2/19,0.0152144484017713,0.1306413537549985,0,0,11.754604872251932,49.19901329869125,RRM2;GART
GO_Biological_Process_2023,Release Of Cytochrome C From Mitochondria (GO:0001836),2/19,0.0152144484017713,0.1306413537549985,0,0,11.754604872251932,49.19901329869125,CLU;BCL2L1
GO_Biological_Process_2023,Leukocyte Adhesion To Vascular Endothelial Cell (GO:0061756),2/19,0.0152144484017713,0.1306413537549985,0,0,11.754604872251932,49.19901329869125,SELP;SLC39A8
GO_Biological_Process_2023,Positive Regulation Of Epithelial Cell Migration (GO:0010634),4/95,0.0152445709827261,0.1306413537549985,0,0,4.4200493384166855,18.491417143603503,SPARC;EGF;ITGB3;ENPP2
GO_Biological_Process_2023,Recombinational Repair (GO:0000725),4/95,0.0152445709827261,0.1306413537549985,0,0,4.4200493384166855,18.491417143603503,FEN1;RAD51;PSMD14;AUNIP
GO_Biological_Process_2023,Regulation Of Cold-Induced Thermogenesis (GO:0120161),5/146,0.0157987425166026,0.1345748308341932,0,0,3.575013638843426,14.828530695116717,MUC1;FABP5;SCD;CAV1;LCN2
GO_Biological_Process_2023,Regulation Of Receptor Signaling Pathway Via JAK-STAT (GO:0046425),3/53,0.0159972388139271,0.1354496747478623,0,0,6.01522842639594,24.875009582390742,EGF;CAV1;JAK3
GO_Biological_Process_2023,Positive Regulation Of Multicellular Organismal Process (GO:0051240),9/387,0.0161877073011769,0.1362465364515729,0,0,2.421091997008227,9.983380435801871,DAB2;MUC1;FABP5;EGF;SCD;TGFB1I1;CAV1;LCN2;BATF
GO_Biological_Process_2023,DNA Methylation (GO:0006306),2/20,0.0167948882548689,0.1388770291952322,0,0,11.1010101010101,45.36628383483138,SPOCD1;ZFP57
GO_Biological_Process_2023,Calcium-Mediated Signaling Using Intracellular Calcium Source (GO:0035584),2/20,0.0167948882548689,0.1388770291952322,0,0,11.1010101010101,45.36628383483138,SELP;CLU
GO_Biological_Process_2023,Regulation Of Smooth Muscle Contraction (GO:0006940),2/20,0.0167948882548689,0.1388770291952322,0,0,11.1010101010101,45.36628383483138,CTTN;CAV1
GO_Biological_Process_2023,Regulation Of Protein Phosphorylation (GO:0001932),7/265,0.0175090513330999,0.143940689447694,0,0,2.7471984576454997,11.112520266650476,DAB2;FAXDC2;ITGB3;BIRC5;FAM20A;ECT2;AURKB
GO_Biological_Process_2023,Protein-Containing Complex Assembly (GO:0065003),8/328,0.0176835175473347,0.1445346463117421,0,0,2.536458333333333,10.234919546478446,P2RX7;CENPF;SRP54;FANCA;CENPA;CLU;GBP1;DLGAP5
GO_Biological_Process_2023,DNA Replication Initiation (GO:0006270),2/21,0.0184420232483939,0.1465001172653318,0,0,10.516214779372676,41.9925427496273,CDC45;MCM10
GO_Biological_Process_2023,Anaphase-Promoting Complex-Dependent Catabolic Process (GO:0031145),2/21,0.0184420232483939,0.1465001172653318,0,0,10.516214779372676,41.9925427496273,CDC20;UBE2C
GO_Biological_Process_2023,Positive Regulation Of G2/M Transition Of Mitotic Cell Cycle (GO:0010971),2/21,0.0184420232483939,0.1465001172653318,0,0,10.516214779372676,41.9925427496273,CCNB1;CDC25A
GO_Biological_Process_2023,Positive Regulation Of Amyloid Precursor Protein Catabolic Process (GO:1902993),2/21,0.0184420232483939,0.1465001172653318,0,0,10.516214779372676,41.9925427496273,CASP3;CLU
GO_Biological_Process_2023,Innate Immune Response In Mucosa (GO:0002227),2/21,0.0184420232483939,0.1465001172653318,0,0,10.516214779372676,41.9925427496273,H2BC12;H2BC11
GO_Biological_Process_2023,Chemokine-Mediated Signaling Pathway (GO:0070098),3/57,0.0194114444537247,0.1524876803198158,0,0,5.568527918781726,21.95053825283205,CXCL9;PPBP;PF4
GO_Biological_Process_2023,Regulation Of Calcium Ion Transport (GO:0051924),3/57,0.0194114444537247,0.1524876803198158,0,0,5.568527918781726,21.95053825283205,EGF;LILRB1;MYLK
GO_Biological_Process_2023,Negative Regulation Of Extrinsic Apoptotic Signaling Pathway In Absence Of Ligand (GO:2001240),2/22,0.0201543754357544,0.1540447938711179,0,0,9.98989898989899,39.00390099361183,BCL2L1;PF4
GO_Biological_Process_2023,Negative Regulation Of Signal Transduction In Absence Of Ligand (GO:1901099),2/22,0.0201543754357544,0.1540447938711179,0,0,9.98989898989899,39.00390099361183,BCL2L1;PF4
GO_Biological_Process_2023,Regulation Of Regulatory T Cell Differentiation (GO:0045589),2/22,0.0201543754357544,0.1540447938711179,0,0,9.98989898989899,39.00390099361183,LAG3;FANCA
GO_Biological_Process_2023,Regulation Of Telomere Capping (GO:1904353),2/22,0.0201543754357544,0.1540447938711179,0,0,9.98989898989899,39.00390099361183,NEK2;AURKB
GO_Biological_Process_2023,Postreplication Repair (GO:0006301),2/22,0.0201543754357544,0.1540447938711179,0,0,9.98989898989899,39.00390099361183,PCNA;PCLAF
GO_Biological_Process_2023,Cellular Response To Chemokine (GO:1990869),3/59,0.0212576490223405,0.1607396562437941,0,0,5.369108049311095,20.676641778420727,CXCL9;PPBP;PF4
GO_Biological_Process_2023,protein-DNA Complex Assembly (GO:0065004),3/59,0.0212576490223405,0.1607396562437941,0,0,5.369108049311095,20.676641778420727,H2BC15;RAD51;H2BC11
GO_Biological_Process_2023,Regulation Of G1/S Transition Of Mitotic Cell Cycle (GO:2000045),4/106,0.0218728194145835,0.1623545138705084,0,0,3.941176470588236,15.06518858152958,RRM2;KIF14;E2F1;E2F7
GO_Biological_Process_2023,Translesion Synthesis (GO:0019985),2/23,0.02193048949736,0.1623545138705084,0,0,9.513708513708512,36.34120010270031,PCNA;PCLAF
GO_Biological_Process_2023,Long-Chain Fatty Acid Transport (GO:0015909),2/23,0.02193048949736,0.1623545138705084,0,0,9.513708513708512,36.34120010270031,CPT1A;FABP5
GO_Biological_Process_2023,Microtubule Nucleation (GO:0007020),2/23,0.02193048949736,0.1623545138705084,0,0,9.513708513708512,36.34120010270031,TPX2;TUBG1
GO_Biological_Process_2023,Positive Regulation Of Gene Expression (GO:0010628),10/480,0.0229766638758522,0.1692135558357036,0,0,2.16461366181411,8.167685195467971,P2RX7;EGF;PRR16;E2F1;LILRB1;CLU;BMP6;BATF;LIMS1;PF4
GO_Biological_Process_2023,Positive Regulation Of Cell Cycle G2/M Phase Transition (GO:1902751),2/24,0.0237689324469591,0.1706054339086306,0,0,9.08080808080808,33.956554984338226,CCNB1;CDC25A
GO_Biological_Process_2023,Response To Purine-Containing Compound (GO:0014074),2/24,0.0237689324469591,0.1706054339086306,0,0,9.08080808080808,33.956554984338226,P2RX7;CLU
GO_Biological_Process_2023,Positive Regulation Of Cellular Response To Transforming Growth Factor Beta Stimulus (GO:1903846),2/24,0.0237689324469591,0.1706054339086306,0,0,9.08080808080808,33.956554984338226,DAB2;TGFB1I1
GO_Biological_Process_2023,Positive Regulation Of Transforming Growth Factor Beta Receptor Signaling Pathway (GO:0030511),2/24,0.0237689324469591,0.1706054339086306,0,0,9.08080808080808,33.956554984338226,DAB2;TGFB1I1
GO_Biological_Process_2023,Mononuclear Cell Differentiation (GO:1903131),2/24,0.0237689324469591,0.1706054339086306,0,0,9.08080808080808,33.956554984338226,LILRB1;CLU
GO_Biological_Process_2023,G1/S Transition Of Mitotic Cell Cycle (GO:0000082),3/63,0.0252288983054118,0.1794745186061902,0,0,5.01015228426396,18.43618393885774,E2F1;E2F2;CDC25A
GO_Biological_Process_2023,Regulation Of Apoptotic Process (GO:0042981),13/705,0.0253194113003921,0.1794745186061902,0,0,1.9196006305832896,7.05680499469057,KIF14;LILRB1;ETFA;CLU;DAB2;MELK;CASP3;PIM1;E2F1;BIRC5;ECT2;JAK3;BCL2L1
GO_Biological_Process_2023,Regulation Of Transforming Growth Factor Beta Receptor Signaling Pathway (GO:0017015),4/111,0.0253853633106351,0.1794745186061902,0,0,3.75605569330536,13.798180534058352,DAB2;CAV1;TGFB1I1;VEPH1
GO_Biological_Process_2023,Negative Regulation Of Response To Endoplasmic Reticulum Stress (GO:1903573),2/25,0.0256682933201663,0.1805719739040557,0,0,8.685551163812033,31.810820468950148,CLU;BCL2L1
GO_Biological_Process_2023,Positive Regulation Of Protein Modification Process (GO:0031401),6/225,0.0258945228288954,0.1812616598022678,0,0,2.7652873887868945,10.103596364026355,DAB2;FAXDC2;ITGB3;BIRC5;FAM20A;AURKB
GO_Biological_Process_2023,Regulation Of Protein Serine/Threonine Kinase Activity (GO:0071900),4/112,0.0261262456633504,0.1819828146205792,0,0,3.7210884353741496,13.562678532314376,CCNB2;CCNB1;CDC6;CDC25A
GO_Biological_Process_2023,Cellular Response To Light Stimulus (GO:0071482),3/65,0.0273538141573354,0.1878117145267007,0,0,4.848043229081382,17.447619395780233,PCNA;CDC25A;AURKB
GO_Biological_Process_2023,Cellular Response To Lipid (GO:0071396),6/228,0.0273926779852129,0.1878117145267007,0,0,2.7275006965728616,9.81212791884465,CXCL9;LILRB1;PPBP;PDCD1LG2;GBP2;PF4
GO_Biological_Process_2023,Nucleic Acid Phosphodiester Bond Hydrolysis (GO:0090305),2/26,0.0276271829006745,0.1878117145267007,0,0,8.323232323232324,29.871707121892776,FEN1;ANKLE1
GO_Biological_Process_2023,Positive Regulation Of Nuclear Division (GO:0051785),2/26,0.0276271829006745,0.1878117145267007,0,0,8.323232323232324,29.871707121892776,EGF;NUSAP1
GO_Biological_Process_2023,Mitotic G1 DNA Damage Checkpoint Signaling (GO:0031571),2/26,0.0276271829006745,0.1878117145267007,0,0,8.323232323232324,29.871707121892776,MUC1;GTSE1
GO_Biological_Process_2023,Regulation Of Endocytosis (GO:0030100),3/66,0.0284510080327513,0.1924867242024421,0,0,4.7708484408992025,16.982177034654356,RUFY1;DAB2;LILRB1
GO_Biological_Process_2023,DNA Synthesis Involved In DNA Repair (GO:0000731),2/27,0.0296442334084981,0.1958735796243759,0,0,7.98989898989899,28.11236101024157,PCNA;PCLAF
GO_Biological_Process_2023,Regulation Of Extrinsic Apoptotic Signaling Pathway In Absence Of Ligand (GO:2001239),2/27,0.0296442334084981,0.1958735796243759,0,0,7.98989898989899,28.11236101024157,BCL2L1;PF4
GO_Biological_Process_2023,Regulation Of Microtubule Polymerization Or Depolymerization (GO:0031110),2/27,0.0296442334084981,0.1958735796243759,0,0,7.98989898989899,28.11236101024157,SKA3;SKA1
GO_Biological_Process_2023,Positive Regulation Of Ubiquitin-Protein Transferase Activity (GO:0051443),2/27,0.0296442334084981,0.1958735796243759,0,0,7.98989898989899,28.11236101024157,CDC20;UBE2C
GO_Biological_Process_2023,Microtubule Polymerization Or Depolymerization (GO:0031109),2/27,0.0296442334084981,0.1958735796243759,0,0,7.98989898989899,28.11236101024157,KIF18B;KIF14
GO_Biological_Process_2023,Positive Regulation Of Macromolecule Metabolic Process (GO:0010604),8/364,0.0304438181530988,0.2002212040394501,0,0,2.275749063670412,7.946625166691537,P2RX7;EGF;E2F1;LILRB1;CLU;BMP6;LIMS1;PF4
GO_Biological_Process_2023,Negative Regulation Of Type II Interferon Production (GO:0032689),2/28,0.0317180982356202,0.2047917392930002,0,0,7.682206682206682,26.51027997028578,LILRB1;PDCD1LG2
GO_Biological_Process_2023,Protein Depolymerization (GO:0051261),2/28,0.0317180982356202,0.2047917392930002,0,0,7.682206682206682,26.51027997028578,KIF18B;KIF14
GO_Biological_Process_2023,Mucosal Immune Response (GO:0002385),2/28,0.0317180982356202,0.2047917392930002,0,0,7.682206682206682,26.51027997028578,H2BC12;H2BC11
GO_Biological_Process_2023,Regulation Of Bone Resorption (GO:0045124),2/28,0.0317180982356202,0.2047917392930002,0,0,7.682206682206682,26.51027997028578,P2RX7;ITGB3
GO_Biological_Process_2023,Regulation Of Monoatomic Ion Transmembrane Transport (GO:0034765),2/29,0.0338474516440146,0.2146201642360388,0,0,7.397306397306397,25.046477343523872,P2RX7;KCNJ10
GO_Biological_Process_2023,Regulation Of Muscle Contraction (GO:0006937),2/29,0.0338474516440146,0.2146201642360388,0,0,7.397306397306397,25.046477343523872,CAV1;MYL9
GO_Biological_Process_2023,Heterotypic Cell-Cell Adhesion (GO:0034113),2/29,0.0338474516440146,0.2146201642360388,0,0,7.397306397306397,25.046477343523872,ITGB3;ITGA7
GO_Biological_Process_2023,Protein Acetylation (GO:0006473),2/29,0.0338474516440146,0.2146201642360388,0,0,7.397306397306397,25.046477343523872,DSCC1;ESCO2
GO_Biological_Process_2023,Receptor-Mediated Endocytosis (GO:0006898),4/122,0.0342493059193995,0.2154465729377566,0,0,3.4040124524386024,11.485440902215585,DAB2;CTTN;CAV1;LILRB1
GO_Biological_Process_2023,Negative Regulation Of Protein Binding (GO:0032091),3/71,0.0342825169101805,0.2154465729377566,0,0,4.418931024186325,14.905583581524706,DAB2;CAV1;AURKB
GO_Biological_Process_2023,Regulation Of Macrophage Derived Foam Cell Differentiation (GO:0010743),2/30,0.0360309884965366,0.2244397257008933,0,0,7.132756132756133,23.70482996930019,ITGB3;PF4
GO_Biological_Process_2023,Lamellipodium Organization (GO:0097581),2/30,0.0360309884965366,0.2244397257008933,0,0,7.132756132756133,23.70482996930019,ABLIM3;CTTN
GO_Biological_Process_2023,Response To Cytokine (GO:0034097),4/125,0.0369417778707116,0.2291038329350276,0,0,3.3191094619666046,10.947791065360018,SELP;CASP3;JAK3;BCL2L1
GO_Biological_Process_2023,Regulation Of Extrinsic Apoptotic Signaling Pathway Via Death Domain Receptors (GO:1902041),2/31,0.0382674239788824,0.2320188131087628,0,0,6.886450714036921,22.47156498788087,ETFA;BCL2L1
GO_Biological_Process_2023,Positive Regulation Of G1/S Transition Of Mitotic Cell Cycle (GO:1900087),2/31,0.0382674239788824,0.2320188131087628,0,0,6.886450714036921,22.47156498788087,RRM2;CDC6
GO_Biological_Process_2023,Endodermal Cell Differentiation (GO:0035987),2/31,0.0382674239788824,0.2320188131087628,0,0,6.886450714036921,22.47156498788087,ITGB5;ITGA7
GO_Biological_Process_2023,Positive Regulation Of Proteolysis Involved In Protein Catabolic Process (GO:1903052),2/31,0.0382674239788824,0.2320188131087628,0,0,6.886450714036921,22.47156498788087,PSMC2;CLU
GO_Biological_Process_2023,Protein Localization To Chromatin (GO:0071168),2/31,0.0382674239788824,0.2320188131087628,0,0,6.886450714036921,22.47156498788087,H2BC11;CENPA
GO_Biological_Process_2023,Protein Transport (GO:0015031),7/313,0.0383963240929635,0.2320188131087628,0,0,2.3105760438890584,7.532000886309119,RUFY1;CTSA;CENPF;CTTN;GOLPH3L;COPG1;CLU
GO_Biological_Process_2023,Positive Regulation Of Intracellular Signal Transduction (GO:1902533),10/525,0.0388554081633872,0.2337938176299131,0,0,1.970873786407767,6.401216748885163,SELP;DAB2;EGF;CAV1;TIFA;ETFA;ALPK1;ECT2;BMP6;LIMS1
GO_Biological_Process_2023,Defense Response To Gram-negative Bacterium (GO:0050829),3/75,0.0393585070908985,0.2358174958751294,0,0,4.1725888324873095,13.498504866555718,H2BC12;SELP;H2BC11
GO_Biological_Process_2023,Regulation Of Metaphase/Anaphase Transition Of Cell Cycle (GO:1902099),2/32,0.0405554933220173,0.2399391948005542,0,0,6.656565656565657,21.334852328849312,UBE2C;CDC6
GO_Biological_Process_2023,Regulation Of Transmembrane Transport (GO:0034762),2/32,0.0405554933220173,0.2399391948005542,0,0,6.656565656565657,21.334852328849312,KCNJ10;PIM1
GO_Biological_Process_2023,Positive Regulation Of Telomere Maintenance Via Telomerase (GO:0032212),2/32,0.0405554933220173,0.2399391948005542,0,0,6.656565656565657,21.334852328849312,NEK2;AURKB
GO_Biological_Process_2023,Actomyosin Structure Organization (GO:0031032),3/77,0.0420316296186853,0.2423305283103788,0,0,4.059404582247222,12.865604326296657,FRMD3;ITGB5;MYL9
GO_Biological_Process_2023,Negative Regulation Of Transforming Growth Factor Beta Receptor Signaling Pathway (GO:0030512),3/77,0.0420316296186853,0.2423305283103788,0,0,4.059404582247222,12.865604326296657,TGFB1I1;CAV1;VEPH1
GO_Biological_Process_2023,Negative Regulation Of Double-Strand Break Repair (GO:2000780),2/33,0.0428939515536669,0.2423305283103788,0,0,6.4415118931247966,20.28447846195992,POLQ;AUNIP
GO_Biological_Process_2023,Negative Regulation Of Endocytosis (GO:0045806),2/33,0.0428939515536669,0.2423305283103788,0,0,6.4415118931247966,20.28447846195992,CAV1;LILRB1
GO_Biological_Process_2023,Regulation Of Potassium Ion Transmembrane Transport (GO:1901379),2/33,0.0428939515536669,0.2423305283103788,0,0,6.4415118931247966,20.28447846195992,YWHAE;CAV1
GO_Biological_Process_2023,Signal Transduction By P53 Class Mediator (GO:0072331),2/33,0.0428939515536669,0.2423305283103788,0,0,6.4415118931247966,20.28447846195992,E2F7;BATF
GO_Biological_Process_2023,intra-Golgi Vesicle-Mediated Transport (GO:0006891),2/33,0.0428939515536669,0.2423305283103788,0,0,6.4415118931247966,20.28447846195992,TRAPPC3L;COPG1
GO_Biological_Process_2023,Positive Regulation Of Telomerase Activity (GO:0051973),2/33,0.0428939515536669,0.2423305283103788,0,0,6.4415118931247966,20.28447846195992,NEK2;AURKB
GO_Biological_Process_2023,Organonitrogen Compound Catabolic Process (GO:1901565),3/78,0.0434016299293596,0.2423305283103788,0,0,4.00507614213198,12.564958299367063,CASP3;ENPP2;ETFA
GO_Biological_Process_2023,Epithelial Cell Differentiation (GO:0030855),4/132,0.0436861216677212,0.2423305283103788,0,0,3.1364795918367347,9.819454472009996,CPT1A;DAB2;PCNA;E2F7
GO_Biological_Process_2023,Cellular Response To UV (GO:0034644),3/79,0.044793779119631,0.2423305283103788,0,0,3.952177397809244,12.274222046062532,PCNA;CDC25A;AURKB
GO_Biological_Process_2023,Positive Regulation Of Cytoskeleton Organization (GO:0051495),3/79,0.044793779119631,0.2423305283103788,0,0,3.952177397809244,12.274222046062532,P2RX7;CTTN;SPAG5
GO_Biological_Process_2023,Cytokine-Mediated Signaling Pathway (GO:0019221),6/257,0.0448753790941323,0.2423305283103788,0,0,2.408797798496735,7.476585550122123,CXCL9;LILRB1;PPBP;JAK3;LIMS1;PF4
GO_Biological_Process_2023,DNA Damage Checkpoint Signaling (GO:0000077),2/34,0.0452815731960364,0.2423305283103788,0,0,6.23989898989899,19.311583224616665,E2F1;CLSPN
GO_Biological_Process_2023,Apoptotic Mitochondrial Changes (GO:0008637),2/34,0.0452815731960364,0.2423305283103788,0,0,6.23989898989899,19.311583224616665,CLU;BCL2L1
GO_Biological_Process_2023,Cellular Response To Hydrogen Peroxide (GO:0070301),2/34,0.0452815731960364,0.2423305283103788,0,0,6.23989898989899,19.311583224616665,ECT2;CLU
GO_Biological_Process_2023,Positive Regulation Of Carbohydrate Metabolic Process (GO:0045913),2/34,0.0452815731960364,0.2423305283103788,0,0,6.23989898989899,19.311583224616665,P2RX7;EGF
GO_Biological_Process_2023,Establishment Of Mitotic Spindle Localization (GO:0040001),2/34,0.0452815731960364,0.2423305283103788,0,0,6.23989898989899,19.311583224616665,NUSAP1;CENPA
GO_Biological_Process_2023,Superoxide Metabolic Process (GO:0006801),2/34,0.0452815731960364,0.2423305283103788,0,0,6.23989898989899,19.311583224616665,NQO1;PRDX1
GO_Biological_Process_2023,Microtubule Polymerization (GO:0046785),2/34,0.0452815731960364,0.2423305283103788,0,0,6.23989898989899,19.311583224616665,TPX2;TUBG1
GO_Biological_Process_2023,Regulation Of Protein Localization To Plasma Membrane (GO:1903076),3/80,0.0462079634844281,0.2423305283103788,0,0,3.90065264684554,11.99295882125826,DAB2;GBP1;BCL2L1
GO_Biological_Process_2023,Platelet Aggregation (GO:0070527),2/35,0.0477171520360592,0.2423305283103788,0,0,6.05050505050505,18.408446001894514,ITGB3;MYL9
GO_Biological_Process_2023,Endoderm Formation (GO:0001706),2/35,0.0477171520360592,0.2423305283103788,0,0,6.05050505050505,18.408446001894514,ITGB5;ITGA7
GO_Biological_Process_2023,Positive Regulation Of Telomere Maintenance Via Telomere Lengthening (GO:1904358),2/35,0.0477171520360592,0.2423305283103788,0,0,6.05050505050505,18.408446001894514,NEK2;AURKB
GO_Biological_Process_2023,DNA Methylation Involved In Embryo Development (GO:0043045),1/5,0.049014519870416,0.2423305283103788,0,0,24.86934673366834,74.99696447567176,ZFP57
GO_Biological_Process_2023,ERBB2-EGFR Signaling Pathway (GO:0038134),1/5,0.049014519870416,0.2423305283103788,0,0,24.86934673366834,74.99696447567176,EGF
GO_Biological_Process_2023,Negative Regulation Of Monocyte Chemotaxis (GO:0090027),1/5,0.049014519870416,0.2423305283103788,0,0,24.86934673366834,74.99696447567176,SLAMF8
GO_Biological_Process_2023,Regulation Of Hyaluronan Biosynthetic Process (GO:1900125),1/5,0.049014519870416,0.2423305283103788,0,0,24.86934673366834,74.99696447567176,EGF
GO_Biological_Process_2023,Regulation Of Mitotic Spindle Checkpoint (GO:1903504),1/5,0.049014519870416,0.2423305283103788,0,0,24.86934673366834,74.99696447567176,CCNB1
GO_Biological_Process_2023,Neuroblast Proliferation (GO:0007405),1/5,0.049014519870416,0.2423305283103788,0,0,24.86934673366834,74.99696447567176,RACGAP1
GO_Biological_Process_2023,Phagosome Acidification (GO:0090383),1/5,0.049014519870416,0.2423305283103788,0,0,24.86934673366834,74.99696447567176,SLAMF8
GO_Biological_Process_2023,Regulation Of Thymocyte Apoptotic Process (GO:0070243),1/5,0.049014519870416,0.2423305283103788,0,0,24.86934673366834,74.99696447567176,JAK3
GO_Biological_Process_2023,Cellular Response To Iron Ion (GO:0071281),1/5,0.049014519870416,0.2423305283103788,0,0,24.86934673366834,74.99696447567176,BMP6
GO_Biological_Process_2023,Centromeric Sister Chromatid Cohesion (GO:0070601),1/5,0.049014519870416,0.2423305283103788,0,0,24.86934673366834,74.99696447567176,BUB1
GO_Biological_Process_2023,Double-Strand Break Repair Via Synthesis-Dependent Strand Annealing (GO:0045003),1/5,0.049014519870416,0.2423305283103788,0,0,24.86934673366834,74.99696447567176,RAD51
GO_Biological_Process_2023,Enamel Mineralization (GO:0070166),1/5,0.049014519870416,0.2423305283103788,0,0,24.86934673366834,74.99696447567176,FAM20A
GO_Biological_Process_2023,Positive Regulation Of Gap Junction Assembly (GO:1903598),1/5,0.049014519870416,0.2423305283103788,0,0,24.86934673366834,74.99696447567176,CAV1
GO_Biological_Process_2023,tRNA Catabolic Process (GO:0016078),1/5,0.049014519870416,0.2423305283103788,0,0,24.86934673366834,74.99696447567176,POP1
GO_Biological_Process_2023,Positive Regulation Of Mitotic Cytokinesis (GO:1903490),1/5,0.049014519870416,0.2423305283103788,0,0,24.86934673366834,74.99696447567176,BIRC5
GO_Biological_Process_2023,Positive Regulation Of Monoatomic Ion Transmembrane Transport (GO:0034767),1/5,0.049014519870416,0.2423305283103788,0,0,24.86934673366834,74.99696447567176,P2RX7
GO_Biological_Process_2023,Hepatocyte Differentiation (GO:0070365),1/5,0.049014519870416,0.2423305283103788,0,0,24.86934673366834,74.99696447567176,E2F7
GO_Biological_Process_2023,Interleukin-4-Mediated Signaling Pathway (GO:0035771),1/5,0.049014519870416,0.2423305283103788,0,0,24.86934673366834,74.99696447567176,JAK3
GO_Biological_Process_2023,Iron Coordination Entity Transport (GO:1901678),1/5,0.049014519870416,0.2423305283103788,0,0,24.86934673366834,74.99696447567176,LCN2
GO_Biological_Process_2023,Leukocyte Chemotaxis Involved In Inflammatory Response (GO:0002232),1/5,0.049014519870416,0.2423305283103788,0,0,24.86934673366834,74.99696447567176,SLAMF8
GO_Biological_Process_2023,Protein Import (GO:0017038),1/5,0.049014519870416,0.2423305283103788,0,0,24.86934673366834,74.99696447567176,CLU
GO_Biological_Process_2023,Regulation Of T Cell Activation Via T Cell Receptor Contact With Antigen Bound To MHC Molecule On Antigen Presenting Cell (GO:2001188),1/5,0.049014519870416,0.2423305283103788,0,0,24.86934673366834,74.99696447567176,LILRB1
GO_Biological_Process_2023,Negative Regulation Of Cytokinesis (GO:0032466),1/5,0.049014519870416,0.2423305283103788,0,0,24.86934673366834,74.99696447567176,E2F7
GO_Biological_Process_2023,Base-Excision Repair (GO:0006284),2/36,0.0501995008461569,0.2447658420567789,0,0,5.872251931075461,17.568310863627904,POLQ;FEN1
GO_Biological_Process_2023,Substrate Adhesion-Dependent Cell Spreading (GO:0034446),2/36,0.0501995008461569,0.2447658420567789,0,0,5.872251931075461,17.568310863627904,ITGB3;KIF14
GO_Biological_Process_2023,Interstrand Cross-Link Repair (GO:0036297),2/36,0.0501995008461569,0.2447658420567789,0,0,5.872251931075461,17.568310863627904,RAD51;FANCA
GO_Biological_Process_2023,Negative Regulation Of T Cell Proliferation (GO:0042130),2/36,0.0501995008461569,0.2447658420567789,0,0,5.872251931075461,17.568310863627904,LILRB1;PDCD1LG2
GO_Biological_Process_2023,Negative Regulation Of Endothelial Cell Proliferation (GO:0001937),2/37,0.0527274511453542,0.2492674617350615,0,0,5.704184704184704,16.785242657704043,SPARC;CAV1
GO_Biological_Process_2023,Calcium-Mediated Signaling (GO:0019722),3/85,0.0536051258792773,0.2492674617350615,0,0,3.661879410672279,10.71506409870918,P2RX7;SELP;CLU
GO_Biological_Process_2023,Positive Regulation Of Amide Metabolic Process (GO:0034250),3/85,0.0536051258792773,0.2492674617350615,0,0,3.661879410672279,10.71506409870918,CASP3;PRR16;CLU
GO_Biological_Process_2023,Defense Response To Gram-positive Bacterium (GO:0050830),3/85,0.0536051258792773,0.2492674617350615,0,0,3.661879410672279,10.71506409870918,H2BC12;H2BC11;GBP2
GO_Biological_Process_2023,Positive Regulation Of Endothelial Cell Migration (GO:0010595),3/85,0.0536051258792773,0.2492674617350615,0,0,3.661879410672279,10.71506409870918,SPARC;EGF;ITGB3
GO_Biological_Process_2023,Positive Regulation Of Apoptotic Process (GO:0043065),6/270,0.0545537257699595,0.2492674617350615,0,0,2.288659793814433,6.6567255433574815,MELK;CASP3;E2F1;LILRB1;ECT2;CLU
GO_Biological_Process_2023,Negative Regulation Of Angiogenesis (GO:0016525),3/86,0.055148891178145,0.2492674617350615,0,0,3.617576906611216,10.482720030479646,SPARC;E2F2;PF4
GO_Biological_Process_2023,Positive Regulation Of Bone Mineralization (GO:0030501),2/38,0.0552998529270401,0.2492674617350615,0,0,5.545454545454546,16.054007893661755,P2RX7;BMP6
GO_Biological_Process_2023,Negative Regulation Of Lymphocyte Proliferation (GO:0050672),2/39,0.0579155744332589,0.2492674617350615,0,0,5.395304395304395,15.369975594462096,LILRB1;PDCD1LG2
GO_Biological_Process_2023,Negative Regulation Of Mitochondrion Organization (GO:0010823),2/39,0.0579155744332589,0.2492674617350615,0,0,5.395304395304395,15.369975594462096,CLU;BCL2L1
GO_Biological_Process_2023,Regulation Of Nitric Oxide Biosynthetic Process (GO:0045428),2/39,0.0579155744332589,0.2492674617350615,0,0,5.395304395304395,15.369975594462096,CAV1;CLU
GO_Biological_Process_2023,Regulation Of Endothelial Cell Migration (GO:0010594),3/88,0.0582996390300356,0.2492674617350615,0,0,3.532099134069872,10.038788675236006,SPARC;EGF;ITGB3
GO_Biological_Process_2023,'De Novo' AMP Biosynthetic Process (GO:0044208),1/6,0.0585267307609904,0.2492674617350615,0,0,19.894472361809044,56.46591775214154,GART
GO_Biological_Process_2023,GMP Biosynthetic Process (GO:0006177),1/6,0.0585267307609904,0.2492674617350615,0,0,19.894472361809044,56.46591775214154,GART
GO_Biological_Process_2023,Negative Regulation Of Low-Density Lipoprotein Receptor Activity (GO:1905598),1/6,0.0585267307609904,0.2492674617350615,0,0,19.894472361809044,56.46591775214154,ITGB3
GO_Biological_Process_2023,Amino-Acid Betaine Metabolic Process (GO:0006577),1/6,0.0585267307609904,0.2492674617350615,0,0,19.894472361809044,56.46591775214154,CPT1A
GO_Biological_Process_2023,Angiotensin-Activated Signaling Pathway (GO:0038166),1/6,0.0585267307609904,0.2492674617350615,0,0,19.894472361809044,56.46591775214154,CAV1
GO_Biological_Process_2023,Neurotrophin TRK Receptor Signaling Pathway (GO:0048011),1/6,0.0585267307609904,0.2492674617350615,0,0,19.894472361809044,56.46591775214154,CASP3
GO_Biological_Process_2023,Regulation Of Osteoclast Development (GO:2001204),1/6,0.0585267307609904,0.2492674617350615,0,0,19.894472361809044,56.46591775214154,LILRB1
GO_Biological_Process_2023,Cellular Hypotonic Response (GO:0071476),1/6,0.0585267307609904,0.2492674617350615,0,0,19.894472361809044,56.46591775214154,MYLK
GO_Biological_Process_2023,Regulation Of Striated Muscle Tissue Development (GO:0016202),1/6,0.0585267307609904,0.2492674617350615,0,0,19.894472361809044,56.46591775214154,CENPF
GO_Biological_Process_2023,Cellular Response To Interleukin-9 (GO:0071355),1/6,0.0585267307609904,0.2492674617350615,0,0,19.894472361809044,56.46591775214154,JAK3
GO_Biological_Process_2023,Polyamine Biosynthetic Process (GO:0006596),1/6,0.0585267307609904,0.2492674617350615,0,0,19.894472361809044,56.46591775214154,SMOX
GO_Biological_Process_2023,Positive Regulation Of ER-associated Ubiquitin-Dependent Protein Catabolic Process (GO:1903071),1/6,0.0585267307609904,0.2492674617350615,0,0,19.894472361809044,56.46591775214154,CAV1
GO_Biological_Process_2023,Smooth Muscle Cell Migration (GO:0014909),1/6,0.0585267307609904,0.2492674617350615,0,0,19.894472361809044,56.46591775214154,ITGB3
GO_Biological_Process_2023,Exocrine System Development (GO:0035272),1/6,0.0585267307609904,0.2492674617350615,0,0,19.894472361809044,56.46591775214154,SRP54
GO_Biological_Process_2023,Positive Regulation Of Lamellipodium Morphogenesis (GO:2000394),1/6,0.0585267307609904,0.2492674617350615,0,0,19.894472361809044,56.46591775214154,ENPP2
GO_Biological_Process_2023,Positive Regulation Of Leukocyte Tethering Or Rolling (GO:1903238),1/6,0.0585267307609904,0.2492674617350615,0,0,19.894472361809044,56.46591775214154,SELP
GO_Biological_Process_2023,Free Ubiquitin Chain Polymerization (GO:0010994),1/6,0.0585267307609904,0.2492674617350615,0,0,19.894472361809044,56.46591775214154,UBE2C
GO_Biological_Process_2023,Glandular Epithelial Cell Development (GO:0002068),1/6,0.0585267307609904,0.2492674617350615,0,0,19.894472361809044,56.46591775214154,BMP6
GO_Biological_Process_2023,Type B Pancreatic Cell Development (GO:0003323),1/6,0.0585267307609904,0.2492674617350615,0,0,19.894472361809044,56.46591775214154,BMP6
GO_Biological_Process_2023,Hypotonic Response (GO:0006971),1/6,0.0585267307609904,0.2492674617350615,0,0,19.894472361809044,56.46591775214154,MYLK
GO_Biological_Process_2023,Positive Regulation Of Spindle Assembly (GO:1905832),1/6,0.0585267307609904,0.2492674617350615,0,0,19.894472361809044,56.46591775214154,SPAG5
GO_Biological_Process_2023,Interleukin-9-Mediated Signaling Pathway (GO:0038113),1/6,0.0585267307609904,0.2492674617350615,0,0,19.894472361809044,56.46591775214154,JAK3
GO_Biological_Process_2023,Positive Regulation Of Synaptic Plasticity (GO:0031915),1/6,0.0585267307609904,0.2492674617350615,0,0,19.894472361809044,56.46591775214154,CDC20
GO_Biological_Process_2023,Protein Localization To Basolateral Plasma Membrane (GO:1903361),1/6,0.0585267307609904,0.2492674617350615,0,0,19.894472361809044,56.46591775214154,CAV1
GO_Biological_Process_2023,Regulation Of NAD(P)H Oxidase Activity (GO:0033860),1/6,0.0585267307609904,0.2492674617350615,0,0,19.894472361809044,56.46591775214154,SLAMF8
GO_Biological_Process_2023,Regulation Of Rab Protein Signal Transduction (GO:0032483),1/6,0.0585267307609904,0.2492674617350615,0,0,19.894472361809044,56.46591775214154,ETFA
GO_Biological_Process_2023,Regulation Of T-helper 1 Cell Differentiation (GO:0045625),1/6,0.0585267307609904,0.2492674617350615,0,0,19.894472361809044,56.46591775214154,JAK3
GO_Biological_Process_2023,Regulation Of Aldosterone Biosynthetic Process (GO:0032347),1/6,0.0585267307609904,0.2492674617350615,0,0,19.894472361809044,56.46591775214154,BMP6
GO_Biological_Process_2023,Regulation Of Cell Adhesion Molecule Production (GO:0060353),1/6,0.0585267307609904,0.2492674617350615,0,0,19.894472361809044,56.46591775214154,CAV1
GO_Biological_Process_2023,Negative Regulation Of Dendritic Cell Apoptotic Process (GO:2000669),1/6,0.0585267307609904,0.2492674617350615,0,0,19.894472361809044,56.46591775214154,LILRB1
GO_Biological_Process_2023,Negative Regulation Of Protein Metabolic Process (GO:0051248),4/147,0.0603095808388597,0.2528242005483725,0,0,2.805337519623234,7.878129210447092,NQO1;ITGB3;TYMS;CLU
GO_Biological_Process_2023,Regulation Of Cytosolic Calcium Ion Concentration (GO:0051480),2/40,0.0605735018773766,0.2528242005483725,0,0,5.253056884635832,14.729034349424168,YWHAE;CAV1
GO_Biological_Process_2023,Regulation Of Microtubule Cytoskeleton Organization (GO:0070507),2/40,0.0605735018773766,0.2528242005483725,0,0,5.253056884635832,14.729034349424168,SKA3;SKA1
GO_Biological_Process_2023,Nucleic Acid-Templated Transcription (GO:0097659),2/40,0.0605735018773766,0.2528242005483725,0,0,5.253056884635832,14.729034349424168,SPOCD1;E2F1
GO_Biological_Process_2023,Positive Regulation Of Monoatomic Ion Transport (GO:0043270),2/40,0.0605735018773766,0.2528242005483725,0,0,5.253056884635832,14.729034349424168,P2RX7;MYLK
GO_Biological_Process_2023,Regulation Of Peptidyl-Tyrosine Phosphorylation (GO:0050730),3/90,0.0615336873024211,0.2528242005483725,0,0,3.450551374059163,9.62072552614985,ITGB3;ENPP2;BMP6
GO_Biological_Process_2023,Positive Regulation Of Proteasomal Protein Catabolic Process (GO:1901800),3/90,0.0615336873024211,0.2528242005483725,0,0,3.450551374059163,9.62072552614985,DAB2;PSMC2;CLU
GO_Biological_Process_2023,Regulation Of Heart Rate By Cardiac Conduction (GO:0086091),2/41,0.0632725392250683,0.2528242005483725,0,0,5.118104118104118,14.127522570834804,YWHAE;CAV1
GO_Biological_Process_2023,Regulation Of Release Of Cytochrome C From Mitochondria (GO:0090199),2/41,0.0632725392250683,0.2528242005483725,0,0,5.118104118104118,14.127522570834804,CLU;BCL2L1
GO_Biological_Process_2023,Double-Strand Break Repair Via Nonhomologous End Joining (GO:0006303),2/41,0.0632725392250683,0.2528242005483725,0,0,5.118104118104118,14.127522570834804,POLQ;PSMD14
GO_Biological_Process_2023,Positive Regulation Of Ossification (GO:0045778),2/41,0.0632725392250683,0.2528242005483725,0,0,5.118104118104118,14.127522570834804,P2RX7;BMP6
GO_Biological_Process_2023,Protein Phosphorylation (GO:0006468),9/500,0.0646448343495634,0.2528242005483725,0,0,1.853051257717448,5.075224023958898,MELK;PBK;PIM1;BIRC5;NEK2;FAM20A;CLSPN;JAK3;AURKB
GO_Biological_Process_2023,Positive Regulation Of Cell Differentiation (GO:0045597),6/283,0.0654064171054293,0.2528242005483725,0,0,2.1797982805463545,5.944603975547643,DAB2;MMD;TGFB1I1;ECT2;BMP6;PF4
GO_Biological_Process_2023,Positive Regulation Of Neuron Differentiation (GO:0045666),2/42,0.0660116079502312,0.2528242005483725,0,0,4.98989898989899,13.5621695873434,MMD;ECT2
GO_Biological_Process_2023,Cellular Response To Organic Cyclic Compound (GO:0071407),4/152,0.0665001173925767,0.2528242005483725,0,0,2.709873138444567,7.345250879126401,P2RX7;RAD51;CASP3;CLU
GO_Biological_Process_2023,Negative Regulation Of Amide Metabolic Process (GO:0034249),3/93,0.0665382374289198,0.2528242005483725,0,0,3.33502538071066,9.037847070802028,RTN2;TYMS;CLU
GO_Biological_Process_2023,Regulation Of Cellular Component Organization (GO:0051128),4/153,0.067776522922278,0.2528242005483725,0,0,2.6915491028626217,7.2444104939510305,RUFY1;HJURP;KIF14;MKI67
GO_Biological_Process_2023,Regulation Of Chaperone-Mediated Autophagy (GO:1904714),1/7,0.0679442688885301,0.2528242005483725,0,0,16.57788944723618,44.57906348265406,CTSA
GO_Biological_Process_2023,Regulation Of Dendritic Cell Chemotaxis (GO:2000508),1/7,0.0679442688885301,0.2528242005483725,0,0,16.57788944723618,44.57906348265406,SLAMF8
GO_Biological_Process_2023,Negative Regulation Of Leukocyte Proliferation (GO:0070664),1/7,0.0679442688885301,0.2528242005483725,0,0,16.57788944723618,44.57906348265406,LILRB1
GO_Biological_Process_2023,IMP Biosynthetic Process (GO:0006188),1/7,0.0679442688885301,0.2528242005483725,0,0,16.57788944723618,44.57906348265406,GART
GO_Biological_Process_2023,Regulation Of Extent Of Cell Growth (GO:0061387),1/7,0.0679442688885301,0.2528242005483725,0,0,16.57788944723618,44.57906348265406,CTTN
GO_Biological_Process_2023,Negative Regulation Of Macrophage Migration (GO:1905522),1/7,0.0679442688885301,0.2528242005483725,0,0,16.57788944723618,44.57906348265406,SLAMF8
GO_Biological_Process_2023,Negative Regulation Of Nitric Oxide Biosynthetic Process (GO:0045019),1/7,0.0679442688885301,0.2528242005483725,0,0,16.57788944723618,44.57906348265406,CAV1
GO_Biological_Process_2023,Negative Regulation Of Nitric Oxide Metabolic Process (GO:1904406),1/7,0.0679442688885301,0.2528242005483725,0,0,16.57788944723618,44.57906348265406,CAV1
GO_Biological_Process_2023,UV Protection (GO:0009650),1/7,0.0679442688885301,0.2528242005483725,0,0,16.57788944723618,44.57906348265406,FEN1
GO_Biological_Process_2023,Regulation Of Lipoprotein Metabolic Process (GO:0050746),1/7,0.0679442688885301,0.2528242005483725,0,0,16.57788944723618,44.57906348265406,ITGB3
GO_Biological_Process_2023,Regulation Of Lymphocyte Apoptotic Process (GO:0070228),1/7,0.0679442688885301,0.2528242005483725,0,0,16.57788944723618,44.57906348265406,JAK3
GO_Biological_Process_2023,Cellular Biogenic Amine Catabolic Process (GO:0042402),1/7,0.0679442688885301,0.2528242005483725,0,0,16.57788944723618,44.57906348265406,SMOX
GO_Biological_Process_2023,Plasma Membrane Phospholipid Scrambling (GO:0017121),1/7,0.0679442688885301,0.2528242005483725,0,0,16.57788944723618,44.57906348265406,P2RX7
GO_Biological_Process_2023,Cellular Response To Interleukin-2 (GO:0071352),1/7,0.0679442688885301,0.2528242005483725,0,0,16.57788944723618,44.57906348265406,JAK3
GO_Biological_Process_2023,Cellular Response To Nitric Oxide (GO:0071732),1/7,0.0679442688885301,0.2528242005483725,0,0,16.57788944723618,44.57906348265406,GUCY1B1
GO_Biological_Process_2023,Cellular Response To Reactive Nitrogen Species (GO:1902170),1/7,0.0679442688885301,0.2528242005483725,0,0,16.57788944723618,44.57906348265406,GUCY1B1
GO_Biological_Process_2023,Positive Regulation Of Attachment Of Mitotic Spindle Microtubules To Kinetochore (GO:1902425),1/7,0.0679442688885301,0.2528242005483725,0,0,16.57788944723618,44.57906348265406,BIRC5
GO_Biological_Process_2023,Somatic Hypermutation Of Immunoglobulin Genes (GO:0016446),1/7,0.0679442688885301,0.2528242005483725,0,0,16.57788944723618,44.57906348265406,POLQ
GO_Biological_Process_2023,Establishment Of Golgi Localization (GO:0051683),1/7,0.0679442688885301,0.2528242005483725,0,0,16.57788944723618,44.57906348265406,COPG1
GO_Biological_Process_2023,Tooth Mineralization (GO:0034505),1/7,0.0679442688885301,0.2528242005483725,0,0,16.57788944723618,44.57906348265406,FAM20A
GO_Biological_Process_2023,Growth Hormone Receptor Signaling Pathway Via JAK-STAT (GO:0060397),1/7,0.0679442688885301,0.2528242005483725,0,0,16.57788944723618,44.57906348265406,JAK3
GO_Biological_Process_2023,Interleukin-2-Mediated Signaling Pathway (GO:0038110),1/7,0.0679442688885301,0.2528242005483725,0,0,16.57788944723618,44.57906348265406,JAK3
GO_Biological_Process_2023,Purine Ribonucleoside Monophosphate Catabolic Process (GO:0009169),1/7,0.0679442688885301,0.2528242005483725,0,0,16.57788944723618,44.57906348265406,PRTFDC1
GO_Biological_Process_2023,Regulation Of DNA-templated Transcription In Response To Stress (GO:0043620),1/7,0.0679442688885301,0.2528242005483725,0,0,16.57788944723618,44.57906348265406,MUC1
GO_Biological_Process_2023,"Negative Regulation Of CD8-positive, Alpha-Beta T Cell Activation (GO:2001186)",1/7,0.0679442688885301,0.2528242005483725,0,0,16.57788944723618,44.57906348265406,LILRB1
GO_Biological_Process_2023,Negative Regulation Of SMAD Protein Signal Transduction (GO:0060392),1/7,0.0679442688885301,0.2528242005483725,0,0,16.57788944723618,44.57906348265406,VEPH1
GO_Biological_Process_2023,Negative Regulation Of T Cell Apoptotic Process (GO:0070233),1/7,0.0679442688885301,0.2528242005483725,0,0,16.57788944723618,44.57906348265406,JAK3
GO_Biological_Process_2023,Negative Regulation Of T Cell Mediated Cytotoxicity (GO:0001915),1/7,0.0679442688885301,0.2528242005483725,0,0,16.57788944723618,44.57906348265406,LILRB1
GO_Biological_Process_2023,Regulation Of Attachment Of Mitotic Spindle Microtubules To Kinetochore (GO:1902423),1/7,0.0679442688885301,0.2528242005483725,0,0,16.57788944723618,44.57906348265406,BIRC5
GO_Biological_Process_2023,Negative Regulation Of cAMP-dependent Protein Kinase Activity (GO:2000480),1/7,0.0679442688885301,0.2528242005483725,0,0,16.57788944723618,44.57906348265406,PRKAR2B
GO_Biological_Process_2023,Regulation Of Cardiac Muscle Cell Action Potential Involved In Regulation Of Contraction (GO:0098909),1/7,0.0679442688885301,0.2528242005483725,0,0,16.57788944723618,44.57906348265406,CAV1
GO_Biological_Process_2023,DNA-templated DNA Replication Maintenance Of Fidelity (GO:0045005),2/43,0.0687896467784887,0.2546297396460291,0,0,4.867947770386794,13.030045670347697,PCNA;RAD51
GO_Biological_Process_2023,Positive Regulation Of Biomineral Tissue Development (GO:0070169),2/43,0.0687896467784887,0.2546297396460291,0,0,4.867947770386794,13.030045670347697,P2RX7;BMP6
GO_Biological_Process_2023,Positive Regulation Of Transmembrane Receptor Protein Serine/Threonine Kinase Signaling Pathway (GO:0090100),3/95,0.0699750364747784,0.2583412573768584,0,0,3.2621937762083424,8.676185118672581,DAB2;TGFB1I1;BMP6
GO_Biological_Process_2023,Nucleus Organization (GO:0006997),2/44,0.0716056114889121,0.2610238106759392,0,0,4.751803751803752,12.52851945708889,CEP55;LMNB1
GO_Biological_Process_2023,Positive Regulation Of Nucleocytoplasmic Transport (GO:0046824),2/44,0.0716056114889121,0.2610238106759392,0,0,4.751803751803752,12.52851945708889,YWHAE;ECT2
GO_Biological_Process_2023,DNA Repair (GO:0006281),6/291,0.072671581038328,0.2610238106759392,0,0,2.1177428106348346,5.552308431653195,POLQ;FEN1;PCNA;RAD51;CDCA5;FANCA
GO_Biological_Process_2023,Regulation Of Protein Localization (GO:0032880),3/97,0.0734906143235922,0.2610238106759392,0,0,3.1924613889188898,8.33423196719981,MMD;EGF;ITGB3
GO_Biological_Process_2023,Regulation Of Telomerase Activity (GO:0051972),2/45,0.0744584746361064,0.2610238106759392,0,0,4.641061780596664,12.055221541075596,NEK2;AURKB
GO_Biological_Process_2023,AMP Biosynthetic Process (GO:0006167),1/8,0.0772680713380291,0.2610238106759392,0,0,14.208901651112706,36.38152974515558,GART
GO_Biological_Process_2023,Cdc42 Protein Signal Transduction (GO:0032488),1/8,0.0772680713380291,0.2610238106759392,0,0,14.208901651112706,36.38152974515558,RHOBTB1
GO_Biological_Process_2023,"DNA Damage Response, Signal Transduction By P53 Class Mediator Resulting In Transcription Of P21 Class Mediator (GO:0006978)",1/8,0.0772680713380291,0.2610238106759392,0,0,14.208901651112706,36.38152974515558,MUC1
GO_Biological_Process_2023,Negative Regulation Of Glycoprotein Biosynthetic Process (GO:0010561),1/8,0.0772680713380291,0.2610238106759392,0,0,14.208901651112706,36.38152974515558,JAK3
GO_Biological_Process_2023,Regulation Of Gap Junction Assembly (GO:1903596),1/8,0.0772680713380291,0.2610238106759392,0,0,14.208901651112706,36.38152974515558,CAV1
GO_Biological_Process_2023,Negative Regulation Of Production Of Molecular Mediator Of Immune Response (GO:0002701),1/8,0.0772680713380291,0.2610238106759392,0,0,14.208901651112706,36.38152974515558,LILRB1
GO_Biological_Process_2023,Regulation Of Neutrophil Migration (GO:1902622),1/8,0.0772680713380291,0.2610238106759392,0,0,14.208901651112706,36.38152974515558,SLAMF8
GO_Biological_Process_2023,Nucleoside Diphosphate Metabolic Process (GO:0009132),1/8,0.0772680713380291,0.2610238106759392,0,0,14.208901651112706,36.38152974515558,RRM2
GO_Biological_Process_2023,Regulation Of Pinocytosis (GO:0048548),1/8,0.0772680713380291,0.2610238106759392,0,0,14.208901651112706,36.38152974515558,CAV1
GO_Biological_Process_2023,Regulation Of Protein Localization To Early Endosome (GO:1902965),1/8,0.0772680713380291,0.2610238106759392,0,0,14.208901651112706,36.38152974515558,EGF
GO_Biological_Process_2023,Positive Regulation Of Calcium Ion Transport Into Cytosol (GO:0010524),1/8,0.0772680713380291,0.2610238106759392,0,0,14.208901651112706,36.38152974515558,P2RX7
GO_Biological_Process_2023,Response To Misfolded Protein (GO:0051788),1/8,0.0772680713380291,0.2610238106759392,0,0,14.208901651112706,36.38152974515558,CLU
GO_Biological_Process_2023,Positive Regulation Of Macrophage Cytokine Production (GO:0060907),1/8,0.0772680713380291,0.2610238106759392,0,0,14.208901651112706,36.38152974515558,LILRB1
GO_Biological_Process_2023,Type B Pancreatic Cell Differentiation (GO:0003309),1/8,0.0772680713380291,0.2610238106759392,0,0,14.208901651112706,36.38152974515558,BMP6
GO_Biological_Process_2023,Tyrosine Phosphorylation Of STAT Protein (GO:0007260),1/8,0.0772680713380291,0.2610238106759392,0,0,14.208901651112706,36.38152974515558,JAK3
GO_Biological_Process_2023,Unsaturated Fatty Acid Biosynthetic Process (GO:0006636),1/8,0.0772680713380291,0.2610238106759392,0,0,14.208901651112706,36.38152974515558,SCD
GO_Biological_Process_2023,Vitamin K Metabolic Process (GO:0042373),1/8,0.0772680713380291,0.2610238106759392,0,0,14.208901651112706,36.38152974515558,NQO1
GO_Biological_Process_2023,Positive Regulation Of Protein Localization To Early Endosome (GO:1902966),1/8,0.0772680713380291,0.2610238106759392,0,0,14.208901651112706,36.38152974515558,EGF
GO_Biological_Process_2023,Positive Regulation Of Protein Localization To Endosome (GO:1905668),1/8,0.0772680713380291,0.2610238106759392,0,0,14.208901651112706,36.38152974515558,EGF
GO_Biological_Process_2023,Immune Response-Inhibiting Cell Surface Receptor Signaling Pathway (GO:0002767),1/8,0.0772680713380291,0.2610238106759392,0,0,14.208901651112706,36.38152974515558,LILRB1
GO_Biological_Process_2023,Positive Regulation Of Synapse Maturation (GO:0090129),1/8,0.0772680713380291,0.2610238106759392,0,0,14.208901651112706,36.38152974515558,CDC20
GO_Biological_Process_2023,Manganese Ion Transport (GO:0006828),1/8,0.0772680713380291,0.2610238106759392,0,0,14.208901651112706,36.38152974515558,SLC39A8
GO_Biological_Process_2023,Membrane Lipid Catabolic Process (GO:0046466),1/8,0.0772680713380291,0.2610238106759392,0,0,14.208901651112706,36.38152974515558,ENPP2
GO_Biological_Process_2023,Mesodermal Cell Differentiation (GO:0048333),1/8,0.0772680713380291,0.2610238106759392,0,0,14.208901651112706,36.38152974515558,ITGB3
GO_Biological_Process_2023,Regulation Of ER-associated Ubiquitin-Dependent Protein Catabolic Process (GO:1903069),1/8,0.0772680713380291,0.2610238106759392,0,0,14.208901651112706,36.38152974515558,CAV1
GO_Biological_Process_2023,Cardiac Conduction (GO:0061337),2/46,0.0773472253700272,0.2610238106759392,0,0,4.535353535353536,11.608013208044897,YWHAE;CAV1
GO_Biological_Process_2023,Replication Fork Processing (GO:0031297),2/46,0.0773472253700272,0.2610238106759392,0,0,4.535353535353536,11.608013208044897,PCNA;RAD51
GO_Biological_Process_2023,Response To Hydrogen Peroxide (GO:0042542),2/46,0.0773472253700272,0.2610238106759392,0,0,4.535353535353536,11.608013208044897,ECT2;CLU
GO_Biological_Process_2023,Homotypic Cell-Cell Adhesion (GO:0034109),2/46,0.0773472253700272,0.2610238106759392,0,0,4.535353535353536,11.608013208044897,ITGB3;MYL9
GO_Biological_Process_2023,Intracellular Protein Transmembrane Transport (GO:0065002),2/46,0.0773472253700272,0.2610238106759392,0,0,4.535353535353536,11.608013208044897,RTN2;SRP54
GO_Biological_Process_2023,Mitotic G2/M Transition Checkpoint (GO:0044818),2/46,0.0773472253700272,0.2610238106759392,0,0,4.535353535353536,11.608013208044897,CLSPN;CDC6
GO_Biological_Process_2023,Protein Complex Oligomerization (GO:0051259),3/100,0.0789086435328542,0.2641677740928571,0,0,3.0932544874143075,7.855209980826792,POLQ;TIFA;ECT2
GO_Biological_Process_2023,Regulation Of Cell Cycle (GO:0051726),6/298,0.0793941562444897,0.2641677740928571,0,0,2.066233582827284,5.234452581067133,CDC20;YWHAE;PCLAF;LILRB1;ETFA;DLGAP5
GO_Biological_Process_2023,Protein Autophosphorylation (GO:0046777),4/162,0.0798287777328656,0.2641677740928571,0,0,2.5370705244122966,6.413387552426678,MELK;PIM1;NEK2;AURKB
GO_Biological_Process_2023,Regulation Of Wound Healing (GO:0061041),2/47,0.0802708691611082,0.2641677740928571,0,0,4.434343434343434,11.184959505346583,CAV1;MYLK
GO_Biological_Process_2023,Positive Regulation Of Epithelial To Mesenchymal Transition (GO:0010718),2/47,0.0802708691611082,0.2641677740928571,0,0,4.434343434343434,11.184959505346583,DAB2;TGFB1I1
GO_Biological_Process_2023,Negative Regulation Of Intracellular Signal Transduction (GO:1902532),5/231,0.0827624518343387,0.2641677740928571,0,0,2.2207851145904245,5.533709711029654,P2RX7;VEPH1;CAV1;SLC39A8;BCL2L1
GO_Biological_Process_2023,Regulation Of Intrinsic Apoptotic Signaling Pathway (GO:2001242),2/48,0.0832284276217124,0.2641677740928571,0,0,4.337725076855512,10.784305954054672,CAV1;BCL2L1
GO_Biological_Process_2023,Cellular Response To Radiation (GO:0071478),2/48,0.0832284276217124,0.2641677740928571,0,0,4.337725076855512,10.784305954054672,RAD51;ECT2
GO_Biological_Process_2023,Regulation Of Cell Population Proliferation (GO:0042127),12/766,0.0838059395459611,0.2641677740928571,0,0,1.6123370393363057,3.997388856192048,CXCL9;H2AC6;EGF;TGFB1I1;KIF14;BIRC5;CDC6;CLU;BMP6;E2F7;LIMS1;PF4
GO_Biological_Process_2023,Inorganic Cation Import Across Plasma Membrane (GO:0098659),3/103,0.0844959534746252,0.2641677740928571,0,0,3.0,7.413154900919784,KCNJ10;SLC39A8;CLU
GO_Biological_Process_2023,Antibacterial Humoral Response (GO:0019731),2/49,0.0862189382580095,0.2641677740928571,0,0,4.24521813883516,10.404458354124063,H2BC12;H2BC11
GO_Biological_Process_2023,Erythrocyte Differentiation (GO:0030218),2/49,0.0862189382580095,0.2641677740928571,0,0,4.24521813883516,10.404458354124063,RACGAP1;CASP3
GO_Biological_Process_2023,Positive Regulation Of Pathway-Restricted SMAD Protein Phosphorylation (GO:0010862),2/49,0.0862189382580095,0.2641677740928571,0,0,4.24521813883516,10.404458354124063,DAB2;BMP6
GO_Biological_Process_2023,Intrinsic Apoptotic Signaling Pathway In Response To DNA Damage (GO:0008630),2/49,0.0862189382580095,0.2641677740928571,0,0,4.24521813883516,10.404458354124063,E2F1;BCL2L1
GO_Biological_Process_2023,"DNA Damage Response, Signal Transduction Resulting In Transcription (GO:0042772)",1/9,0.0864990660572792,0.2641677740928571,0,0,12.4321608040201,30.429226090981548,MUC1
GO_Biological_Process_2023,Regulation Of Dendritic Cell Apoptotic Process (GO:2000668),1/9,0.0864990660572792,0.2641677740928571,0,0,12.4321608040201,30.429226090981548,LILRB1
GO_Biological_Process_2023,Negative Regulation Of Leukocyte Migration (GO:0002686),1/9,0.0864990660572792,0.2641677740928571,0,0,12.4321608040201,30.429226090981548,SLAMF8
GO_Biological_Process_2023,Negative Regulation Of Lipid Localization (GO:1905953),1/9,0.0864990660572792,0.2641677740928571,0,0,12.4321608040201,30.429226090981548,ITGB3
GO_Biological_Process_2023,Negative Regulation Of Protein Autophosphorylation (GO:0031953),1/9,0.0864990660572792,0.2641677740928571,0,0,12.4321608040201,30.429226090981548,CAV1
GO_Biological_Process_2023,Negative Regulation Of Transcription By Competitive Promoter Binding (GO:0010944),1/9,0.0864990660572792,0.2641677740928571,0,0,12.4321608040201,30.429226090981548,MUC1
GO_Biological_Process_2023,Negative Regulation Of Transforming Growth Factor Beta Production (GO:0071635),1/9,0.0864990660572792,0.2641677740928571,0,0,12.4321608040201,30.429226090981548,LILRB1
GO_Biological_Process_2023,Biomineral Tissue Development (GO:0031214),1/9,0.0864990660572792,0.2641677740928571,0,0,12.4321608040201,30.429226090981548,FAM20A
GO_Biological_Process_2023,Nucleobase-Containing Compound Biosynthetic Process (GO:0034654),1/9,0.0864990660572792,0.2641677740928571,0,0,12.4321608040201,30.429226090981548,TYMS
GO_Biological_Process_2023,cGMP Biosynthetic Process (GO:0006182),1/9,0.0864990660572792,0.2641677740928571,0,0,12.4321608040201,30.429226090981548,GUCY1B1
GO_Biological_Process_2023,Carnitine Metabolic Process (GO:0009437),1/9,0.0864990660572792,0.2641677740928571,0,0,12.4321608040201,30.429226090981548,CPT1A
GO_Biological_Process_2023,Regulation Of Tau-Protein Kinase Activity (GO:1902947),1/9,0.0864990660572792,0.2641677740928571,0,0,12.4321608040201,30.429226090981548,CLU
GO_Biological_Process_2023,Regulation Of Transmembrane Transporter Activity (GO:0022898),1/9,0.0864990660572792,0.2641677740928571,0,0,12.4321608040201,30.429226090981548,PIM1
GO_Biological_Process_2023,Cellular Response To Purine-Containing Compound (GO:0071415),1/9,0.0864990660572792,0.2641677740928571,0,0,12.4321608040201,30.429226090981548,CLU
GO_Biological_Process_2023,Response To Interleukin-4 (GO:0070670),1/9,0.0864990660572792,0.2641677740928571,0,0,12.4321608040201,30.429226090981548,JAK3
GO_Biological_Process_2023,Smooth Muscle Tissue Development (GO:0048745),1/9,0.0864990660572792,0.2641677740928571,0,0,12.4321608040201,30.429226090981548,MYLK
GO_Biological_Process_2023,Telomere Maintenance Via Recombination (GO:0000722),1/9,0.0864990660572792,0.2641677740928571,0,0,12.4321608040201,30.429226090981548,RAD51
GO_Biological_Process_2023,Vasoconstriction (GO:0042310),1/9,0.0864990660572792,0.2641677740928571,0,0,12.4321608040201,30.429226090981548,KEL
GO_Biological_Process_2023,Hematopoietic Stem Cell Differentiation (GO:0060218),1/9,0.0864990660572792,0.2641677740928571,0,0,12.4321608040201,30.429226090981548,BATF
GO_Biological_Process_2023,Positive Regulation Of Platelet Activation (GO:0010572),1/9,0.0864990660572792,0.2641677740928571,0,0,12.4321608040201,30.429226090981548,SELP
GO_Biological_Process_2023,Iron Ion Transmembrane Transport (GO:0034755),1/9,0.0864990660572792,0.2641677740928571,0,0,12.4321608040201,30.429226090981548,SLC39A8
GO_Biological_Process_2023,Positive Regulation Of Vascular Endothelial Growth Factor Receptor Signaling Pathway (GO:0030949),1/9,0.0864990660572792,0.2641677740928571,0,0,12.4321608040201,30.429226090981548,ITGB3
GO_Biological_Process_2023,Protein Localization To Nuclear Envelope (GO:0090435),1/9,0.0864990660572792,0.2641677740928571,0,0,12.4321608040201,30.429226090981548,LMNB1
GO_Biological_Process_2023,Mitotic DNA Replication Checkpoint Signaling (GO:0033314),1/9,0.0864990660572792,0.2641677740928571,0,0,12.4321608040201,30.429226090981548,CLSPN
GO_Biological_Process_2023,Quinone Metabolic Process (GO:1901661),1/9,0.0864990660572792,0.2641677740928571,0,0,12.4321608040201,30.429226090981548,NQO1
GO_Biological_Process_2023,"Regulation Of CD8-positive, Alpha-Beta T Cell Activation (GO:2001185)",1/9,0.0864990660572792,0.2641677740928571,0,0,12.4321608040201,30.429226090981548,LILRB1
GO_Biological_Process_2023,Muscle Cell Migration (GO:0014812),1/9,0.0864990660572792,0.2641677740928571,0,0,12.4321608040201,30.429226090981548,ITGB3
GO_Biological_Process_2023,Myelin Maintenance (GO:0043217),1/9,0.0864990660572792,0.2641677740928571,0,0,12.4321608040201,30.429226090981548,CLU
GO_Biological_Process_2023,Negative Regulation Of Bone Resorption (GO:0045779),1/9,0.0864990660572792,0.2641677740928571,0,0,12.4321608040201,30.429226090981548,P2RX7
GO_Biological_Process_2023,Negative Regulation Of Cell Adhesion Mediated By Integrin (GO:0033629),1/9,0.0864990660572792,0.2641677740928571,0,0,12.4321608040201,30.429226090981548,MUC1
GO_Biological_Process_2023,Intrinsic Apoptotic Signaling Pathway (GO:0097193),3/105,0.0883124080071284,0.2679748557609723,0,0,2.9408778739922363,7.137141991170913,CASP3;E2F1;BCL2L1
GO_Biological_Process_2023,Negative Regulation Of MAPK Cascade (GO:0043409),3/105,0.0883124080071284,0.2679748557609723,0,0,2.9408778739922363,7.137141991170913,P2RX7;CAV1;GBP1
GO_Biological_Process_2023,Regulation Of Interleukin-12 Production (GO:0032655),2/50,0.0892414542606553,0.2679748557609723,0,0,4.156565656565657,10.043965211617904,LILRB1;JAK3
GO_Biological_Process_2023,Positive Regulation Of Transport (GO:0051050),2/50,0.0892414542606553,0.2679748557609723,0,0,4.156565656565657,10.043965211617904,DAB2;SPAG5
GO_Biological_Process_2023,Response To Calcium Ion (GO:0051592),3/106,0.090247543166112,0.2679748557609723,0,0,2.912177812823419,7.004366885624175,CAV1;ECT2;CLU
GO_Biological_Process_2023,Regulation Of Substrate Adhesion-Dependent Cell Spreading (GO:1900024),2/51,0.0922950442929787,0.2679748557609723,0,0,4.071531642960214,9.7015024039535,GBP1;LIMS1
GO_Biological_Process_2023,Regulation Of Telomere Maintenance Via Telomerase (GO:0032210),2/51,0.0922950442929787,0.2679748557609723,0,0,4.071531642960214,9.7015024039535,NEK2;AURKB
GO_Biological_Process_2023,Cholesterol Transport (GO:0030301),2/51,0.0922950442929787,0.2679748557609723,0,0,4.071531642960214,9.7015024039535,CAV1;CLU
GO_Biological_Process_2023,Receptor Internalization (GO:0031623),2/51,0.0922950442929787,0.2679748557609723,0,0,4.071531642960214,9.7015024039535,CAV1;LILRB1
GO_Biological_Process_2023,Response To Tumor Necrosis Factor (GO:0034612),3/108,0.0941706690966622,0.2679748557609723,0,0,2.856417693981146,6.748705308028375,CASP3;GBP2;GBP1
GO_Biological_Process_2023,Negative Regulation Of Innate Immune Response (GO:0045824),2/52,0.0953787922697506,0.2679748557609723,0,0,3.98989898989899,9.375859760148904,SLAMF8;AURKB
GO_Biological_Process_2023,Cell Cycle G1/S Phase Transition (GO:0044843),2/52,0.0953787922697506,0.2679748557609723,0,0,3.98989898989899,9.375859760148904,E2F1;CDC25A
GO_Biological_Process_2023,Cellular Response To Ionizing Radiation (GO:0071479),2/52,0.0953787922697506,0.2679748557609723,0,0,3.98989898989899,9.375859760148904,RAD51;ECT2
GO_Biological_Process_2023,Positive Regulation Of Telomere Maintenance (GO:0032206),2/52,0.0953787922697506,0.2679748557609723,0,0,3.98989898989899,9.375859760148904,NEK2;AURKB
GO_Biological_Process_2023,Negative Regulation Of Inclusion Body Assembly (GO:0090084),1/10,0.0956381720564831,0.2679748557609723,0,0,11.050251256281408,25.93696464958489,HSPA2
GO_Biological_Process_2023,Regulation Of Dendritic Cell Differentiation (GO:2001198),1/10,0.0956381720564831,0.2679748557609723,0,0,11.050251256281408,25.93696464958489,LILRB1
GO_Biological_Process_2023,Negative Regulation Of Interferon-Beta Production (GO:0032688),1/10,0.0956381720564831,0.2679748557609723,0,0,11.050251256281408,25.93696464958489,LILRB1
GO_Biological_Process_2023,Regulation Of Gene Expression By Genomic Imprinting (GO:0006349),1/10,0.0956381720564831,0.2679748557609723,0,0,11.050251256281408,25.93696464958489,ZFP57
GO_Biological_Process_2023,Negative Regulation Of Natural Killer Cell Mediated Immunity (GO:0002716),1/10,0.0956381720564831,0.2679748557609723,0,0,11.050251256281408,25.93696464958489,LILRB1
GO_Biological_Process_2023,SRP-dependent Cotranslational Protein Targeting To Membrane (GO:0006614),1/10,0.0956381720564831,0.2679748557609723,0,0,11.050251256281408,25.93696464958489,SRP54
GO_Biological_Process_2023,Regulation Of Inclusion Body Assembly (GO:0090083),1/10,0.0956381720564831,0.2679748557609723,0,0,11.050251256281408,25.93696464958489,HSPA2
GO_Biological_Process_2023,Regulation Of Lamellipodium Morphogenesis (GO:2000392),1/10,0.0956381720564831,0.2679748557609723,0,0,11.050251256281408,25.93696464958489,ENPP2
GO_Biological_Process_2023,Regulation Of Lipid Transport (GO:0032368),1/10,0.0956381720564831,0.2679748557609723,0,0,11.050251256281408,25.93696464958489,ITGB3
GO_Biological_Process_2023,Negative Regulation Of Sprouting Angiogenesis (GO:1903671),1/10,0.0956381720564831,0.2679748557609723,0,0,11.050251256281408,25.93696464958489,E2F2
GO_Biological_Process_2023,Angiogenesis Involved In Wound Healing (GO:0060055),1/10,0.0956381720564831,0.2679748557609723,0,0,11.050251256281408,25.93696464958489,ITGB3
GO_Biological_Process_2023,Arginine Metabolic Process (GO:0006525),1/10,0.0956381720564831,0.2679748557609723,0,0,11.050251256281408,25.93696464958489,SLC39A8
GO_Biological_Process_2023,Aromatic Amino Acid Family Catabolic Process (GO:0009074),1/10,0.0956381720564831,0.2679748557609723,0,0,11.050251256281408,25.93696464958489,FANCA
GO_Biological_Process_2023,Cardiac Muscle Cell Membrane Repolarization (GO:0099622),1/10,0.0956381720564831,0.2679748557609723,0,0,11.050251256281408,25.93696464958489,YWHAE
GO_Biological_Process_2023,Cell Proliferation In Forebrain (GO:0021846),1/10,0.0956381720564831,0.2679748557609723,0,0,11.050251256281408,25.93696464958489,KIF14
GO_Biological_Process_2023,Regulation Of Synapse Maturation (GO:0090128),1/10,0.0956381720564831,0.2679748557609723,0,0,11.050251256281408,25.93696464958489,CDC20
GO_Biological_Process_2023,Cellular Response To Increased Oxygen Levels (GO:0036295),1/10,0.0956381720564831,0.2679748557609723,0,0,11.050251256281408,25.93696464958489,CAV1
GO_Biological_Process_2023,Cellular Response To Interleukin-15 (GO:0071350),1/10,0.0956381720564831,0.2679748557609723,0,0,11.050251256281408,25.93696464958489,JAK3
GO_Biological_Process_2023,Positive Regulation Of DNA-templated DNA Replication (GO:2000105),1/10,0.0956381720564831,0.2679748557609723,0,0,11.050251256281408,25.93696464958489,E2F7
GO_Biological_Process_2023,Positive Regulation Of Epidermal Growth Factor-Activated Receptor Activity (GO:0045741),1/10,0.0956381720564831,0.2679748557609723,0,0,11.050251256281408,25.93696464958489,EGF
GO_Biological_Process_2023,Positive Regulation Of Macrophage Differentiation (GO:0045651),1/10,0.0956381720564831,0.2679748557609723,0,0,11.050251256281408,25.93696464958489,PF4
GO_Biological_Process_2023,Positive Regulation Of Non-Canonical Wnt Signaling Pathway (GO:2000052),1/10,0.0956381720564831,0.2679748557609723,0,0,11.050251256281408,25.93696464958489,DAB2
GO_Biological_Process_2023,Interleukin-15-Mediated Signaling Pathway (GO:0035723),1/10,0.0956381720564831,0.2679748557609723,0,0,11.050251256281408,25.93696464958489,JAK3
GO_Biological_Process_2023,Receptor-Mediated Endocytosis Of Virus By Host Cell (GO:0019065),1/10,0.0956381720564831,0.2679748557609723,0,0,11.050251256281408,25.93696464958489,CAV1
GO_Biological_Process_2023,Negative Regulation Of T-helper Cell Differentiation (GO:0045623),1/10,0.0956381720564831,0.2679748557609723,0,0,11.050251256281408,25.93696464958489,JAK3
GO_Biological_Process_2023,Negative Regulation Of Activated T Cell Proliferation (GO:0046007),1/10,0.0956381720564831,0.2679748557609723,0,0,11.050251256281408,25.93696464958489,PDCD1LG2
GO_Biological_Process_2023,Negative Regulation Of Alpha-Beta T Cell Activation (GO:0046636),1/10,0.0956381720564831,0.2679748557609723,0,0,11.050251256281408,25.93696464958489,LILRB1
GO_Biological_Process_2023,Cellular Response To Salt (GO:1902075),3/109,0.0961582714173515,0.2679748557609723,0,0,2.829326692845513,6.625603466421482,P2RX7;ECT2;CLU
GO_Biological_Process_2023,Regulation Of Proteasomal Protein Catabolic Process (GO:0061136),2/53,0.0984917971521169,0.2679748557609723,0,0,3.9114676173499694,9.065929283683165,PSMD14;PSMC2
GO_Biological_Process_2023,Protein Homotetramerization (GO:0051289),2/53,0.0984917971521169,0.2679748557609723,0,0,3.9114676173499694,9.065929283683165,TK1;CLU
GO_Biological_Process_2023,Negative Regulation Of Transmembrane Receptor Protein Serine/Threonine Kinase Signaling Pathway (GO:0090101),3/111,0.1001845738063604,0.2679748557609723,0,0,2.7766497461928936,6.3883520697862,CAV1;TGFB1I1;VEPH1
GO_Biological_Process_2023,Proteasome-Mediated Ubiquitin-Dependent Protein Catabolic Process (GO:0043161),6/319,0.1015803363176824,0.2679748557609723,0,0,1.9255294621389285,4.403503537565646,CDC20;PSMA5;PSMD14;UBE2C;PSMC2;KIF14
GO_Biological_Process_2023,Negative Regulation Of Protein Catabolic Process (GO:0042177),2/54,0.1016331727713355,0.2679748557609723,0,0,3.836052836052836,8.77069478933889,CTSA;NQO1
GO_Biological_Process_2023,Negative Regulation Of Protein Ubiquitination (GO:0031397),2/54,0.1016331727713355,0.2679748557609723,0,0,3.836052836052836,8.77069478933889,CDC20;CAV1
GO_Biological_Process_2023,Nucleosome Assembly (GO:0006334),2/54,0.1016331727713355,0.2679748557609723,0,0,3.836052836052836,8.77069478933889,H2BC15;H2BC11
GO_Biological_Process_2023,Calcium Ion Transport (GO:0006816),3/112,0.1022228778109617,0.2679748557609723,0,0,2.751036184976482,6.27401249877334,P2RX7;CAV1;CLU
GO_Biological_Process_2023,Negative Regulation Of Cytokine Production (GO:0001818),4/178,0.1036693890276315,0.2679748557609723,0,0,2.3019000703729766,5.217367910182412,LILRB1;PDCD1LG2;JAK3;GBP1
GO_Biological_Process_2023,Positive Regulation Of Cellular Component Organization (GO:0051130),3/113,0.1042776844975899,0.2679748557609723,0,0,2.7258883248730963,6.162409997576357,CDC20;DAB2;CLU
GO_Biological_Process_2023,Negative Regulation Of Leukocyte Apoptotic Process (GO:2000107),1/11,0.1046862992439068,0.2679748557609723,0,0,9.944723618090451,22.4431232477853,LILRB1
GO_Biological_Process_2023,Negative Regulation Of Leukocyte Chemotaxis (GO:0002689),1/11,0.1046862992439068,0.2679748557609723,0,0,9.944723618090451,22.4431232477853,SLAMF8
GO_Biological_Process_2023,Regulation Of Fatty Acid Metabolic Process (GO:0019217),1/11,0.1046862992439068,0.2679748557609723,0,0,9.944723618090451,22.4431232477853,CAV1
GO_Biological_Process_2023,Negative Regulation Of Potassium Ion Transmembrane Transport (GO:1901380),1/11,0.1046862992439068,0.2679748557609723,0,0,9.944723618090451,22.4431232477853,CAV1
GO_Biological_Process_2023,Regulation Of Leukocyte Tethering Or Rolling (GO:1903236),1/11,0.1046862992439068,0.2679748557609723,0,0,9.944723618090451,22.4431232477853,SELP
GO_Biological_Process_2023,Negative Regulation Of Voltage-Gated Potassium Channel Activity (GO:1903817),1/11,0.1046862992439068,0.2679748557609723,0,0,9.944723618090451,22.4431232477853,CAV1
GO_Biological_Process_2023,Regulation Of Muscle System Process (GO:0090257),1/11,0.1046862992439068,0.2679748557609723,0,0,9.944723618090451,22.4431232477853,MYL9
GO_Biological_Process_2023,Biogenic Amine Biosynthetic Process (GO:0042401),1/11,0.1046862992439068,0.2679748557609723,0,0,9.944723618090451,22.4431232477853,SMOX
GO_Biological_Process_2023,cGMP Metabolic Process (GO:0046068),1/11,0.1046862992439068,0.2679748557609723,0,0,9.944723618090451,22.4431232477853,GUCY1B1
GO_Biological_Process_2023,Organic Cyclic Compound Catabolic Process (GO:1901361),1/11,0.1046862992439068,0.2679748557609723,0,0,9.944723618090451,22.4431232477853,HSD11B1
GO_Biological_Process_2023,Cellular Response To Acetylcholine (GO:1905145),1/11,0.1046862992439068,0.2679748557609723,0,0,9.944723618090451,22.4431232477853,LY6G6E
GO_Biological_Process_2023,Polyamine Metabolic Process (GO:0006595),1/11,0.1046862992439068,0.2679748557609723,0,0,9.944723618090451,22.4431232477853,SMOX
GO_Biological_Process_2023,Central Nervous System Myelination (GO:0022010),1/11,0.1046862992439068,0.2679748557609723,0,0,9.944723618090451,22.4431232477853,CLU
GO_Biological_Process_2023,Regulation Of Ventricular Cardiac Muscle Cell Action Potential (GO:0098911),1/11,0.1046862992439068,0.2679748557609723,0,0,9.944723618090451,22.4431232477853,CAV1
GO_Biological_Process_2023,Response To Nitric Oxide (GO:0071731),1/11,0.1046862992439068,0.2679748557609723,0,0,9.944723618090451,22.4431232477853,GUCY1B1
GO_Biological_Process_2023,Desensitization Of G Protein-Coupled Receptor Signaling Pathway (GO:0002029),1/11,0.1046862992439068,0.2679748557609723,0,0,9.944723618090451,22.4431232477853,LY6G6E
GO_Biological_Process_2023,Digestive System Development (GO:0055123),1/11,0.1046862992439068,0.2679748557609723,0,0,9.944723618090451,22.4431232477853,SRP54
GO_Biological_Process_2023,Double-Strand Break Repair Via Break-Induced Replication (GO:0000727),1/11,0.1046862992439068,0.2679748557609723,0,0,9.944723618090451,22.4431232477853,GINS2
GO_Biological_Process_2023,Epithelial Cell-Cell Adhesion (GO:0090136),1/11,0.1046862992439068,0.2679748557609723,0,0,9.944723618090451,22.4431232477853,ITGB5
GO_Biological_Process_2023,Exit From Mitosis (GO:0010458),1/11,0.1046862992439068,0.2679748557609723,0,0,9.944723618090451,22.4431232477853,UBE2C
GO_Biological_Process_2023,Positive Regulation Of Mitotic Cell Cycle Spindle Assembly Checkpoint (GO:0090267),1/11,0.1046862992439068,0.2679748557609723,0,0,9.944723618090451,22.4431232477853,BIRC5
GO_Biological_Process_2023,Positive Regulation Of Muscle Contraction (GO:0045933),1/11,0.1046862992439068,0.2679748557609723,0,0,9.944723618090451,22.4431232477853,CTTN
GO_Biological_Process_2023,Tyrosine Metabolic Process (GO:0006570),1/11,0.1046862992439068,0.2679748557609723,0,0,9.944723618090451,22.4431232477853,FANCA
GO_Biological_Process_2023,Histone H2A Ubiquitination (GO:0033522),1/11,0.1046862992439068,0.2679748557609723,0,0,9.944723618090451,22.4431232477853,RAD51
GO_Biological_Process_2023,Positive Regulation Of Spindle Checkpoint (GO:0090232),1/11,0.1046862992439068,0.2679748557609723,0,0,9.944723618090451,22.4431232477853,BIRC5
GO_Biological_Process_2023,Positive Regulation Of Vascular Permeability (GO:0043117),1/11,0.1046862992439068,0.2679748557609723,0,0,9.944723618090451,22.4431232477853,BMP6
GO_Biological_Process_2023,pre-mRNA Cleavage Required For Polyadenylation (GO:0098789),1/11,0.1046862992439068,0.2679748557609723,0,0,9.944723618090451,22.4431232477853,CPSF2
GO_Biological_Process_2023,Protein Polyglutamylation (GO:0018095),1/11,0.1046862992439068,0.2679748557609723,0,0,9.944723618090451,22.4431232477853,TTLL7
GO_Biological_Process_2023,Purine Ribonucleoside Monophosphate Biosynthetic Process (GO:0009168),1/11,0.1046862992439068,0.2679748557609723,0,0,9.944723618090451,22.4431232477853,GART
GO_Biological_Process_2023,Purine Ribonucleoside Monophosphate Metabolic Process (GO:0009167),1/11,0.1046862992439068,0.2679748557609723,0,0,9.944723618090451,22.4431232477853,GART
GO_Biological_Process_2023,Regulation Of T Cell Apoptotic Process (GO:0070232),1/11,0.1046862992439068,0.2679748557609723,0,0,9.944723618090451,22.4431232477853,JAK3
GO_Biological_Process_2023,Negative Regulation Of Amyloid Fibril Formation (GO:1905907),1/11,0.1046862992439068,0.2679748557609723,0,0,9.944723618090451,22.4431232477853,CLU
GO_Biological_Process_2023,Negative Regulation Of Bone Remodeling (GO:0046851),1/11,0.1046862992439068,0.2679748557609723,0,0,9.944723618090451,22.4431232477853,P2RX7
GO_Biological_Process_2023,Negative Regulation Of Cell Division (GO:0051782),1/11,0.1046862992439068,0.2679748557609723,0,0,9.944723618090451,22.4431232477853,E2F7
GO_Biological_Process_2023,Regulation Of Cell Communication By Electrical Coupling Involved In Cardiac Conduction (GO:1901844),1/11,0.1046862992439068,0.2679748557609723,0,0,9.944723618090451,22.4431232477853,CAV1
GO_Biological_Process_2023,Regulation Of Cell Cycle Checkpoint (GO:1901976),1/11,0.1046862992439068,0.2679748557609723,0,0,9.944723618090451,22.4431232477853,RAD51
GO_Biological_Process_2023,Phosphatidylcholine Metabolic Process (GO:0046470),2/55,0.1048020475500832,0.2679748557609723,0,0,3.763483895559368,8.489222766072233,MUC1;ENPP2
GO_Biological_Process_2023,Purine Ribonucleotide Biosynthetic Process (GO:0009152),2/55,0.1048020475500832,0.2679748557609723,0,0,3.763483895559368,8.489222766072233,GUCY1B1;GART
GO_Biological_Process_2023,Negative Regulation Of Canonical Wnt Signaling Pathway (GO:0090090),3/114,0.1063487931507688,0.2714389774642367,0,0,2.7011935793661683,6.0534587787747896,DAB2;CAV1;KREMEN1
GO_Biological_Process_2023,Pattern Recognition Receptor Signaling Pathway (GO:0002221),2/56,0.1079975643594305,0.2751505513589816,0,0,3.6936026936026938,8.220654292796869,TIFA;ALPK1
GO_Biological_Process_2023,Myeloid Cell Differentiation (GO:0030099),2/57,0.111218880351375,0.2765802221509668,0,0,3.6262626262626254,7.964197874788815,RACGAP1;CASP3
GO_Biological_Process_2023,DNA Strand Elongation Involved In DNA Replication (GO:0006271),1/12,0.1136443487055952,0.2765802221509668,0,0,9.040201005025123,19.659557478207127,PCNA
GO_Biological_Process_2023,Negative Regulation Of Intrinsic Apoptotic Signaling Pathway In Response To DNA Damage By P53 Class Mediator (GO:1902166),1/12,0.1136443487055952,0.2765802221509668,0,0,9.040201005025123,19.659557478207127,MUC1
GO_Biological_Process_2023,Negative Regulation Of Macrophage Derived Foam Cell Differentiation (GO:0010745),1/12,0.1136443487055952,0.2765802221509668,0,0,9.040201005025123,19.659557478207127,ITGB3
GO_Biological_Process_2023,Negative Regulation Of Mononuclear Cell Migration (GO:0071676),1/12,0.1136443487055952,0.2765802221509668,0,0,9.040201005025123,19.659557478207127,SLAMF8
GO_Biological_Process_2023,Negative Regulation Of Potassium Ion Transport (GO:0043267),1/12,0.1136443487055952,0.2765802221509668,0,0,9.040201005025123,19.659557478207127,CAV1
GO_Biological_Process_2023,Negative Regulation Of Substrate Adhesion-Dependent Cell Spreading (GO:1900025),1/12,0.1136443487055952,0.2765802221509668,0,0,9.040201005025123,19.659557478207127,GBP1
GO_Biological_Process_2023,Attachment Of Mitotic Spindle Microtubules To Kinetochore (GO:0051315),1/12,0.1136443487055952,0.2765802221509668,0,0,9.040201005025123,19.659557478207127,NUF2
GO_Biological_Process_2023,"Base-Excision Repair, Gap-Filling (GO:0006287)",1/12,0.1136443487055952,0.2765802221509668,0,0,9.040201005025123,19.659557478207127,FEN1
GO_Biological_Process_2023,Oligosaccharide-Lipid Intermediate Biosynthetic Process (GO:0006490),1/12,0.1136443487055952,0.2765802221509668,0,0,9.040201005025123,19.659557478207127,MPDU1
GO_Biological_Process_2023,Organophosphate Catabolic Process (GO:0046434),1/12,0.1136443487055952,0.2765802221509668,0,0,9.040201005025123,19.659557478207127,ENPP2
GO_Biological_Process_2023,Regulation Of Transcription From RNA Polymerase II Promoter In Response To Stress (GO:0043618),1/12,0.1136443487055952,0.2765802221509668,0,0,9.040201005025123,19.659557478207127,MUC1
GO_Biological_Process_2023,Positive Regulation Of ERAD Pathway (GO:1904294),1/12,0.1136443487055952,0.2765802221509668,0,0,9.040201005025123,19.659557478207127,CAV1
GO_Biological_Process_2023,Positive Regulation Of Alcohol Biosynthetic Process (GO:1902932),1/12,0.1136443487055952,0.2765802221509668,0,0,9.040201005025123,19.659557478207127,BMP6
GO_Biological_Process_2023,Response To Iron Ion (GO:0010039),1/12,0.1136443487055952,0.2765802221509668,0,0,9.040201005025123,19.659557478207127,BMP6
GO_Biological_Process_2023,Steroid Catabolic Process (GO:0006706),1/12,0.1136443487055952,0.2765802221509668,0,0,9.040201005025123,19.659557478207127,HSD11B1
GO_Biological_Process_2023,Positive Regulation Of Integrin-Mediated Signaling Pathway (GO:2001046),1/12,0.1136443487055952,0.2765802221509668,0,0,9.040201005025123,19.659557478207127,LIMS1
GO_Biological_Process_2023,Fatty Acid Transmembrane Transport (GO:1902001),1/12,0.1136443487055952,0.2765802221509668,0,0,9.040201005025123,19.659557478207127,CPT1A
GO_Biological_Process_2023,Folic Acid Metabolic Process (GO:0046655),1/12,0.1136443487055952,0.2765802221509668,0,0,9.040201005025123,19.659557478207127,MTHFD2
GO_Biological_Process_2023,Granulocyte Differentiation (GO:0030851),1/12,0.1136443487055952,0.2765802221509668,0,0,9.040201005025123,19.659557478207127,SRP54
GO_Biological_Process_2023,Positive Regulation Of Protein Export From Nucleus (GO:0046827),1/12,0.1136443487055952,0.2765802221509668,0,0,9.040201005025123,19.659557478207127,YWHAE
GO_Biological_Process_2023,Histone Monoubiquitination (GO:0010390),1/12,0.1136443487055952,0.2765802221509668,0,0,9.040201005025123,19.659557478207127,RAD51
GO_Biological_Process_2023,Positive Regulation Of Vasoconstriction (GO:0045907),1/12,0.1136443487055952,0.2765802221509668,0,0,9.040201005025123,19.659557478207127,CAV1
GO_Biological_Process_2023,mRNA Cleavage Involved In mRNA Processing (GO:0098787),1/12,0.1136443487055952,0.2765802221509668,0,0,9.040201005025123,19.659557478207127,CPSF2
GO_Biological_Process_2023,Mitotic DNA Integrity Checkpoint Signaling (GO:0044774),1/12,0.1136443487055952,0.2765802221509668,0,0,9.040201005025123,19.659557478207127,CLSPN
GO_Biological_Process_2023,Regulation Of Cell Communication By Electrical Coupling (GO:0010649),1/12,0.1136443487055952,0.2765802221509668,0,0,9.040201005025123,19.659557478207127,CAV1
GO_Biological_Process_2023,Regulation Of Neuron Death (GO:1901214),2/58,0.1144651666427582,0.2776222052021614,0,0,3.561327561327561,7.719123085387519,KIF14;CLU
GO_Biological_Process_2023,Regulation Of Bone Mineralization (GO:0030500),2/58,0.1144651666427582,0.2776222052021614,0,0,3.561327561327561,7.719123085387519,P2RX7;BMP6
GO_Biological_Process_2023,Regulation Of Protein Binding (GO:0043393),3/118,0.1147922031202581,0.2779386561850085,0,0,2.606709335687486,5.642565698444747,DAB2;CAV1;AURKB
GO_Biological_Process_2023,Regulation Of Protein-Containing Complex Assembly (GO:0043254),3/119,0.1169417814626649,0.282176926601038,0,0,2.584106423945388,5.545696691343623,SELP;HJURP;CLU
GO_Biological_Process_2023,Cellular Response To Tumor Necrosis Factor (GO:0071356),3/119,0.1169417814626649,0.282176926601038,0,0,2.584106423945388,5.545696691343623,GBP2;GBP1;LIMS1
GO_Biological_Process_2023,Negative Regulation Of Protein-Containing Complex Assembly (GO:0031333),2/59,0.1177356082636544,0.2836084328531643,0,0,3.4986709197235517,7.484754897547597,KIF14;CLU
GO_Biological_Process_2023,Regulation Of Extrinsic Apoptotic Signaling Pathway (GO:2001236),2/60,0.1210294038464434,0.2863366655068161,0,0,3.438174851967956,7.260468635528234,CAV1;ETFA
GO_Biological_Process_2023,Endocytosis (GO:0006897),4/189,0.121734806090777,0.2863366655068161,0,0,2.1638168781025926,4.556804295865727,DAB2;CTTN;CAV1;RHOBTB1
GO_Biological_Process_2023,ERBB2 Signaling Pathway (GO:0038128),1/13,0.1225132126107664,0.2863366655068161,0,0,8.28643216080402,17.397665920944878,EGF
GO_Biological_Process_2023,Regulation Of Intrinsic Apoptotic Signaling Pathway In Response To DNA Damage By P53 Class Mediator (GO:1902165),1/13,0.1225132126107664,0.2863366655068161,0,0,8.28643216080402,17.397665920944878,MUC1
GO_Biological_Process_2023,Negative Regulation Of Secretion (GO:0051048),1/13,0.1225132126107664,0.2863366655068161,0,0,8.28643216080402,17.397665920944878,EGF
GO_Biological_Process_2023,Regulation Of Macrophage Cytokine Production (GO:0010935),1/13,0.1225132126107664,0.2863366655068161,0,0,8.28643216080402,17.397665920944878,LILRB1
GO_Biological_Process_2023,Regulation Of Oxidoreductase Activity (GO:0051341),1/13,0.1225132126107664,0.2863366655068161,0,0,8.28643216080402,17.397665920944878,SLAMF8
GO_Biological_Process_2023,Regulation Of Response To Endoplasmic Reticulum Stress (GO:1905897),1/13,0.1225132126107664,0.2863366655068161,0,0,8.28643216080402,17.397665920944878,CLU
GO_Biological_Process_2023,Plasma Membrane Tubulation (GO:0097320),1/13,0.1225132126107664,0.2863366655068161,0,0,8.28643216080402,17.397665920944878,CAVIN2
GO_Biological_Process_2023,Cellular Response To Interleukin-4 (GO:0071353),1/13,0.1225132126107664,0.2863366655068161,0,0,8.28643216080402,17.397665920944878,JAK3
GO_Biological_Process_2023,Cotranslational Protein Targeting To Membrane (GO:0006613),1/13,0.1225132126107664,0.2863366655068161,0,0,8.28643216080402,17.397665920944878,SRP54
GO_Biological_Process_2023,Positive Regulation Of Brown Fat Cell Differentiation (GO:0090336),1/13,0.1225132126107664,0.2863366655068161,0,0,8.28643216080402,17.397665920944878,PIM1
GO_Biological_Process_2023,Positive Regulation Of Cardiac Muscle Cell Proliferation (GO:0060045),1/13,0.1225132126107664,0.2863366655068161,0,0,8.28643216080402,17.397665920944878,PIM1
GO_Biological_Process_2023,Response To Progesterone (GO:0032570),1/13,0.1225132126107664,0.2863366655068161,0,0,8.28643216080402,17.397665920944878,CAV1
GO_Biological_Process_2023,Immune Response-Regulating Cell Surface Receptor Signaling Pathway (GO:0002768),1/13,0.1225132126107664,0.2863366655068161,0,0,8.28643216080402,17.397665920944878,LILRB1
GO_Biological_Process_2023,Killing By Host Of Symbiont Cells (GO:0051873),1/13,0.1225132126107664,0.2863366655068161,0,0,8.28643216080402,17.397665920944878,PF4
GO_Biological_Process_2023,Negative Regulation Of T Cell Differentiation (GO:0045581),1/13,0.1225132126107664,0.2863366655068161,0,0,8.28643216080402,17.397665920944878,LAG3
GO_Biological_Process_2023,Regulation Of cAMP-dependent Protein Kinase Activity (GO:2000479),1/13,0.1225132126107664,0.2863366655068161,0,0,8.28643216080402,17.397665920944878,PRKAR2B
GO_Biological_Process_2023,Regulation Of Protein Catabolic Process (GO:0042176),3/122,0.123480177679577,0.2876457516291959,0,0,2.5185769739367827,5.26804358631712,CTSA;NQO1;PSMD14
GO_Biological_Process_2023,Protein Localization To Nucleus (GO:0034504),3/122,0.123480177679577,0.2876457516291959,0,0,2.5185769739367827,5.26804358631712,YWHAE;GBP2;LMNB1
GO_Biological_Process_2023,Negative Regulation Of Intrinsic Apoptotic Signaling Pathway (GO:2001243),2/61,0.1243457655234195,0.2882375613936316,0,0,3.379729498373566,7.045685456427677,CLU;BCL2L1
GO_Biological_Process_2023,Regulation Of Pathway-Restricted SMAD Protein Phosphorylation (GO:0060393),2/61,0.1243457655234195,0.2882375613936316,0,0,3.379729498373566,7.045685456427677,DAB2;BMP6
GO_Biological_Process_2023,Positive Regulation Of Cell Junction Assembly (GO:1901890),2/61,0.1243457655234195,0.2882375613936316,0,0,3.379729498373566,7.045685456427677,CAV1;LIMS1
GO_Biological_Process_2023,Positive Regulation Of Epithelial Cell Proliferation (GO:0050679),3/123,0.1256888427302304,0.2908740157455743,0,0,2.49746192893401,5.179600998900278,EGF;ITGB3;BMP6
GO_Biological_Process_2023,Protein Polymerization (GO:0051258),2/63,0.1310431018295034,0.29144332334646,0,0,3.2685875144891536,6.642518297732,PSTPIP2;UBE2C
GO_Biological_Process_2023,Negative Regulation Of Leukocyte Mediated Cytotoxicity (GO:0001911),1/14,0.1312937743788508,0.29144332334646,0,0,7.648627754155393,15.529145947074284,LILRB1
GO_Biological_Process_2023,"RNA Phosphodiester Bond Hydrolysis, Endonucleolytic (GO:0090502)",1/14,0.1312937743788508,0.29144332334646,0,0,7.648627754155393,15.529145947074284,POP1
GO_Biological_Process_2023,T Cell Proliferation (GO:0042098),1/14,0.1312937743788508,0.29144332334646,0,0,7.648627754155393,15.529145947074284,LILRB1
GO_Biological_Process_2023,Negative Regulation Of Receptor Signaling Pathway Via STAT (GO:1904893),1/14,0.1312937743788508,0.29144332334646,0,0,7.648627754155393,15.529145947074284,CAV1
GO_Biological_Process_2023,Regulation Of Macrophage Differentiation (GO:0045649),1/14,0.1312937743788508,0.29144332334646,0,0,7.648627754155393,15.529145947074284,PF4
GO_Biological_Process_2023,Pancreas Development (GO:0031016),1/14,0.1312937743788508,0.29144332334646,0,0,7.648627754155393,15.529145947074284,SRP54
GO_Biological_Process_2023,Cellular Response To ATP (GO:0071318),1/14,0.1312937743788508,0.29144332334646,0,0,7.648627754155393,15.529145947074284,P2RX7
GO_Biological_Process_2023,Respiratory Electron Transport Chain (GO:0022904),1/14,0.1312937743788508,0.29144332334646,0,0,7.648627754155393,15.529145947074284,ETFDH
GO_Biological_Process_2023,Contractile Actin Filament Bundle Assembly (GO:0030038),1/14,0.1312937743788508,0.29144332334646,0,0,7.648627754155393,15.529145947074284,ITGB5
GO_Biological_Process_2023,Dolichol Metabolic Process (GO:0019348),1/14,0.1312937743788508,0.29144332334646,0,0,7.648627754155393,15.529145947074284,MPDU1
GO_Biological_Process_2023,Smooth Muscle Contraction (GO:0006939),1/14,0.1312937743788508,0.29144332334646,0,0,7.648627754155393,15.529145947074284,MYLK
GO_Biological_Process_2023,Establishment Of Chromosome Localization (GO:0051303),1/14,0.1312937743788508,0.29144332334646,0,0,7.648627754155393,15.529145947074284,CENPF
GO_Biological_Process_2023,Positive Regulation Of Histone Acetylation (GO:0035066),1/14,0.1312937743788508,0.29144332334646,0,0,7.648627754155393,15.529145947074284,MUC1
GO_Biological_Process_2023,Stress Fiber Assembly (GO:0043149),1/14,0.1312937743788508,0.29144332334646,0,0,7.648627754155393,15.529145947074284,ITGB5
GO_Biological_Process_2023,Striated Muscle Cell Development (GO:0055002),1/14,0.1312937743788508,0.29144332334646,0,0,7.648627754155393,15.529145947074284,MYL9
GO_Biological_Process_2023,Establishment Of Spindle Localization (GO:0051293),1/14,0.1312937743788508,0.29144332334646,0,0,7.648627754155393,15.529145947074284,NUSAP1
GO_Biological_Process_2023,tRNA 5'-End Processing (GO:0099116),1/14,0.1312937743788508,0.29144332334646,0,0,7.648627754155393,15.529145947074284,POP1
GO_Biological_Process_2023,Ubiquinone Metabolic Process (GO:0006743),1/14,0.1312937743788508,0.29144332334646,0,0,7.648627754155393,15.529145947074284,NQO1
GO_Biological_Process_2023,Histone H2A Monoubiquitination (GO:0035518),1/14,0.1312937743788508,0.29144332334646,0,0,7.648627754155393,15.529145947074284,RAD51
GO_Biological_Process_2023,Membrane Repolarization During Cardiac Muscle Cell Action Potential (GO:0086013),1/14,0.1312937743788508,0.29144332334646,0,0,7.648627754155393,15.529145947074284,YWHAE
GO_Biological_Process_2023,Protein Localization To Vacuole (GO:0072665),1/14,0.1312937743788508,0.29144332334646,0,0,7.648627754155393,15.529145947074284,GBP1
GO_Biological_Process_2023,Mitotic Recombination (GO:0006312),1/14,0.1312937743788508,0.29144332334646,0,0,7.648627754155393,15.529145947074284,RAD51
GO_Biological_Process_2023,Regulation Of MHC Class II Biosynthetic Process (GO:0045346),1/14,0.1312937743788508,0.29144332334646,0,0,7.648627754155393,15.529145947074284,PF4
GO_Biological_Process_2023,Negative Regulation Of T Cell Mediated Immunity (GO:0002710),1/14,0.1312937743788508,0.29144332334646,0,0,7.648627754155393,15.529145947074284,LILRB1
GO_Biological_Process_2023,Regulation Of Bone Remodeling (GO:0046850),1/14,0.1312937743788508,0.29144332334646,0,0,7.648627754155393,15.529145947074284,ITGB3
GO_Biological_Process_2023,Protein N-linked Glycosylation (GO:0006487),2/64,0.1344225663522014,0.2979208602225907,0,0,3.215705441511893,6.45317143498723,SLC39A8;MPDU1
GO_Biological_Process_2023,Regulation Of Tumor Necrosis Factor Production (GO:0032680),3/127,0.1346639798868546,0.2979888381220852,0,0,2.4164074013427213,4.844830729741804,LILRB1;CLU;PF4
GO_Biological_Process_2023,Positive Regulation Of Cell Migration (GO:0030335),5/272,0.1377802943066882,0.3003664475667819,0,0,1.8758282915586288,3.718069751420373,DAB2;EGF;CAV1;ENPP2;MYLK
GO_Biological_Process_2023,Phosphorylation (GO:0016310),7/429,0.1397750413519761,0.3003664475667819,0,0,1.665471600815264,3.277183437536903,MELK;PIM1;BIRC5;NEK2;FAM20A;JAK3;AURKB
GO_Biological_Process_2023,Regulation Of Clathrin-Dependent Endocytosis (GO:2000369),1/15,0.139986908731619,0.3003664475667819,0,0,7.101938262742283,13.963876250165317,DAB2
GO_Biological_Process_2023,DNA Alkylation (GO:0006305),1/15,0.139986908731619,0.3003664475667819,0,0,7.101938262742283,13.963876250165317,SPOCD1
GO_Biological_Process_2023,T Cell Homeostasis (GO:0043029),1/15,0.139986908731619,0.3003664475667819,0,0,7.101938262742283,13.963876250165317,JAK3
GO_Biological_Process_2023,Neurotrophin Signaling Pathway (GO:0038179),1/15,0.139986908731619,0.3003664475667819,0,0,7.101938262742283,13.963876250165317,CASP3
GO_Biological_Process_2023,Nitric Oxide Biosynthetic Process (GO:0006809),1/15,0.139986908731619,0.3003664475667819,0,0,7.101938262742283,13.963876250165317,NQO1
GO_Biological_Process_2023,Phagosome Maturation (GO:0090382),1/15,0.139986908731619,0.3003664475667819,0,0,7.101938262742283,13.963876250165317,SLAMF8
GO_Biological_Process_2023,Positive Regulation Of Cell Activation (GO:0050867),1/15,0.139986908731619,0.3003664475667819,0,0,7.101938262742283,13.963876250165317,SELP
GO_Biological_Process_2023,Dendritic Cell Chemotaxis (GO:0002407),1/15,0.139986908731619,0.3003664475667819,0,0,7.101938262742283,13.963876250165317,CLU
GO_Biological_Process_2023,Dolichol-Linked Oligosaccharide Biosynthetic Process (GO:0006488),1/15,0.139986908731619,0.3003664475667819,0,0,7.101938262742283,13.963876250165317,MPDU1
GO_Biological_Process_2023,Sphingolipid Catabolic Process (GO:0030149),1/15,0.139986908731619,0.3003664475667819,0,0,7.101938262742283,13.963876250165317,ENPP2
GO_Biological_Process_2023,Positive Regulation Of Transmembrane Transport (GO:0034764),1/15,0.139986908731619,0.3003664475667819,0,0,7.101938262742283,13.963876250165317,P2RX7
GO_Biological_Process_2023,Protein Localization To Microtubule Organizing Center (GO:1905508),1/15,0.139986908731619,0.3003664475667819,0,0,7.101938262742283,13.963876250165317,SPAG5
GO_Biological_Process_2023,Membrane Repolarization During Action Potential (GO:0086011),1/15,0.139986908731619,0.3003664475667819,0,0,7.101938262742283,13.963876250165317,YWHAE
GO_Biological_Process_2023,Midbody Abscission (GO:0061952),1/15,0.139986908731619,0.3003664475667819,0,0,7.101938262742283,13.963876250165317,KIF20A
GO_Biological_Process_2023,Negative Regulation Of DNA Replication (GO:0008156),1/15,0.139986908731619,0.3003664475667819,0,0,7.101938262742283,13.963876250165317,CDC6
GO_Biological_Process_2023,Regulation Of Amyloid Fibril Formation (GO:1905906),1/15,0.139986908731619,0.3003664475667819,0,0,7.101938262742283,13.963876250165317,CLU
GO_Biological_Process_2023,Regulation Of Amyloid-Beta Clearance (GO:1900221),1/15,0.139986908731619,0.3003664475667819,0,0,7.101938262742283,13.963876250165317,CLU
GO_Biological_Process_2023,Negative Regulation Of Cation Transmembrane Transport (GO:1904063),1/15,0.139986908731619,0.3003664475667819,0,0,7.101938262742283,13.963876250165317,CAV1
GO_Biological_Process_2023,Negative Regulation Of Immune Response (GO:0050777),2/66,0.1412394085870013,0.3018602471356251,0,0,3.11489898989899,6.096788351656931,LILRB1;AURKB
GO_Biological_Process_2023,Cellular Response To Type II Interferon (GO:0071346),2/66,0.1412394085870013,0.3018602471356251,0,0,3.11489898989899,6.096788351656931,GBP2;GBP1
GO_Biological_Process_2023,Transmembrane Receptor Protein Serine/Threonine Kinase Signaling Pathway (GO:0007178),3/130,0.1415370182821212,0.3018602471356251,0,0,2.3589671849394462,4.612238445645575,ITGB5;TGFB1I1;BMP6
GO_Biological_Process_2023,Positive Regulation Of Peptidyl-Tyrosine Phosphorylation (GO:0050731),3/130,0.1415370182821212,0.3018602471356251,0,0,2.3589671849394462,4.612238445645575,ITGB3;ENPP2;BMP6
GO_Biological_Process_2023,Organic Substance Transport (GO:0071702),4/201,0.142859205659664,0.3042212602451278,0,0,2.03076763700404,3.951662031922736,RUFY1;CENPF;CAV1;CLU
GO_Biological_Process_2023,Extrinsic Apoptotic Signaling Pathway (GO:0097191),2/67,0.1446753520694938,0.3076254854530289,0,0,3.0668220668220667,5.928973623253177,P2RX7;BCL2L1
GO_Biological_Process_2023,Regulation Of MAPK Cascade (GO:0043408),4/204,0.1483544918227803,0.3080809139017932,0,0,2.0,3.816301308308897,P2RX7;EGF;CAV1;ETFA
GO_Biological_Process_2023,Negative Regulation Of Intrinsic Apoptotic Signaling Pathway By P53 Class Mediator (GO:1902254),1/16,0.1485934818111902,0.3080809139017932,0,0,6.628140703517588,12.636822082241835,MUC1
GO_Biological_Process_2023,Negative Regulation Of Natural Killer Cell Mediated Cytotoxicity (GO:0045953),1/16,0.1485934818111902,0.3080809139017932,0,0,6.628140703517588,12.636822082241835,LILRB1
GO_Biological_Process_2023,Negative Regulation Of Receptor Signaling Pathway Via JAK-STAT (GO:0046426),1/16,0.1485934818111902,0.3080809139017932,0,0,6.628140703517588,12.636822082241835,CAV1
GO_Biological_Process_2023,Nitric Oxide Metabolic Process (GO:0046209),1/16,0.1485934818111902,0.3080809139017932,0,0,6.628140703517588,12.636822082241835,NQO1
GO_Biological_Process_2023,Nuclear Chromosome Segregation (GO:0098813),1/16,0.1485934818111902,0.3080809139017932,0,0,6.628140703517588,12.636822082241835,CENPF
GO_Biological_Process_2023,Nuclear Migration (GO:0007097),1/16,0.1485934818111902,0.3080809139017932,0,0,6.628140703517588,12.636822082241835,LMNB1
GO_Biological_Process_2023,Regulation Of Secretion (GO:0051046),1/16,0.1485934818111902,0.3080809139017932,0,0,6.628140703517588,12.636822082241835,EGF
GO_Biological_Process_2023,Regulation Of Transforming Growth Factor Beta Production (GO:0071634),1/16,0.1485934818111902,0.3080809139017932,0,0,6.628140703517588,12.636822082241835,LILRB1
GO_Biological_Process_2023,Positive Regulation Of Cardiac Muscle Tissue Growth (GO:0055023),1/16,0.1485934818111902,0.3080809139017932,0,0,6.628140703517588,12.636822082241835,PIM1
GO_Biological_Process_2023,Reverse Cholesterol Transport (GO:0043691),1/16,0.1485934818111902,0.3080809139017932,0,0,6.628140703517588,12.636822082241835,CLU
GO_Biological_Process_2023,Establishment Of Protein Localization To Endoplasmic Reticulum (GO:0072599),1/16,0.1485934818111902,0.3080809139017932,0,0,6.628140703517588,12.636822082241835,SRP54
GO_Biological_Process_2023,"Synaptic Transmission, Cholinergic (GO:0007271)",1/16,0.1485934818111902,0.3080809139017932,0,0,6.628140703517588,12.636822082241835,NQO1
GO_Biological_Process_2023,Extrinsic Apoptotic Signaling Pathway In Absence Of Ligand (GO:0097192),1/16,0.1485934818111902,0.3080809139017932,0,0,6.628140703517588,12.636822082241835,BCL2L1
GO_Biological_Process_2023,Positive Regulation Of Myeloid Leukocyte Cytokine Production Involved In Immune Response (GO:0061081),1/16,0.1485934818111902,0.3080809139017932,0,0,6.628140703517588,12.636822082241835,LILRB1
GO_Biological_Process_2023,Positive Regulation Of Telomere Capping (GO:1904355),1/16,0.1485934818111902,0.3080809139017932,0,0,6.628140703517588,12.636822082241835,NEK2
GO_Biological_Process_2023,Negative Regulation Of Anoikis (GO:2000811),1/16,0.1485934818111902,0.3080809139017932,0,0,6.628140703517588,12.636822082241835,CAV1
GO_Biological_Process_2023,Cellular Response To Calcium Ion (GO:0071277),2/69,0.1515987898971927,0.3133928200506293,0,0,2.974973616764661,5.612340646899519,ECT2;CLU
GO_Biological_Process_2023,Positive Regulation Of Phosphatidylinositol 3-Kinase Signaling (GO:0014068),2/69,0.1515987898971927,0.3133928200506293,0,0,2.974973616764661,5.612340646899519,SELP;EGF
GO_Biological_Process_2023,Cellular Response To Metal Ion (GO:0071248),3/135,0.1532453275007154,0.3142287023844561,0,0,2.269035532994924,4.256064425015225,ECT2;CLU;BMP6
GO_Biological_Process_2023,Regulation Of Canonical Wnt Signaling Pathway (GO:0060828),4/207,0.1539305700130572,0.3142287023844561,0,0,1.9701417512817936,3.686634888531132,DAB2;EGF;CAV1;KREMEN1
GO_Biological_Process_2023,Negative Regulation Of Epithelial Cell Proliferation (GO:0050680),2/70,0.1550849226995339,0.3142287023844561,0,0,2.931075460487225,5.462886925837976,SPARC;CAV1
GO_Biological_Process_2023,Negative Regulation Of Extrinsic Apoptotic Signaling Pathway (GO:2001237),2/70,0.1550849226995339,0.3142287023844561,0,0,2.931075460487225,5.462886925837976,BCL2L1;PF4
GO_Biological_Process_2023,Positive Regulation Of Protein Transport (GO:0051222),2/70,0.1550849226995339,0.3142287023844561,0,0,2.931075460487225,5.462886925837976,GOLPH3L;BMP6
GO_Biological_Process_2023,DNA Biosynthetic Process (GO:0071897),1/17,0.157114351192228,0.3142287023844561,0,0,6.21356783919598,11.499955704952034,TYMS
GO_Biological_Process_2023,Regulation Of Glucose Transmembrane Transport (GO:0010827),1/17,0.157114351192228,0.3142287023844561,0,0,6.21356783919598,11.499955704952034,RTN2
GO_Biological_Process_2023,Negative Regulation Of Ubiquitin-Protein Transferase Activity (GO:0051444),1/17,0.157114351192228,0.3142287023844561,0,0,6.21356783919598,11.499955704952034,CDC20
GO_Biological_Process_2023,Aorta Morphogenesis (GO:0035909),1/17,0.157114351192228,0.3142287023844561,0,0,6.21356783919598,11.499955704952034,MYLK
GO_Biological_Process_2023,Nuclear Envelope Organization (GO:0006998),1/17,0.157114351192228,0.3142287023844561,0,0,6.21356783919598,11.499955704952034,LMNB1
GO_Biological_Process_2023,cGMP-mediated Signaling (GO:0019934),1/17,0.157114351192228,0.3142287023844561,0,0,6.21356783919598,11.499955704952034,GUCY1B1
GO_Biological_Process_2023,Carboxylic Acid Catabolic Process (GO:0046395),1/17,0.157114351192228,0.3142287023844561,0,0,6.21356783919598,11.499955704952034,ETFA
GO_Biological_Process_2023,Positive Regulation Of Leukocyte Adhesion To Vascular Endothelial Cell (GO:1904996),1/17,0.157114351192228,0.3142287023844561,0,0,6.21356783919598,11.499955704952034,SELP
GO_Biological_Process_2023,Positive Regulation Of Macrophage Derived Foam Cell Differentiation (GO:0010744),1/17,0.157114351192228,0.3142287023844561,0,0,6.21356783919598,11.499955704952034,PF4
GO_Biological_Process_2023,Growth Hormone Receptor Signaling Pathway (GO:0060396),1/17,0.157114351192228,0.3142287023844561,0,0,6.21356783919598,11.499955704952034,JAK3
GO_Biological_Process_2023,Intracellular Zinc Ion Homeostasis (GO:0006882),1/17,0.157114351192228,0.3142287023844561,0,0,6.21356783919598,11.499955704952034,SLC39A8
GO_Biological_Process_2023,Positive Regulation Of Transcription From RNA Polymerase II Promoter In Response To Stress (GO:0036003),1/17,0.157114351192228,0.3142287023844561,0,0,6.21356783919598,11.499955704952034,MUC1
GO_Biological_Process_2023,Leukocyte Tethering Or Rolling (GO:0050901),1/17,0.157114351192228,0.3142287023844561,0,0,6.21356783919598,11.499955704952034,SELP
GO_Biological_Process_2023,Protein Localization To Centrosome (GO:0071539),1/17,0.157114351192228,0.3142287023844561,0,0,6.21356783919598,11.499955704952034,SPAG5
GO_Biological_Process_2023,Purine-Containing Compound Biosynthetic Process (GO:0072522),1/17,0.157114351192228,0.3142287023844561,0,0,6.21356783919598,11.499955704952034,GART
GO_Biological_Process_2023,Muscle Tissue Morphogenesis (GO:0060415),1/17,0.157114351192228,0.3142287023844561,0,0,6.21356783919598,11.499955704952034,MYLK
GO_Biological_Process_2023,Negative Regulation Of Calcium Ion Transport (GO:0051926),1/17,0.157114351192228,0.3142287023844561,0,0,6.21356783919598,11.499955704952034,LILRB1
GO_Biological_Process_2023,Regulation Of Brown Fat Cell Differentiation (GO:0090335),1/17,0.157114351192228,0.3142287023844561,0,0,6.21356783919598,11.499955704952034,PIM1
GO_Biological_Process_2023,Protein Localization To Organelle (GO:0033365),3/137,0.1580124425098557,0.3155785221877627,0,0,2.234942041063717,4.123650211289247,YWHAE;GBP2;GBP1
GO_Biological_Process_2023,Regulation Of Double-Strand Break Repair Via Homologous Recombination (GO:0010569),2/71,0.1585864433775845,0.3158327196280345,0,0,2.888449714536671,5.318951469597782,POLQ;RAD51
GO_Biological_Process_2023,Negative Regulation Of Supramolecular Fiber Organization (GO:1902904),2/71,0.1585864433775845,0.3158327196280345,0,0,2.888449714536671,5.318951469597782,TPX2;CLU
GO_Biological_Process_2023,Regulation Of Cellular Localization (GO:0060341),2/72,0.1621027002960182,0.3186464453217356,0,0,2.8470418470418477,5.180264363849609,MMD;ITGB3
GO_Biological_Process_2023,Plasma Membrane Organization (GO:0007009),2/72,0.1621027002960182,0.3186464453217356,0,0,2.8470418470418477,5.180264363849609,P2RX7;CAVIN2
GO_Biological_Process_2023,Response To Ionizing Radiation (GO:0010212),2/72,0.1621027002960182,0.3186464453217356,0,0,2.8470418470418477,5.180264363849609,RAD51;ECT2
GO_Biological_Process_2023,Ubiquitin-Dependent Protein Catabolic Process (GO:0006511),6/367,0.1629340909056975,0.3186464453217356,0,0,1.6653910957534912,3.021701442368815,PSMA5;PSMD14;UBE2C;TGFB1I1;PSMC2;KIF14
GO_Biological_Process_2023,Negative Regulation Of Wnt Signaling Pathway (GO:0030178),3/140,0.1652477197553054,0.3186464453217356,0,0,2.1856682352069363,3.934879504297894,DAB2;CAV1;KREMEN1
GO_Biological_Process_2023,Regulation Of Epithelial Cell Differentiation (GO:0030856),1/18,0.1655503660358053,0.3186464453217356,0,0,5.847768253029855,10.51709310132786,CAV1
GO_Biological_Process_2023,Negative Regulation Of Lipid Storage (GO:0010888),1/18,0.1655503660358053,0.3186464453217356,0,0,5.847768253029855,10.51709310132786,ITGB3
GO_Biological_Process_2023,Negative Regulation Of Monoatomic Ion Transport (GO:0043271),1/18,0.1655503660358053,0.3186464453217356,0,0,5.847768253029855,10.51709310132786,LILRB1
GO_Biological_Process_2023,T-helper Cell Differentiation (GO:0042093),1/18,0.1655503660358053,0.3186464453217356,0,0,5.847768253029855,10.51709310132786,BATF
GO_Biological_Process_2023,Regulation Of Mitochondrial Membrane Permeability (GO:0046902),1/18,0.1655503660358053,0.3186464453217356,0,0,5.847768253029855,10.51709310132786,BCL2L1
GO_Biological_Process_2023,Nitric Oxide Mediated Signal Transduction (GO:0007263),1/18,0.1655503660358053,0.3186464453217356,0,0,5.847768253029855,10.51709310132786,GUCY1B1
GO_Biological_Process_2023,Cellular Response To Inorganic Substance (GO:0071241),1/18,0.1655503660358053,0.3186464453217356,0,0,5.847768253029855,10.51709310132786,GUCY1B1
GO_Biological_Process_2023,Dendritic Cell Migration (GO:0036336),1/18,0.1655503660358053,0.3186464453217356,0,0,5.847768253029855,10.51709310132786,CLU
GO_Biological_Process_2023,Positive Regulation Of Focal Adhesion Assembly (GO:0051894),1/18,0.1655503660358053,0.3186464453217356,0,0,5.847768253029855,10.51709310132786,LIMS1
GO_Biological_Process_2023,Positive Regulation Of Glycolytic Process (GO:0045821),1/18,0.1655503660358053,0.3186464453217356,0,0,5.847768253029855,10.51709310132786,P2RX7
GO_Biological_Process_2023,Vesicle Transport Along Actin Filament (GO:0030050),1/18,0.1655503660358053,0.3186464453217356,0,0,5.847768253029855,10.51709310132786,MYO7B
GO_Biological_Process_2023,Intracellular Lipid Transport (GO:0032365),1/18,0.1655503660358053,0.3186464453217356,0,0,5.847768253029855,10.51709310132786,CPT1A
GO_Biological_Process_2023,Mitotic Cytokinetic Process (GO:1902410),1/18,0.1655503660358053,0.3186464453217356,0,0,5.847768253029855,10.51709310132786,KIF20A
GO_Biological_Process_2023,Regulation Of DNA Damage Checkpoint (GO:2000001),1/18,0.1655503660358053,0.3186464453217356,0,0,5.847768253029855,10.51709310132786,RAD51
GO_Biological_Process_2023,Negative Regulation Of T Cell Receptor Signaling Pathway (GO:0050860),1/18,0.1655503660358053,0.3186464453217356,0,0,5.847768253029855,10.51709310132786,GBP1
GO_Biological_Process_2023,Regulation Of Cell-Cell Adhesion Mediated By Cadherin (GO:2000047),1/18,0.1655503660358053,0.3186464453217356,0,0,5.847768253029855,10.51709310132786,BMP6
GO_Biological_Process_2023,DNA Replication (GO:0006260),2/73,0.1656330532612982,0.3186464453217356,0,0,2.806800398349694,5.046572271238703,FEN1;PCLAF
GO_Biological_Process_2023,Cellular Response To Reactive Oxygen Species (GO:0034614),2/73,0.1656330532612982,0.3186464453217356,0,0,2.806800398349694,5.046572271238703,ECT2;CLU
GO_Biological_Process_2023,Positive Regulation Of Secretion By Cell (GO:1903532),2/73,0.1656330532612982,0.3186464453217356,0,0,2.806800398349694,5.046572271238703,GOLPH3L;BMP6
GO_Biological_Process_2023,Protein Tetramerization (GO:0051262),2/73,0.1656330532612982,0.3186464453217356,0,0,2.806800398349694,5.046572271238703,TK1;CLU
GO_Biological_Process_2023,Negative Regulation Of Neuron Apoptotic Process (GO:0043524),2/74,0.1691768732048807,0.324141055164907,0,0,2.767676767676768,4.917637208774679,KIF14;CLU
GO_Biological_Process_2023,Gland Development (GO:0048732),2/74,0.1691768732048807,0.324141055164907,0,0,2.767676767676768,4.917637208774679,CAV1;SRP54
GO_Biological_Process_2023,Regulation Of Cell Cycle G1/S Phase Transition (GO:1902806),2/74,0.1691768732048807,0.324141055164907,0,0,2.767676767676768,4.917637208774679,KIF14;E2F1
GO_Biological_Process_2023,Regulation Of Plasma Membrane Bounded Cell Projection Assembly (GO:0120032),2/75,0.1727335422229741,0.3265576987435926,0,0,2.72962501729625,4.793235424721277,CAV1;CLU
GO_Biological_Process_2023,Nucleosome Organization (GO:0034728),2/75,0.1727335422229741,0.3265576987435926,0,0,2.72962501729625,4.793235424721277,H2BC15;H2BC11
GO_Biological_Process_2023,Regulation Of Early Endosome To Late Endosome Transport (GO:2000641),1/19,0.1739023671527052,0.3265576987435926,0,0,5.522613065326633,9.66049300943,DAB2
GO_Biological_Process_2023,Negative Regulation Of Leukocyte Cell-Cell Adhesion (GO:1903038),1/19,0.1739023671527052,0.3265576987435926,0,0,5.522613065326633,9.66049300943,JAK3
GO_Biological_Process_2023,Regulation Of Integrin-Mediated Signaling Pathway (GO:2001044),1/19,0.1739023671527052,0.3265576987435926,0,0,5.522613065326633,9.66049300943,LIMS1
GO_Biological_Process_2023,Negative Regulation Of Protein Dephosphorylation (GO:0035308),1/19,0.1739023671527052,0.3265576987435926,0,0,5.522613065326633,9.66049300943,YWHAE
GO_Biological_Process_2023,Regulation Of Lymphocyte Differentiation (GO:0045619),1/19,0.1739023671527052,0.3265576987435926,0,0,5.522613065326633,9.66049300943,SLAMF8
GO_Biological_Process_2023,Bicarbonate Transport (GO:0015701),1/19,0.1739023671527052,0.3265576987435926,0,0,5.522613065326633,9.66049300943,SLC39A8
GO_Biological_Process_2023,Phosphatidylcholine Biosynthetic Process (GO:0006656),1/19,0.1739023671527052,0.3265576987435926,0,0,5.522613065326633,9.66049300943,MUC1
GO_Biological_Process_2023,Pore Complex Assembly (GO:0046931),1/19,0.1739023671527052,0.3265576987435926,0,0,5.522613065326633,9.66049300943,P2RX7
GO_Biological_Process_2023,Response To Fatty Acid (GO:0070542),1/19,0.1739023671527052,0.3265576987435926,0,0,5.522613065326633,9.66049300943,SCD
GO_Biological_Process_2023,Cyclic Nucleotide Biosynthetic Process (GO:0009190),1/19,0.1739023671527052,0.3265576987435926,0,0,5.522613065326633,9.66049300943,GUCY1B1
GO_Biological_Process_2023,tRNA Metabolic Process (GO:0006399),1/19,0.1739023671527052,0.3265576987435926,0,0,5.522613065326633,9.66049300943,POP1
GO_Biological_Process_2023,Regulation Of B Cell Differentiation (GO:0045577),1/19,0.1739023671527052,0.3265576987435926,0,0,5.522613065326633,9.66049300943,SLAMF8
GO_Biological_Process_2023,Negative Regulation Of Calcium Ion Transmembrane Transport (GO:1903170),1/19,0.1739023671527052,0.3265576987435926,0,0,5.522613065326633,9.66049300943,YWHAE
GO_Biological_Process_2023,Positive Regulation Of Protein Secretion (GO:0050714),2/76,0.1763024531867548,0.3301876408027435,0,0,2.6926016926016927,4.673156378016087,GOLPH3L;BMP6
GO_Biological_Process_2023,Regulation Of Ras Protein Signal Transduction (GO:0046578),2/76,0.1763024531867548,0.3301876408027435,0,0,2.6926016926016927,4.673156378016087,KIF14;ETFA
GO_Biological_Process_2023,Proteasomal Protein Catabolic Process (GO:0010498),4/220,0.1789653930033804,0.3315187366272657,0,0,1.8503401360544216,3.183626455419276,PSMA5;PSMD14;PSMC2;KIF14
GO_Biological_Process_2023,Positive Regulation Of Endothelial Cell Proliferation (GO:0001938),2/77,0.1798830098073791,0.3315187366272657,0,0,2.656565656565657,4.557201796283064,EGF;ITGB3
GO_Biological_Process_2023,Regulation Of T Cell Proliferation (GO:0042129),2/77,0.1798830098073791,0.3315187366272657,0,0,2.656565656565657,4.557201796283064,LILRB1;PDCD1LG2
GO_Biological_Process_2023,Negative Regulation Of Blood Vessel Morphogenesis (GO:2000181),2/77,0.1798830098073791,0.3315187366272657,0,0,2.656565656565657,4.557201796283064,SPARC;PF4
GO_Biological_Process_2023,Positive Regulation Of Cell Motility (GO:2000147),4/221,0.1809460437511027,0.3315187366272657,0,0,1.8417191761497225,3.1485227916603047,DAB2;EGF;CAV1;MYLK
GO_Biological_Process_2023,Negative Regulation Of Microtubule Depolymerization (GO:0007026),1/20,0.182171186958547,0.3315187366272657,0,0,5.231684739486909,8.908556962758436,TPX2
GO_Biological_Process_2023,Actin Filament-Based Transport (GO:0099515),1/20,0.182171186958547,0.3315187366272657,0,0,5.231684739486909,8.908556962758436,MYO7B
GO_Biological_Process_2023,Regulation Of Macrophage Chemotaxis (GO:0010758),1/20,0.182171186958547,0.3315187366272657,0,0,5.231684739486909,8.908556962758436,SLAMF8
GO_Biological_Process_2023,Regulation Of Meiotic Cell Cycle (GO:0051445),1/20,0.182171186958547,0.3315187366272657,0,0,5.231684739486909,8.908556962758436,CDC20
GO_Biological_Process_2023,Regulation Of Protein Localization To Cell Periphery (GO:1904375),1/20,0.182171186958547,0.3315187366272657,0,0,5.231684739486909,8.908556962758436,GBP1
GO_Biological_Process_2023,Regulation Of Spindle Organization (GO:0090224),1/20,0.182171186958547,0.3315187366272657,0,0,5.231684739486909,8.908556962758436,TPX2
GO_Biological_Process_2023,Response To ATP (GO:0033198),1/20,0.182171186958547,0.3315187366272657,0,0,5.231684739486909,8.908556962758436,P2RX7
GO_Biological_Process_2023,Response To Ketone (GO:1901654),1/20,0.182171186958547,0.3315187366272657,0,0,5.231684739486909,8.908556962758436,CAV1
GO_Biological_Process_2023,Sensory Perception Of Pain (GO:0019233),1/20,0.182171186958547,0.3315187366272657,0,0,5.231684739486909,8.908556962758436,P2RX7
GO_Biological_Process_2023,Transport Along Microtubule (GO:0010970),1/20,0.182171186958547,0.3315187366272657,0,0,5.231684739486909,8.908556962758436,COPG1
GO_Biological_Process_2023,Hydrogen Peroxide Catabolic Process (GO:0042744),1/20,0.182171186958547,0.3315187366272657,0,0,5.231684739486909,8.908556962758436,PRDX1
GO_Biological_Process_2023,Intracellular Monoatomic Ion Homeostasis (GO:0006873),1/20,0.182171186958547,0.3315187366272657,0,0,5.231684739486909,8.908556962758436,SLC39A8
GO_Biological_Process_2023,Mesoderm Formation (GO:0001707),1/20,0.182171186958547,0.3315187366272657,0,0,5.231684739486909,8.908556962758436,ITGB3
GO_Biological_Process_2023,Microglial Cell Activation (GO:0001774),1/20,0.182171186958547,0.3315187366272657,0,0,5.231684739486909,8.908556962758436,CLU
GO_Biological_Process_2023,Monocarboxylic Acid Catabolic Process (GO:0072329),1/20,0.182171186958547,0.3315187366272657,0,0,5.231684739486909,8.908556962758436,FANCA
GO_Biological_Process_2023,Regulation Of Calcium Ion Import (GO:0090279),1/20,0.182171186958547,0.3315187366272657,0,0,5.231684739486909,8.908556962758436,EGF
GO_Biological_Process_2023,Regulation Of Cardiac Muscle Cell Proliferation (GO:0060043),1/20,0.182171186958547,0.3315187366272657,0,0,5.231684739486909,8.908556962758436,PIM1
GO_Biological_Process_2023,Positive Regulation Of Tumor Necrosis Factor Production (GO:0032760),2/78,0.1834746263330842,0.3334615959318524,0,0,2.621477937267411,4.445184817601474,CLU;PF4
GO_Biological_Process_2023,Defense Response To Symbiont (GO:0140546),3/148,0.1849990407589495,0.3358005694905708,0,0,2.0642394538771223,3.483207230487368,LILRB1;GBP2;BCL2L1
GO_Biological_Process_2023,Regulation Of Neuron Differentiation (GO:0045664),2/79,0.1870767274857147,0.3374641927536996,0,0,2.5873015873015874,4.336929198982091,MMD;ECT2
GO_Biological_Process_2023,Positive Regulation Of Endocytosis (GO:0045807),2/79,0.1870767274857147,0.3374641927536996,0,0,2.5873015873015874,4.336929198982091,DAB2;CLU
GO_Biological_Process_2023,Negative Regulation Of DNA-binding Transcription Factor Activity (GO:0043433),3/149,0.187511062593512,0.3374641927536996,0,0,2.049996523190321,3.4315249214751327,PIM1;E2F1;E2F2
GO_Biological_Process_2023,Negative Regulation Of Double-Strand Break Repair Via Homologous Recombination (GO:2000042),1/21,0.1903576498347592,0.3374641927536996,0,0,4.969849246231155,8.244237447277422,POLQ
GO_Biological_Process_2023,Negative Regulation Of Interleukin-2 Production (GO:0032703),1/21,0.1903576498347592,0.3374641927536996,0,0,4.969849246231155,8.244237447277422,GBP1
GO_Biological_Process_2023,Negative Regulation Of Osteoclast Differentiation (GO:0045671),1/21,0.1903576498347592,0.3374641927536996,0,0,4.969849246231155,8.244237447277422,LILRB1
GO_Biological_Process_2023,Regulation Of Lipid Storage (GO:0010883),1/21,0.1903576498347592,0.3374641927536996,0,0,4.969849246231155,8.244237447277422,ITGB3
GO_Biological_Process_2023,Negative Regulation Of Tumor Necrosis Factor-Mediated Signaling Pathway (GO:0010804),1/21,0.1903576498347592,0.3374641927536996,0,0,4.969849246231155,8.244237447277422,H2BC11
GO_Biological_Process_2023,Regulation Of Transferase Activity (GO:0051338),1/21,0.1903576498347592,0.3374641927536996,0,0,4.969849246231155,8.244237447277422,SLAMF8
GO_Biological_Process_2023,Chaperone-Mediated Protein Complex Assembly (GO:0051131),1/21,0.1903576498347592,0.3374641927536996,0,0,4.969849246231155,8.244237447277422,CLU
GO_Biological_Process_2023,Retrotransposon Silencing (GO:0010526),1/21,0.1903576498347592,0.3374641927536996,0,0,4.969849246231155,8.244237447277422,SPOCD1
GO_Biological_Process_2023,Sulfur Compound Transport (GO:0072348),1/21,0.1903576498347592,0.3374641927536996,0,0,4.969849246231155,8.244237447277422,RACGAP1
GO_Biological_Process_2023,Focal Adhesion Assembly (GO:0048041),1/21,0.1903576498347592,0.3374641927536996,0,0,4.969849246231155,8.244237447277422,CTTN
GO_Biological_Process_2023,Zinc Ion Transmembrane Transport (GO:0071577),1/21,0.1903576498347592,0.3374641927536996,0,0,4.969849246231155,8.244237447277422,SLC39A8
GO_Biological_Process_2023,Positive Regulation Of Smoothened Signaling Pathway (GO:0045880),1/21,0.1903576498347592,0.3374641927536996,0,0,4.969849246231155,8.244237447277422,TEDC2
GO_Biological_Process_2023,Lipid Catabolic Process (GO:0016042),1/21,0.1903576498347592,0.3374641927536996,0,0,4.969849246231155,8.244237447277422,HSD11B1
GO_Biological_Process_2023,Purine Nucleotide Biosynthetic Process (GO:0006164),1/21,0.1903576498347592,0.3374641927536996,0,0,4.969849246231155,8.244237447277422,GART
GO_Biological_Process_2023,Regulation Of Anoikis (GO:2000209),1/21,0.1903576498347592,0.3374641927536996,0,0,4.969849246231155,8.244237447277422,CAV1
GO_Biological_Process_2023,Calcium Ion Transmembrane Transport (GO:0070588),2/80,0.1906887482391839,0.3374641927536996,0,0,2.554001554001554,4.232268591096898,P2RX7;CLU
GO_Biological_Process_2023,Response To Type II Interferon (GO:0034341),2/80,0.1906887482391839,0.3374641927536996,0,0,2.554001554001554,4.232268591096898,GBP2;GBP1
GO_Biological_Process_2023,Cellular Response To Interleukin-1 (GO:0071347),2/81,0.1943101337404015,0.3426447823034476,0,0,2.521544559519243,4.131045868969444,GBP2;GBP1
GO_Biological_Process_2023,Apoptotic Process (GO:0006915),4/228,0.1950111991581914,0.3426447823034476,0,0,1.783527696793003,2.9155296769838297,MELK;CASP3;KREMEN1;BCL2L1
GO_Biological_Process_2023,Cellular Response To Cytokine Stimulus (GO:0071345),5/308,0.1962979899855861,0.3426447823034476,0,0,1.6499111449606498,2.686255671678184,LILRB1;GBP2;JAK3;GBP1;PF4
GO_Biological_Process_2023,Regulation Of Phosphorylation (GO:0042325),2/82,0.1979403391192459,0.3426447823034476,0,0,2.48989898989899,4.033112516956104,EGF;SLAMF8
GO_Biological_Process_2023,Positive Regulation Of Tumor Necrosis Factor Superfamily Cytokine Production (GO:1903557),2/82,0.1979403391192459,0.3426447823034476,0,0,2.48989898989899,4.033112516956104,CLU;PF4
GO_Biological_Process_2023,Negative Regulation Of Apoptotic Signaling Pathway (GO:2001234),2/82,0.1979403391192459,0.3426447823034476,0,0,2.48989898989899,4.033112516956104,CLU;BCL2L1
GO_Biological_Process_2023,Negative Regulation Of Myeloid Cell Differentiation (GO:0045638),1/22,0.1984625719282345,0.3426447823034476,0,0,4.732950466618808,7.653913334056085,PF4
GO_Biological_Process_2023,Acetylcholine Receptor Signaling Pathway (GO:0095500),1/22,0.1984625719282345,0.3426447823034476,0,0,4.732950466618808,7.653913334056085,LY6G6E
GO_Biological_Process_2023,Oligosaccharide Biosynthetic Process (GO:0009312),1/22,0.1984625719282345,0.3426447823034476,0,0,4.732950466618808,7.653913334056085,MPDU1
GO_Biological_Process_2023,Regulation Of Protein Export From Nucleus (GO:0046825),1/22,0.1984625719282345,0.3426447823034476,0,0,4.732950466618808,7.653913334056085,YWHAE
GO_Biological_Process_2023,Peptidyl-Glutamic Acid Modification (GO:0018200),1/22,0.1984625719282345,0.3426447823034476,0,0,4.732950466618808,7.653913334056085,TTLL7
GO_Biological_Process_2023,Cellular Response To Cadmium Ion (GO:0071276),1/22,0.1984625719282345,0.3426447823034476,0,0,4.732950466618808,7.653913334056085,SLC39A8
GO_Biological_Process_2023,Placenta Development (GO:0001890),1/22,0.1984625719282345,0.3426447823034476,0,0,4.732950466618808,7.653913334056085,E2F7
GO_Biological_Process_2023,Regulation Of Vascular Endothelial Growth Factor Receptor Signaling Pathway (GO:0030947),1/22,0.1984625719282345,0.3426447823034476,0,0,4.732950466618808,7.653913334056085,ITGB3
GO_Biological_Process_2023,Positive Regulation Of Cholesterol Efflux (GO:0010875),1/22,0.1984625719282345,0.3426447823034476,0,0,4.732950466618808,7.653913334056085,CAV1
GO_Biological_Process_2023,Glucose Transmembrane Transport (GO:1904659),1/22,0.1984625719282345,0.3426447823034476,0,0,4.732950466618808,7.653913334056085,PPBP
GO_Biological_Process_2023,Hexose Transmembrane Transport (GO:0008645),1/22,0.1984625719282345,0.3426447823034476,0,0,4.732950466618808,7.653913334056085,PPBP
GO_Biological_Process_2023,Positive Regulation Of Receptor Internalization (GO:0002092),1/22,0.1984625719282345,0.3426447823034476,0,0,4.732950466618808,7.653913334056085,EGF
GO_Biological_Process_2023,Mammary Gland Development (GO:0030879),1/22,0.1984625719282345,0.3426447823034476,0,0,4.732950466618808,7.653913334056085,CAV1
GO_Biological_Process_2023,Negative Regulation Of G Protein-Coupled Receptor Signaling Pathway (GO:0045744),1/22,0.1984625719282345,0.3426447823034476,0,0,4.732950466618808,7.653913334056085,LY6G6E
GO_Biological_Process_2023,Regulation Of Epithelial To Mesenchymal Transition (GO:0010717),2/83,0.2015788294152306,0.3471771800160002,0,0,2.4590347923681257,3.938328060173813,DAB2;TGFB1I1
GO_Biological_Process_2023,Positive Regulation Of Ubiquitin-Dependent Protein Catabolic Process (GO:2000060),2/83,0.2015788294152306,0.3471771800160002,0,0,2.4590347923681257,3.938328060173813,DAB2;CLU
GO_Biological_Process_2023,Regulation Of I-kappaB kinase/NF-kappaB Signaling (GO:0043122),4/232,0.2031974404061652,0.349539149311822,0,0,1.7518796992481205,2.791755475410188,TIFA;SLC39A8;ALPK1;ECT2
GO_Biological_Process_2023,Negative Regulation Of Extrinsic Apoptotic Signaling Pathway Via Death Domain Receptors (GO:1902042),1/23,0.2064867613185778,0.3505069393811154,0,0,4.517587939698492,7.126580711797677,BCL2L1
GO_Biological_Process_2023,Negative Regulation Of Lymphocyte Activation (GO:0051250),1/23,0.2064867613185778,0.3505069393811154,0,0,4.517587939698492,7.126580711797677,JAK3
GO_Biological_Process_2023,Negative Regulation Of Protein Depolymerization (GO:1901880),1/23,0.2064867613185778,0.3505069393811154,0,0,4.517587939698492,7.126580711797677,TPX2
GO_Biological_Process_2023,Cellular Lipid Catabolic Process (GO:0044242),1/23,0.2064867613185778,0.3505069393811154,0,0,4.517587939698492,7.126580711797677,ENPP2
GO_Biological_Process_2023,Response To BMP (GO:0071772),1/23,0.2064867613185778,0.3505069393811154,0,0,4.517587939698492,7.126580711797677,BMP6
GO_Biological_Process_2023,Cytosolic Pattern Recognition Receptor Signaling Pathway (GO:0002753),1/23,0.2064867613185778,0.3505069393811154,0,0,4.517587939698492,7.126580711797677,TIFA
GO_Biological_Process_2023,Positive Regulation Of Cell-Substrate Junction Organization (GO:0150117),1/23,0.2064867613185778,0.3505069393811154,0,0,4.517587939698492,7.126580711797677,LIMS1
GO_Biological_Process_2023,Positive Regulation Of Morphogenesis Of An Epithelium (GO:1905332),1/23,0.2064867613185778,0.3505069393811154,0,0,4.517587939698492,7.126580711797677,EGF
GO_Biological_Process_2023,Zinc Ion Transport (GO:0006829),1/23,0.2064867613185778,0.3505069393811154,0,0,4.517587939698492,7.126580711797677,SLC39A8
GO_Biological_Process_2023,Histone mRNA Metabolic Process (GO:0008334),1/23,0.2064867613185778,0.3505069393811154,0,0,4.517587939698492,7.126580711797677,CPSF2
GO_Biological_Process_2023,Protein Targeting To ER (GO:0045047),1/23,0.2064867613185778,0.3505069393811154,0,0,4.517587939698492,7.126580711797677,SRP54
GO_Biological_Process_2023,Regulation Of Kinase Activity (GO:0043549),2/85,0.2088785730572049,0.3528232666366959,0,0,2.3995375441158573,3.7576810395091074,SLAMF8;ECT2
GO_Biological_Process_2023,Cellular Respiration (GO:0045333),2/85,0.2088785730572049,0.3528232666366959,0,0,2.3995375441158573,3.7576810395091074,ETFDH;ETFA
GO_Biological_Process_2023,Response To Interleukin-1 (GO:0070555),2/85,0.2088785730572049,0.3528232666366959,0,0,2.3995375441158573,3.7576810395091074,GBP2;GBP1
GO_Biological_Process_2023,Positive Regulation Of Canonical Wnt Signaling Pathway (GO:0090263),2/85,0.2088785730572049,0.3528232666366959,0,0,2.3995375441158573,3.7576810395091074,EGF;CAV1
GO_Biological_Process_2023,Negative Regulation Of Apoptotic Process (GO:0043066),7/482,0.2090989373702625,0.3528232666366959,0,0,1.475593127897464,2.309226152031811,DAB2;CAV1;KIF14;PIM1;BIRC5;CLU;BCL2L1
GO_Biological_Process_2023,Supramolecular Fiber Organization (GO:0097435),5/316,0.2103468308223388,0.354505862673167,0,0,1.606810124495012,2.5050130237361263,KIF18B;MYO7B;KIF14;ELMO2;MYL9
GO_Biological_Process_2023,Regulation Of Cytokine Production Involved In Immune Response (GO:0002718),1/24,0.2144310182188985,0.3571324614387779,0,0,4.320952589032117,6.653261007649563,LILRB1
GO_Biological_Process_2023,ERK1 And ERK2 Cascade (GO:0070371),1/24,0.2144310182188985,0.3571324614387779,0,0,4.320952589032117,6.653261007649563,EGF
GO_Biological_Process_2023,Negative Regulation Of Ion Transmembrane Transporter Activity (GO:0032413),1/24,0.2144310182188985,0.3571324614387779,0,0,4.320952589032117,6.653261007649563,YWHAE
GO_Biological_Process_2023,Regulation Of Microtubule Depolymerization (GO:0031114),1/24,0.2144310182188985,0.3571324614387779,0,0,4.320952589032117,6.653261007649563,TPX2
GO_Biological_Process_2023,Regulation Of Proteolysis Involved In Protein Catabolic Process (GO:1903050),1/24,0.2144310182188985,0.3571324614387779,0,0,4.320952589032117,6.653261007649563,PSMD14
GO_Biological_Process_2023,Regulation Of Ruffle Assembly (GO:1900027),1/24,0.2144310182188985,0.3571324614387779,0,0,4.320952589032117,6.653261007649563,CAV1
GO_Biological_Process_2023,Fat-Soluble Vitamin Metabolic Process (GO:0006775),1/24,0.2144310182188985,0.3571324614387779,0,0,4.320952589032117,6.653261007649563,NQO1
GO_Biological_Process_2023,Positive Regulation Of Peptidyl-Threonine Phosphorylation (GO:0010800),1/24,0.2144310182188985,0.3571324614387779,0,0,4.320952589032117,6.653261007649563,EGF
GO_Biological_Process_2023,mRNA Polyadenylation (GO:0006378),1/24,0.2144310182188985,0.3571324614387779,0,0,4.320952589032117,6.653261007649563,CPSF2
GO_Biological_Process_2023,Negative Regulation Of Antigen Receptor-Mediated Signaling Pathway (GO:0050858),1/24,0.2144310182188985,0.3571324614387779,0,0,4.320952589032117,6.653261007649563,GBP1
GO_Biological_Process_2023,Regulation Of Type II Interferon Production (GO:0032649),2/87,0.2162052764803214,0.3596638364037348,0,0,2.342840166369578,3.588122897733772,LILRB1;PDCD1LG2
GO_Biological_Process_2023,Negative Regulation Of Neuron Death (GO:1901215),2/88,0.2198775013707891,0.3633835082900565,0,0,2.315480385247827,3.5072227118932733,KIF14;CLU
GO_Biological_Process_2023,Regulation Of Double-Strand Break Repair Via Nonhomologous End Joining (GO:2001032),1/25,0.2222961348450487,0.3633835082900565,0,0,4.14070351758794,6.226561570384656,AUNIP
GO_Biological_Process_2023,RNA Polyadenylation (GO:0043631),1/25,0.2222961348450487,0.3633835082900565,0,0,4.14070351758794,6.226561570384656,CPSF2
GO_Biological_Process_2023,Negative Regulation Of Transposition (GO:0010529),1/25,0.2222961348450487,0.3633835082900565,0,0,4.14070351758794,6.226561570384656,SPOCD1
GO_Biological_Process_2023,Regulation Of Monocyte Chemotaxis (GO:0090025),1/25,0.2222961348450487,0.3633835082900565,0,0,4.14070351758794,6.226561570384656,SLAMF8
GO_Biological_Process_2023,Regulation Of Myelination (GO:0031641),1/25,0.2222961348450487,0.3633835082900565,0,0,4.14070351758794,6.226561570384656,KIF14
GO_Biological_Process_2023,Carbohydrate Biosynthetic Process (GO:0016051),1/25,0.2222961348450487,0.3633835082900565,0,0,4.14070351758794,6.226561570384656,MPDU1
GO_Biological_Process_2023,Sterol Transport (GO:0015918),1/25,0.2222961348450487,0.3633835082900565,0,0,4.14070351758794,6.226561570384656,CAV1
GO_Biological_Process_2023,Lamellipodium Assembly (GO:0030032),1/25,0.2222961348450487,0.3633835082900565,0,0,4.14070351758794,6.226561570384656,ABLIM3
GO_Biological_Process_2023,Mismatch Repair (GO:0006298),1/25,0.2222961348450487,0.3633835082900565,0,0,4.14070351758794,6.226561570384656,PCNA
GO_Biological_Process_2023,Purine Ribonucleotide Catabolic Process (GO:0009154),1/25,0.2222961348450487,0.3633835082900565,0,0,4.14070351758794,6.226561570384656,PRTFDC1
GO_Biological_Process_2023,Mitotic Cell Cycle Checkpoint Signaling (GO:0007093),1/25,0.2222961348450487,0.3633835082900565,0,0,4.14070351758794,6.226561570384656,AURKB
GO_Biological_Process_2023,Regulation Of B Cell Activation (GO:0050864),1/25,0.2222961348450487,0.3633835082900565,0,0,4.14070351758794,6.226561570384656,SLAMF8
GO_Biological_Process_2023,Regulation Of Actin Cytoskeleton Reorganization (GO:2000249),1/25,0.2222961348450487,0.3633835082900565,0,0,4.14070351758794,6.226561570384656,CLU
GO_Biological_Process_2023,Regulation Of Cell Size (GO:0008361),1/25,0.2222961348450487,0.3633835082900565,0,0,4.14070351758794,6.226561570384656,PRR16
GO_Biological_Process_2023,Nitrogen Compound Transport (GO:0071705),3/163,0.2235253518195274,0.3641783070611931,0,0,1.869289340101523,2.8006261912580666,RUFY1;CENPF;RACGAP1
GO_Biological_Process_2023,Cellular Response To Chemical Stress (GO:0062197),2/89,0.2235550003741977,0.3641783070611931,0,0,2.2887495646116336,3.428770706989903,NQO1;CAV1
GO_Biological_Process_2023,Sensory Perception Of Mechanical Stimulus (GO:0050954),2/89,0.2235550003741977,0.3641783070611931,0,0,2.2887495646116336,3.428770706989903,MYO7B;BIRC5
GO_Biological_Process_2023,Regulation Of Phosphatidylinositol 3-Kinase Signaling (GO:0014066),2/90,0.2272373036176318,0.369750917509012,0,0,2.2626262626262625,3.352670034774279,SELP;EGF
GO_Biological_Process_2023,Regulation Of Epidermal Growth Factor-Activated Receptor Activity (GO:0007176),1/26,0.2300828957266827,0.3709660371237507,0,0,3.974874371859297,5.840344997302112,EGF
GO_Biological_Process_2023,Negative Regulation Of Receptor-Mediated Endocytosis (GO:0048261),1/26,0.2300828957266827,0.3709660371237507,0,0,3.974874371859297,5.840344997302112,ITGB3
GO_Biological_Process_2023,Regulation Of Potassium Ion Transmembrane Transporter Activity (GO:1901016),1/26,0.2300828957266827,0.3709660371237507,0,0,3.974874371859297,5.840344997302112,YWHAE
GO_Biological_Process_2023,Plasma Membrane Invagination (GO:0099024),1/26,0.2300828957266827,0.3709660371237507,0,0,3.974874371859297,5.840344997302112,AURKB
GO_Biological_Process_2023,Regulation Of Vasoconstriction (GO:0019229),1/26,0.2300828957266827,0.3709660371237507,0,0,3.974874371859297,5.840344997302112,CAV1
GO_Biological_Process_2023,Telomere Maintenance Via Telomere Lengthening (GO:0010833),1/26,0.2300828957266827,0.3709660371237507,0,0,3.974874371859297,5.840344997302112,RAD51
GO_Biological_Process_2023,Protein Targeting To Lysosome (GO:0006622),1/26,0.2300828957266827,0.3709660371237507,0,0,3.974874371859297,5.840344997302112,CLU
GO_Biological_Process_2023,Regulation Of Cardiac Muscle Cell Contraction (GO:0086004),1/26,0.2300828957266827,0.3709660371237507,0,0,3.974874371859297,5.840344997302112,CAV1
GO_Biological_Process_2023,Regulation Of Epithelial Cell Proliferation (GO:0050678),2/91,0.2309239500321694,0.3714749321336605,0,0,2.237090001134945,3.2788286401533377,BMP6;LIMS1
GO_Biological_Process_2023,Positive Regulation Of Binding (GO:0051099),2/91,0.2309239500321694,0.3714749321336605,0,0,2.237090001134945,3.2788286401533377,EGF;CAV1
GO_Biological_Process_2023,Membrane Organization (GO:0061024),3/167,0.2340612680505318,0.3760939011630136,0,0,1.82332549213817,2.6477828986834435,KIF20A;CEP55;LMNB1
GO_Biological_Process_2023,Sensory Perception Of Sound (GO:0007605),2/92,0.234614487227205,0.3765549204759,0,0,2.212121212121212,3.2071589757618537,MYO7B;BIRC5
GO_Biological_Process_2023,Proteolysis (GO:0006508),5/330,0.2356752842162345,0.3773714900329386,0,0,1.5364891518737671,2.2206882870545166,CTSA;KEL;CASP3;MMP19;DPP3
GO_Biological_Process_2023,Regulation Of Chromatin Organization (GO:1902275),1/27,0.2377920775242915,0.3773714900329386,0,0,3.821801314263626,5.489477227235043,MKI67
GO_Biological_Process_2023,T Cell Activation Involved In Immune Response (GO:0002286),1/27,0.2377920775242915,0.3773714900329386,0,0,3.821801314263626,5.489477227235043,LILRB1
GO_Biological_Process_2023,Regulation Of Peptidase Activity (GO:0052547),1/27,0.2377920775242915,0.3773714900329386,0,0,3.821801314263626,5.489477227235043,CAV1
GO_Biological_Process_2023,Cell Surface Receptor Signaling Pathway Involved In Cell-Cell Signaling (GO:1905114),1/27,0.2377920775242915,0.3773714900329386,0,0,3.821801314263626,5.489477227235043,P2RX7
GO_Biological_Process_2023,Chaperone Cofactor-Dependent Protein Refolding (GO:0051085),1/27,0.2377920775242915,0.3773714900329386,0,0,3.821801314263626,5.489477227235043,HSPA2
GO_Biological_Process_2023,Positive Regulation Of Mitotic Cell Cycle (GO:0045931),1/27,0.2377920775242915,0.3773714900329386,0,0,3.821801314263626,5.489477227235043,CCNB1
GO_Biological_Process_2023,Glycerophospholipid Catabolic Process (GO:0046475),1/27,0.2377920775242915,0.3773714900329386,0,0,3.821801314263626,5.489477227235043,ENPP2
GO_Biological_Process_2023,Positive Regulation Of Nitric Oxide Biosynthetic Process (GO:0045429),1/27,0.2377920775242915,0.3773714900329386,0,0,3.821801314263626,5.489477227235043,CLU
GO_Biological_Process_2023,Positive Regulation Of Response To Wounding (GO:1903036),1/27,0.2377920775242915,0.3773714900329386,0,0,3.821801314263626,5.489477227235043,MYLK
GO_Biological_Process_2023,Metal Ion Transport (GO:0030001),3/171,0.2446846414909542,0.3805155387476792,0,0,1.779550398839739,2.5052244919637907,KCNJ10;CAV1;CLU
GO_Biological_Process_2023,Golgi To Plasma Membrane Protein Transport (GO:0043001),1/28,0.2454244493195781,0.3805155387476792,0,0,3.680067001675042,5.169633447658624,GOLPH3L
GO_Biological_Process_2023,RNA Phosphodiester Bond Hydrolysis (GO:0090501),1/28,0.2454244493195781,0.3805155387476792,0,0,3.680067001675042,5.169633447658624,POP1
GO_Biological_Process_2023,Regulation Of Monoatomic Ion Transport (GO:0043269),1/28,0.2454244493195781,0.3805155387476792,0,0,3.680067001675042,5.169633447658624,KCNJ10
GO_Biological_Process_2023,Apoptotic Cell Clearance (GO:0043277),1/28,0.2454244493195781,0.3805155387476792,0,0,3.680067001675042,5.169633447658624,ITGB3
GO_Biological_Process_2023,Regulation Of Platelet Activation (GO:0010543),1/28,0.2454244493195781,0.3805155387476792,0,0,3.680067001675042,5.169633447658624,SELP
GO_Biological_Process_2023,Regulation Of Protein Localization To Membrane (GO:1905475),1/28,0.2454244493195781,0.3805155387476792,0,0,3.680067001675042,5.169633447658624,GBP1
GO_Biological_Process_2023,Cell-Substrate Junction Assembly (GO:0007044),1/28,0.2454244493195781,0.3805155387476792,0,0,3.680067001675042,5.169633447658624,CTTN
GO_Biological_Process_2023,Phospholipid Catabolic Process (GO:0009395),1/28,0.2454244493195781,0.3805155387476792,0,0,3.680067001675042,5.169633447658624,ENPP2
GO_Biological_Process_2023,Cellular Response To Osmotic Stress (GO:0071470),1/28,0.2454244493195781,0.3805155387476792,0,0,3.680067001675042,5.169633447658624,MYLK
GO_Biological_Process_2023,Diterpenoid Metabolic Process (GO:0016101),1/28,0.2454244493195781,0.3805155387476792,0,0,3.680067001675042,5.169633447658624,E2F1
GO_Biological_Process_2023,Positive Regulation Of Defense Response To Virus By Host (GO:0002230),1/28,0.2454244493195781,0.3805155387476792,0,0,3.680067001675042,5.169633447658624,LILRB1
GO_Biological_Process_2023,Positive Regulation Of Fibroblast Proliferation (GO:0048146),1/28,0.2454244493195781,0.3805155387476792,0,0,3.680067001675042,5.169633447658624,E2F1
GO_Biological_Process_2023,Sterol Biosynthetic Process (GO:0016126),1/28,0.2454244493195781,0.3805155387476792,0,0,3.680067001675042,5.169633447658624,FAXDC2
GO_Biological_Process_2023,Positive Regulation Of Nitric Oxide Metabolic Process (GO:1904407),1/28,0.2454244493195781,0.3805155387476792,0,0,3.680067001675042,5.169633447658624,CLU
GO_Biological_Process_2023,Hematopoietic Progenitor Cell Differentiation (GO:0002244),1/28,0.2454244493195781,0.3805155387476792,0,0,3.680067001675042,5.169633447658624,BATF
GO_Biological_Process_2023,Positive Regulation Of Protein Import Into Nucleus (GO:0042307),1/28,0.2454244493195781,0.3805155387476792,0,0,3.680067001675042,5.169633447658624,ECT2
GO_Biological_Process_2023,Limb Development (GO:0060173),1/28,0.2454244493195781,0.3805155387476792,0,0,3.680067001675042,5.169633447658624,KREMEN1
GO_Biological_Process_2023,Pyroptosis (GO:0070269),1/28,0.2454244493195781,0.3805155387476792,0,0,3.680067001675042,5.169633447658624,CASP3
GO_Biological_Process_2023,Negative Regulation Of G2/M Transition Of Mitotic Cell Cycle (GO:0010972),1/28,0.2454244493195781,0.3805155387476792,0,0,3.680067001675042,5.169633447658624,AURKB
GO_Biological_Process_2023,Regulation Of Cardiac Muscle Cell Action Potential (GO:0098901),1/28,0.2454244493195781,0.3805155387476792,0,0,3.680067001675042,5.169633447658624,CAV1
GO_Biological_Process_2023,Cellular Response To Transforming Growth Factor Beta Stimulus (GO:0071560),2/96,0.2494067909928498,0.3858437663718705,0,0,2.117558564367075,2.9405900871231445,ITGB5;LIMS1
GO_Biological_Process_2023,Positive Regulation Of Supramolecular Fiber Organization (GO:1902905),2/96,0.2494067909928498,0.3858437663718705,0,0,2.117558564367075,2.9405900871231445,CTTN;CLU
GO_Biological_Process_2023,Regulation Of Developmental Growth (GO:0048638),1/29,0.252980772589684,0.3863010933496902,0,0,3.548456568557071,4.877147000705543,CTTN
GO_Biological_Process_2023,Alpha-Amino Acid Catabolic Process (GO:1901606),1/29,0.252980772589684,0.3863010933496902,0,0,3.548456568557071,4.877147000705543,FANCA
GO_Biological_Process_2023,Carbohydrate Derivative Biosynthetic Process (GO:1901137),1/29,0.252980772589684,0.3863010933496902,0,0,3.548456568557071,4.877147000705543,RRM2
GO_Biological_Process_2023,Cardiac Muscle Cell Action Potential (GO:0086001),1/29,0.252980772589684,0.3863010933496902,0,0,3.548456568557071,4.877147000705543,YWHAE
GO_Biological_Process_2023,Regulation Of Spindle Assembly (GO:0090169),1/29,0.252980772589684,0.3863010933496902,0,0,3.548456568557071,4.877147000705543,SPAG5
GO_Biological_Process_2023,Positive Regulation Of Calcium Ion Transport (GO:0051928),1/29,0.252980772589684,0.3863010933496902,0,0,3.548456568557071,4.877147000705543,MYLK
GO_Biological_Process_2023,Response To Steroid Hormone (GO:0048545),1/29,0.252980772589684,0.3863010933496902,0,0,3.548456568557071,4.877147000705543,CAV1
GO_Biological_Process_2023,Establishment Of Mitotic Spindle Orientation (GO:0000132),1/29,0.252980772589684,0.3863010933496902,0,0,3.548456568557071,4.877147000705543,CENPA
GO_Biological_Process_2023,Integrated Stress Response Signaling (GO:0140467),1/29,0.252980772589684,0.3863010933496902,0,0,3.548456568557071,4.877147000705543,BATF
GO_Biological_Process_2023,Protein K11-linked Ubiquitination (GO:0070979),1/29,0.252980772589684,0.3863010933496902,0,0,3.548456568557071,4.877147000705543,UBE2C
GO_Biological_Process_2023,Negative Regulation Of DNA Binding (GO:0043392),1/29,0.252980772589684,0.3863010933496902,0,0,3.548456568557071,4.877147000705543,E2F1
GO_Biological_Process_2023,Regulation Of Blood Coagulation (GO:0030193),1/29,0.252980772589684,0.3863010933496902,0,0,3.548456568557071,4.877147000705543,CAV1
GO_Biological_Process_2023,Positive Regulation Of I-kappaB kinase/NF-kappaB Signaling (GO:0043123),3/175,0.2553839697105925,0.3895500897203644,0,0,1.7378113563923976,2.3720900885367504,TIFA;ALPK1;ECT2
GO_Biological_Process_2023,Negative Regulation Of Macromolecule Biosynthetic Process (GO:0010558),2/98,0.2568151396703299,0.3904694704234908,0,0,2.073232323232323,2.818349436543183,TYMS;PF4
GO_Biological_Process_2023,MAPK Cascade (GO:0000165),2/98,0.2568151396703299,0.3904694704234908,0,0,2.073232323232323,2.818349436543183,YWHAE;EGF
GO_Biological_Process_2023,Positive Regulation Of Protein-Containing Complex Assembly (GO:0031334),2/98,0.2568151396703299,0.3904694704234908,0,0,2.073232323232323,2.818349436543183,GBP2;CLU
GO_Biological_Process_2023,Positive Regulation Of Hydrolase Activity (GO:0051345),3/176,0.2580693506463658,0.3919549536132774,0,0,1.7276781784572048,2.340186617756609,ECT2;RGS6;LIMS1
GO_Biological_Process_2023,Negative Regulation Of Peptidyl-Tyrosine Phosphorylation (GO:0050732),1/30,0.2604618012849767,0.3926364467131738,0,0,3.425922717033443,4.608890626901229,CAV1
GO_Biological_Process_2023,Nucleic Acid Metabolic Process (GO:0090304),1/30,0.2604618012849767,0.3926364467131738,0,0,3.425922717033443,4.608890626901229,FEN1
GO_Biological_Process_2023,Positive Regulation Of Phosphate Metabolic Process (GO:0045937),1/30,0.2604618012849767,0.3926364467131738,0,0,3.425922717033443,4.608890626901229,EGF
GO_Biological_Process_2023,"Maturation Of SSU-rRNA From Tricistronic rRNA Transcript (SSU-rRNA, 5.8S rRNA, LSU-rRNA) (GO:0000462)",1/30,0.2604618012849767,0.3926364467131738,0,0,3.425922717033443,4.608890626901229,DCAF13
GO_Biological_Process_2023,Mitotic G2 DNA Damage Checkpoint Signaling (GO:0007095),1/30,0.2604618012849767,0.3926364467131738,0,0,3.425922717033443,4.608890626901229,CLSPN
GO_Biological_Process_2023,Negative Regulation Of Calcium Ion Transmembrane Transporter Activity (GO:1901020),1/30,0.2604618012849767,0.3926364467131738,0,0,3.425922717033443,4.608890626901229,YWHAE
GO_Biological_Process_2023,Regulation Of Calcium-Mediated Signaling (GO:0050848),1/30,0.2604618012849767,0.3926364467131738,0,0,3.425922717033443,4.608890626901229,GBP1
GO_Biological_Process_2023,ncRNA Processing (GO:0034470),2/100,0.2642273190435063,0.3978631835004653,0,0,2.0307153164296023,2.702771390555414,POP1;DCAF13
GO_Biological_Process_2023,Negative Regulation Of Intracellular Steroid Hormone Receptor Signaling Pathway (GO:0033144),1/31,0.2678682819607093,0.3978631835004653,0,0,3.3115577889447234,4.362182296847866,DAB2
GO_Biological_Process_2023,Negative Regulation Of Microtubule Polymerization Or Depolymerization (GO:0031111),1/31,0.2678682819607093,0.3978631835004653,0,0,3.3115577889447234,4.362182296847866,TPX2
GO_Biological_Process_2023,Actin Filament Polymerization (GO:0030041),1/31,0.2678682819607093,0.3978631835004653,0,0,3.3115577889447234,4.362182296847866,PSTPIP2
GO_Biological_Process_2023,Regulation Of Protein Localization To Cell Surface (GO:2000008),1/31,0.2678682819607093,0.3978631835004653,0,0,3.3115577889447234,4.362182296847866,EGF
GO_Biological_Process_2023,Phospholipid Translocation (GO:0045332),1/31,0.2678682819607093,0.3978631835004653,0,0,3.3115577889447234,4.362182296847866,P2RX7
GO_Biological_Process_2023,Positive Regulation Of Cholesterol Transport (GO:0032376),1/31,0.2678682819607093,0.3978631835004653,0,0,3.3115577889447234,4.362182296847866,CAV1
GO_Biological_Process_2023,Positive Regulation Of Extrinsic Apoptotic Signaling Pathway (GO:2001238),1/31,0.2678682819607093,0.3978631835004653,0,0,3.3115577889447234,4.362182296847866,CAV1
GO_Biological_Process_2023,Positive Regulation Of Lamellipodium Organization (GO:1902745),1/31,0.2678682819607093,0.3978631835004653,0,0,3.3115577889447234,4.362182296847866,ENPP2
GO_Biological_Process_2023,Glutamine Family Amino Acid Metabolic Process (GO:0009064),1/31,0.2678682819607093,0.3978631835004653,0,0,3.3115577889447234,4.362182296847866,SLC39A8
GO_Biological_Process_2023,Leukocyte Cell-Cell Adhesion (GO:0007159),1/31,0.2678682819607093,0.3978631835004653,0,0,3.3115577889447234,4.362182296847866,SELP
GO_Biological_Process_2023,Receptor Signaling Pathway Via STAT (GO:0097696),1/31,0.2678682819607093,0.3978631835004653,0,0,3.3115577889447234,4.362182296847866,JAK3
GO_Biological_Process_2023,Negative Chemotaxis (GO:0050919),1/31,0.2678682819607093,0.3978631835004653,0,0,3.3115577889447234,4.362182296847866,ITGB3
GO_Biological_Process_2023,Regulation Of Cell Morphogenesis (GO:0022604),1/31,0.2678682819607093,0.3978631835004653,0,0,3.3115577889447234,4.362182296847866,SPARC
GO_Biological_Process_2023,Regulation Of Cell Migration (GO:0030334),6/434,0.2682009325441036,0.3979392640266133,0,0,1.3998458425667213,1.842223489445385,DAB2;EGF;CAV1;KIF14;ENPP2;MYLK
GO_Biological_Process_2023,Calcium Ion Homeostasis (GO:0055074),2/102,0.2716402584331571,0.4019980874346596,0,0,1.9898989898989896,2.593388923930461,CAV1;FAM20A
GO_Biological_Process_2023,Regulation Of Protein Secretion (GO:0050708),2/102,0.2716402584331571,0.4019980874346596,0,0,1.9898989898989896,2.593388923930461,GOLPH3L;BMP6
GO_Biological_Process_2023,'De Novo' Post-Translational Protein Folding (GO:0051084),1/32,0.2752009537742224,0.4019980874346596,0,0,3.204571243313341,4.1347099266061775,HSPA2
GO_Biological_Process_2023,Regulation Of Cholesterol Efflux (GO:0010874),1/32,0.2752009537742224,0.4019980874346596,0,0,3.204571243313341,4.1347099266061775,CAV1
GO_Biological_Process_2023,Negative Regulation Of Fat Cell Differentiation (GO:0045599),1/32,0.2752009537742224,0.4019980874346596,0,0,3.204571243313341,4.1347099266061775,E2F1
GO_Biological_Process_2023,Regulation Of Natural Killer Cell Mediated Cytotoxicity (GO:0042269),1/32,0.2752009537742224,0.4019980874346596,0,0,3.204571243313341,4.1347099266061775,LILRB1
GO_Biological_Process_2023,Cellular Nitrogen Compound Biosynthetic Process (GO:0044271),1/32,0.2752009537742224,0.4019980874346596,0,0,3.204571243313341,4.1347099266061775,NQO1
GO_Biological_Process_2023,Regulation Of Ubiquitin-Protein Transferase Activity (GO:0051438),1/32,0.2752009537742224,0.4019980874346596,0,0,3.204571243313341,4.1347099266061775,CDC20
GO_Biological_Process_2023,Transition Metal Ion Transport (GO:0000041),1/32,0.2752009537742224,0.4019980874346596,0,0,3.204571243313341,4.1347099266061775,SLC39A8
GO_Biological_Process_2023,Vesicle Budding From Membrane (GO:0006900),1/32,0.2752009537742224,0.4019980874346596,0,0,3.204571243313341,4.1347099266061775,GOLPH3L
GO_Biological_Process_2023,Heterochromatin Formation (GO:0031507),1/32,0.2752009537742224,0.4019980874346596,0,0,3.204571243313341,4.1347099266061775,LMNB1
GO_Biological_Process_2023,Intracellular pH Reduction (GO:0051452),1/32,0.2752009537742224,0.4019980874346596,0,0,3.204571243313341,4.1347099266061775,SLAMF8
GO_Biological_Process_2023,Mitochondrial Membrane Organization (GO:0007006),1/32,0.2752009537742224,0.4019980874346596,0,0,3.204571243313341,4.1347099266061775,BCL2L1
GO_Biological_Process_2023,Negative Regulation Of G1/S Transition Of Mitotic Cell Cycle (GO:2000134),1/32,0.2752009537742224,0.4019980874346596,0,0,3.204571243313341,4.1347099266061775,E2F7
GO_Biological_Process_2023,Regulation Of Calcium Ion Transmembrane Transporter Activity (GO:1901019),1/32,0.2752009537742224,0.4019980874346596,0,0,3.204571243313341,4.1347099266061775,YWHAE
GO_Biological_Process_2023,Positive Regulation Of Signal Transduction (GO:0009967),4/266,0.2762092336657276,0.4030545473718667,0,0,1.5218881445708057,1.9580561237696947,TEDC2;ITGB3;BMP6;LIMS1
GO_Biological_Process_2023,Regulation Of Sprouting Angiogenesis (GO:1903670),1/33,0.2824605485993796,0.4071436883563433,0,0,3.1042713567839195,3.9244707255325473,E2F2
GO_Biological_Process_2023,Positive Regulation Of DNA Binding (GO:0043388),1/33,0.2824605485993796,0.4071436883563433,0,0,3.1042713567839195,3.9244707255325473,EGF
GO_Biological_Process_2023,Positive Regulation Of Epidermal Growth Factor Receptor Signaling Pathway (GO:0045742),1/33,0.2824605485993796,0.4071436883563433,0,0,3.1042713567839195,3.9244707255325473,EGF
GO_Biological_Process_2023,Positive Regulation Of Nitrogen Compound Metabolic Process (GO:0051173),1/33,0.2824605485993796,0.4071436883563433,0,0,3.1042713567839195,3.9244707255325473,EGF
GO_Biological_Process_2023,Vasculogenesis (GO:0001570),1/33,0.2824605485993796,0.4071436883563433,0,0,3.1042713567839195,3.9244707255325473,CAV1
GO_Biological_Process_2023,Positive Regulation Of Release Of Sequestered Calcium Ion Into Cytosol (GO:0051281),1/33,0.2824605485993796,0.4071436883563433,0,0,3.1042713567839195,3.9244707255325473,CXCL9
GO_Biological_Process_2023,Positive Regulation Of Small Molecule Metabolic Process (GO:0062013),1/33,0.2824605485993796,0.4071436883563433,0,0,3.1042713567839195,3.9244707255325473,P2RX7
GO_Biological_Process_2023,Protein K63-linked Deubiquitination (GO:0070536),1/33,0.2824605485993796,0.4071436883563433,0,0,3.1042713567839195,3.9244707255325473,PSMD14
GO_Biological_Process_2023,ncRNA Catabolic Process (GO:0034661),1/33,0.2824605485993796,0.4071436883563433,0,0,3.1042713567839195,3.9244707255325473,POP1
GO_Biological_Process_2023,Regulation Of Activated T Cell Proliferation (GO:0046006),1/33,0.2824605485993796,0.4071436883563433,0,0,3.1042713567839195,3.9244707255325473,PDCD1LG2
GO_Biological_Process_2023,Regulation Of Cell Adhesion Mediated By Integrin (GO:0033628),1/33,0.2824605485993796,0.4071436883563433,0,0,3.1042713567839195,3.9244707255325473,MUC1
GO_Biological_Process_2023,Regulation Of Neuron Apoptotic Process (GO:0043523),2/105,0.2827546689999499,0.4071436883563433,0,0,1.931646562714524,2.440008904942008,KIF14;CLU
GO_Biological_Process_2023,Cellular Response To Organonitrogen Compound (GO:0071417),2/105,0.2827546689999499,0.4071436883563433,0,0,1.931646562714524,2.440008904942008,P2RX7;CLU
GO_Biological_Process_2023,Regulation Of Metal Ion Transport (GO:0010959),1/34,0.2896477910754225,0.4145364135431653,0,0,3.010050251256281,3.7297219848476746,P2RX7
GO_Biological_Process_2023,Response To Estrogen (GO:0043627),1/34,0.2896477910754225,0.4145364135431653,0,0,3.010050251256281,3.7297219848476746,CAV1
GO_Biological_Process_2023,Positive Regulation Of Neuron Death (GO:1901216),1/34,0.2896477910754225,0.4145364135431653,0,0,3.010050251256281,3.7297219848476746,CLU
GO_Biological_Process_2023,Positive Regulation Of Organelle Organization (GO:0010638),1/34,0.2896477910754225,0.4145364135431653,0,0,3.010050251256281,3.7297219848476746,P2RX7
GO_Biological_Process_2023,Purine Nucleotide Metabolic Process (GO:0006163),1/34,0.2896477910754225,0.4145364135431653,0,0,3.010050251256281,3.7297219848476746,GART
GO_Biological_Process_2023,Regulation Of T Cell Receptor Signaling Pathway (GO:0050856),1/34,0.2896477910754225,0.4145364135431653,0,0,3.010050251256281,3.7297219848476746,GBP1
GO_Biological_Process_2023,Defense Response To Virus (GO:0051607),3/189,0.2932709854088831,0.4192974452660876,0,0,1.6058621254298346,1.969843996438265,LILRB1;GBP2;BCL2L1
GO_Biological_Process_2023,Intracellular Monoatomic Cation Homeostasis (GO:0030003),3/190,0.295995537622568,0.4194772161973756,0,0,1.5971931919976112,1.9444404019364787,CAV1;SLC39A8;BMP6
GO_Biological_Process_2023,Plasma Membrane Bounded Cell Projection Assembly (GO:0120031),4/275,0.2962721631240577,0.4194772161973756,0,0,1.4706679719858422,1.7890334347425676,P2RX7;ABLIM3;ALPK1;MYLK
GO_Biological_Process_2023,One-Carbon Compound Transport (GO:0019755),1/35,0.2967633987534311,0.4194772161973756,0,0,2.9213715637008573,3.54894088012851,SLC39A8
GO_Biological_Process_2023,Regulation Of Sodium Ion Transport (GO:0002028),1/35,0.2967633987534311,0.4194772161973756,0,0,2.9213715637008573,3.54894088012851,P2RX7
GO_Biological_Process_2023,Skeletal Muscle Organ Development (GO:0060538),1/35,0.2967633987534311,0.4194772161973756,0,0,2.9213715637008573,3.54894088012851,CAV1
GO_Biological_Process_2023,Establishment Of Spindle Orientation (GO:0051294),1/35,0.2967633987534311,0.4194772161973756,0,0,2.9213715637008573,3.54894088012851,CENPA
GO_Biological_Process_2023,Positive Regulation Of Substrate Adhesion-Dependent Cell Spreading (GO:1900026),1/35,0.2967633987534311,0.4194772161973756,0,0,2.9213715637008573,3.54894088012851,LIMS1
GO_Biological_Process_2023,Liver Development (GO:0001889),1/35,0.2967633987534311,0.4194772161973756,0,0,2.9213715637008573,3.54894088012851,E2F7
GO_Biological_Process_2023,Macrophage Activation (GO:0042116),1/35,0.2967633987534311,0.4194772161973756,0,0,2.9213715637008573,3.54894088012851,CLU
GO_Biological_Process_2023,Regulation Of Axon Extension (GO:0030516),1/35,0.2967633987534311,0.4194772161973756,0,0,2.9213715637008573,3.54894088012851,CTTN
GO_Biological_Process_2023,Negative Regulation Of Cell Cycle G1/S Phase Transition (GO:1902807),1/35,0.2967633987534311,0.4194772161973756,0,0,2.9213715637008573,3.54894088012851,E2F7
GO_Biological_Process_2023,Regulation Of Proteasomal Ubiquitin-Dependent Protein Catabolic Process (GO:0032434),2/109,0.2975499631159602,0.4194772161973756,0,0,1.8590578684036627,2.2534999856206213,DAB2;CLU
GO_Biological_Process_2023,Positive Regulation Of Wnt Signaling Pathway (GO:0030177),2/109,0.2975499631159602,0.4194772161973756,0,0,1.8590578684036627,2.2534999856206213,EGF;CAV1
GO_Biological_Process_2023,Extracellular Structure Organization (GO:0043062),2/109,0.2975499631159602,0.4194772161973756,0,0,1.8590578684036627,2.2534999856206213,MMP19;SLC39A8
GO_Biological_Process_2023,Adenylate Cyclase-Activating G Protein-Coupled Receptor Signaling Pathway (GO:0007189),2/110,0.3012423146906411,0.4219888290039128,0,0,1.8417508417508417,2.209806893363538,CXCL9;PF4
GO_Biological_Process_2023,Response To Lipid (GO:0033993),2/110,0.3012423146906411,0.4219888290039128,0,0,1.8417508417508417,2.209806893363538,SELP;SCD
GO_Biological_Process_2023,External Encapsulating Structure Organization (GO:0045229),2/110,0.3012423146906411,0.4219888290039128,0,0,1.8417508417508417,2.209806893363538,MMP19;SLC39A8
GO_Biological_Process_2023,Modification-Dependent Protein Catabolic Process (GO:0019941),3/192,0.3014492960908019,0.4219888290039128,0,0,1.580130529369108,1.8948189743642063,PSMD14;UBE2C;PSMC2
GO_Biological_Process_2023,Regulation Of Glucose Import (GO:0046324),1/36,0.3038080819844295,0.4219888290039128,0,0,2.8377602297200286,3.380791434126185,RTN2
GO_Biological_Process_2023,Negative Regulation Of Sequestering Of Calcium Ion (GO:0051283),1/36,0.3038080819844295,0.4219888290039128,0,0,2.8377602297200286,3.380791434126185,CLU
GO_Biological_Process_2023,Blood Vessel Diameter Maintenance (GO:0097746),1/36,0.3038080819844295,0.4219888290039128,0,0,2.8377602297200286,3.380791434126185,KEL
GO_Biological_Process_2023,Regulation Of Peptidyl-Threonine Phosphorylation (GO:0010799),1/36,0.3038080819844295,0.4219888290039128,0,0,2.8377602297200286,3.380791434126185,EGF
GO_Biological_Process_2023,Regulation Of Receptor Internalization (GO:0002090),1/36,0.3038080819844295,0.4219888290039128,0,0,2.8377602297200286,3.380791434126185,EGF
GO_Biological_Process_2023,Regulation Of Trans-Synaptic Signaling (GO:0099177),1/36,0.3038080819844295,0.4219888290039128,0,0,2.8377602297200286,3.380791434126185,FABP5
GO_Biological_Process_2023,Positive Regulation Of Myeloid Cell Differentiation (GO:0045639),1/36,0.3038080819844295,0.4219888290039128,0,0,2.8377602297200286,3.380791434126185,FAXDC2
GO_Biological_Process_2023,Positive Regulation Of Signaling Receptor Activity (GO:2000273),1/36,0.3038080819844295,0.4219888290039128,0,0,2.8377602297200286,3.380791434126185,EGF
GO_Biological_Process_2023,Lytic Vacuole Organization (GO:0080171),1/36,0.3038080819844295,0.4219888290039128,0,0,2.8377602297200286,3.380791434126185,ACP2
GO_Biological_Process_2023,Receptor Signaling Pathway Via JAK-STAT (GO:0007259),1/36,0.3038080819844295,0.4219888290039128,0,0,2.8377602297200286,3.380791434126185,JAK3
GO_Biological_Process_2023,Regulation Of T Cell Mediated Cytotoxicity (GO:0001914),1/36,0.3038080819844295,0.4219888290039128,0,0,2.8377602297200286,3.380791434126185,LILRB1
GO_Biological_Process_2023,Regulation Of Signal Transduction (GO:0009966),3/193,0.3041781989818723,0.4220882957412831,0,0,1.5717339032861342,1.870585852845177,VEPH1;CLU;RGS6
GO_Biological_Process_2023,Negative Regulation Of Inflammatory Response (GO:0050728),2/111,0.3049314473928455,0.4227186927583172,0,0,1.8247613752200909,2.167211222684004,SLAMF8;SLC39A8
GO_Biological_Process_2023,Negative Regulation Of Defense Response (GO:0031348),2/112,0.3086170575351828,0.4270617274740803,0,0,1.808080808080808,2.1256775548508937,SLC39A8;AURKB
GO_Biological_Process_2023,Regulation Of Programmed Cell Death (GO:0043067),3/195,0.309639303702757,0.4270617274740803,0,0,1.5552030456852792,1.823237928855138,ETFA;JAK3;CLU
GO_Biological_Process_2023,Regulation Of Defense Response To Virus By Host (GO:0050691),1/37,0.3107825442509396,0.4270617274740803,0,0,2.758793969849246,3.2240971983470845,LILRB1
GO_Biological_Process_2023,RNA Stabilization (GO:0043489),1/37,0.3107825442509396,0.4270617274740803,0,0,2.758793969849246,3.2240971983470845,E2F1
GO_Biological_Process_2023,Negative Regulation Of Transferase Activity (GO:0051348),1/37,0.3107825442509396,0.4270617274740803,0,0,2.758793969849246,3.2240971983470845,CDC20
GO_Biological_Process_2023,Calcium Ion Import Across Plasma Membrane (GO:0098703),1/37,0.3107825442509396,0.4270617274740803,0,0,2.758793969849246,3.2240971983470845,CLU
GO_Biological_Process_2023,Positive Regulation Of Immune Effector Process (GO:0002699),1/37,0.3107825442509396,0.4270617274740803,0,0,2.758793969849246,3.2240971983470845,LILRB1
GO_Biological_Process_2023,Muscle Tissue Development (GO:0060537),1/37,0.3107825442509396,0.4270617274740803,0,0,2.758793969849246,3.2240971983470845,CAV1
GO_Biological_Process_2023,Regulation Of Cellular Component Biogenesis (GO:0044087),1/37,0.3107825442509396,0.4270617274740803,0,0,2.758793969849246,3.2240971983470845,HJURP
GO_Biological_Process_2023,Golgi Vesicle Transport (GO:0048193),3/197,0.3151038251381493,0.4315178669327413,0,0,1.5390130305091845,1.7773339551429872,TRAPPC3L;GOLPH3L;COPG1
GO_Biological_Process_2023,Regulation Of Intracellular Transport (GO:0032386),1/38,0.3176874819497763,0.4315178669327413,0,0,2.684096156457965,3.07781854672427,SPAG5
GO_Biological_Process_2023,Amino Acid Catabolic Process (GO:0009063),1/38,0.3176874819497763,0.4315178669327413,0,0,2.684096156457965,3.07781854672427,ETFA
GO_Biological_Process_2023,Negative Regulation Of Type I Interferon Production (GO:0032480),1/38,0.3176874819497763,0.4315178669327413,0,0,2.684096156457965,3.07781854672427,LILRB1
GO_Biological_Process_2023,Calcium-Dependent Cell-Cell Adhesion Via Plasma Membrane Cell Adhesion Molecules (GO:0016339),1/38,0.3176874819497763,0.4315178669327413,0,0,2.684096156457965,3.07781854672427,SELP
GO_Biological_Process_2023,Regulation Of Protein Import Into Nucleus (GO:0042306),1/38,0.3176874819497763,0.4315178669327413,0,0,2.684096156457965,3.07781854672427,ECT2
GO_Biological_Process_2023,Response To Transforming Growth Factor Beta (GO:0071559),1/38,0.3176874819497763,0.4315178669327413,0,0,2.684096156457965,3.07781854672427,LIMS1
GO_Biological_Process_2023,Establishment Of Protein Localization To Plasma Membrane (GO:0061951),1/38,0.3176874819497763,0.4315178669327413,0,0,2.684096156457965,3.07781854672427,GOLPH3L
GO_Biological_Process_2023,Fatty Acid Transport (GO:0015908),1/38,0.3176874819497763,0.4315178669327413,0,0,2.684096156457965,3.07781854672427,FABP5
GO_Biological_Process_2023,Tumor Necrosis Factor-Mediated Signaling Pathway (GO:0033209),1/38,0.3176874819497763,0.4315178669327413,0,0,2.684096156457965,3.07781854672427,LIMS1
GO_Biological_Process_2023,Positive Regulation Of Protein Tyrosine Kinase Activity (GO:0061098),1/38,0.3176874819497763,0.4315178669327413,0,0,2.684096156457965,3.07781854672427,EGF
GO_Biological_Process_2023,Maturation Of SSU-rRNA (GO:0030490),1/38,0.3176874819497763,0.4315178669327413,0,0,2.684096156457965,3.07781854672427,DCAF13
GO_Biological_Process_2023,Endoplasmic Reticulum To Golgi Vesicle-Mediated Transport (GO:0006888),2/115,0.3196498104363898,0.433766633356099,0,0,1.759810494323769,2.007115298893896,TRAPPC3L;COPG1
GO_Biological_Process_2023,Regulation Of Mitochondrial Membrane Potential (GO:0051881),1/39,0.3245235847719431,0.4349538851824905,0,0,2.6133298069293835,2.941033694945818,BCL2L1
GO_Biological_Process_2023,Regulation Of Mitotic Spindle Organization (GO:0060236),1/39,0.3245235847719431,0.4349538851824905,0,0,2.6133298069293835,2.941033694945818,TPX2
GO_Biological_Process_2023,Organelle Transport Along Microtubule (GO:0072384),1/39,0.3245235847719431,0.4349538851824905,0,0,2.6133298069293835,2.941033694945818,COPG1
GO_Biological_Process_2023,Regulation Of Protein Tyrosine Kinase Activity (GO:0061097),1/39,0.3245235847719431,0.4349538851824905,0,0,2.6133298069293835,2.941033694945818,CAV1
GO_Biological_Process_2023,Regulation Of Receptor-Mediated Endocytosis (GO:0048259),1/39,0.3245235847719431,0.4349538851824905,0,0,2.6133298069293835,2.941033694945818,CLU
GO_Biological_Process_2023,Release Of Sequestered Calcium Ion Into Cytosol (GO:0051209),1/39,0.3245235847719431,0.4349538851824905,0,0,2.6133298069293835,2.941033694945818,CLU
GO_Biological_Process_2023,Retina Homeostasis (GO:0001895),1/39,0.3245235847719431,0.4349538851824905,0,0,2.6133298069293835,2.941033694945818,PRDX1
GO_Biological_Process_2023,Positive Regulation Of Intracellular Transport (GO:0032388),1/39,0.3245235847719431,0.4349538851824905,0,0,2.6133298069293835,2.941033694945818,SPAG5
GO_Biological_Process_2023,Positive Regulation Of Intrinsic Apoptotic Signaling Pathway (GO:2001244),1/39,0.3245235847719431,0.4349538851824905,0,0,2.6133298069293835,2.941033694945818,CAV1
GO_Biological_Process_2023,Positive Regulation Of Pattern Recognition Receptor Signaling Pathway (GO:0062208),1/39,0.3245235847719431,0.4349538851824905,0,0,2.6133298069293835,2.941033694945818,CAV1
GO_Biological_Process_2023,Vesicle Cytoskeletal Trafficking (GO:0099518),1/39,0.3245235847719431,0.4349538851824905,0,0,2.6133298069293835,2.941033694945818,MYO7B
GO_Biological_Process_2023,Heterochromatin Organization (GO:0070828),1/39,0.3245235847719431,0.4349538851824905,0,0,2.6133298069293835,2.941033694945818,LMNB1
GO_Biological_Process_2023,Negative Regulation Of Cell-Substrate Adhesion (GO:0010812),1/39,0.3245235847719431,0.4349538851824905,0,0,2.6133298069293835,2.941033694945818,GBP1
GO_Biological_Process_2023,Protein Maturation (GO:0051604),2/117,0.3269820795650746,0.4369834245451658,0,0,1.7290294246815987,1.932795390467605,KEL;CASP3
GO_Biological_Process_2023,Negative Regulation Of Cell Population Proliferation (GO:0008285),5/379,0.3295861645791215,0.4369834245451658,0,0,1.3318250377073906,1.4782158606541342,H2AC6;TGFB1I1;E2F1;CDC6;E2F7
GO_Biological_Process_2023,Regulation Of Small GTPase Mediated Signal Transduction (GO:0051056),2/118,0.3306405252999629,0.4369834245451658,0,0,1.7140369209334727,1.8969649746192256,RACGAP1;ECT2
GO_Biological_Process_2023,Negative Regulation Of Mitotic Cell Cycle Phase Transition (GO:1901991),1/40,0.3312915354401823,0.4369834245451658,0,0,2.54619250096637,2.8129227654318845,E2F7
GO_Biological_Process_2023,Regulation Of Glycolytic Process (GO:0006110),1/40,0.3312915354401823,0.4369834245451658,0,0,2.54619250096637,2.8129227654318845,P2RX7
GO_Biological_Process_2023,Negative Regulation Of Secretion By Cell (GO:1903531),1/40,0.3312915354401823,0.4369834245451658,0,0,2.54619250096637,2.8129227654318845,LILRB1
GO_Biological_Process_2023,Cellular Response To Heat (GO:0034605),1/40,0.3312915354401823,0.4369834245451658,0,0,2.54619250096637,2.8129227654318845,YWHAE
GO_Biological_Process_2023,Cyclic-Nucleotide-Mediated Signaling (GO:0019935),1/40,0.3312915354401823,0.4369834245451658,0,0,2.54619250096637,2.8129227654318845,GUCY1B1
GO_Biological_Process_2023,Positive Regulation Of Catalytic Activity (GO:0043085),1/40,0.3312915354401823,0.4369834245451658,0,0,2.54619250096637,2.8129227654318845,CAV1
GO_Biological_Process_2023,Positive Regulation Of Cell Cycle G1/S Phase Transition (GO:1902808),1/40,0.3312915354401823,0.4369834245451658,0,0,2.54619250096637,2.8129227654318845,RRM2
GO_Biological_Process_2023,Retinoid Metabolic Process (GO:0001523),1/40,0.3312915354401823,0.4369834245451658,0,0,2.54619250096637,2.8129227654318845,E2F1
GO_Biological_Process_2023,Positive Regulation Of Myeloid Leukocyte Differentiation (GO:0002763),1/40,0.3312915354401823,0.4369834245451658,0,0,2.54619250096637,2.8129227654318845,PF4
GO_Biological_Process_2023,Water-Soluble Vitamin Metabolic Process (GO:0006767),1/40,0.3312915354401823,0.4369834245451658,0,0,2.54619250096637,2.8129227654318845,MTHFD2
GO_Biological_Process_2023,Positive Regulation Of Wound Healing (GO:0090303),1/40,0.3312915354401823,0.4369834245451658,0,0,2.54619250096637,2.8129227654318845,MYLK
GO_Biological_Process_2023,mRNA 3'-End Processing (GO:0031124),1/40,0.3312915354401823,0.4369834245451658,0,0,2.54619250096637,2.8129227654318845,CPSF2
GO_Biological_Process_2023,Protein Localization To Chromosome (GO:0034502),1/40,0.3312915354401823,0.4369834245451658,0,0,2.54619250096637,2.8129227654318845,CENPA
GO_Biological_Process_2023,Negative Regulation Of Cell-Cell Adhesion (GO:0022408),1/40,0.3312915354401823,0.4369834245451658,0,0,2.54619250096637,2.8129227654318845,BMP6
GO_Biological_Process_2023,Negative Regulation Of Programmed Cell Death (GO:0043069),5/381,0.3335277557115174,0.4395230629786446,0,0,1.3246044735406437,1.454454379228817,DAB2;KIF14;PIM1;BIRC5;BCL2L1
GO_Biological_Process_2023,Regulation Of Protein Kinase Activity (GO:0045859),2/119,0.3342934948533607,0.4401219755331955,0,0,1.6993006993006994,1.8619848571697335,MMD;ECT2
GO_Biological_Process_2023,Negative Regulation Of mRNA Catabolic Process (GO:1902373),1/41,0.3379920100397979,0.442519168700254,0,0,2.4824120603015074,2.6927543377926204,E2F1
GO_Biological_Process_2023,Acylglycerol Metabolic Process (GO:0006639),1/41,0.3379920100397979,0.442519168700254,0,0,2.4824120603015074,2.6927543377926204,CAV1
GO_Biological_Process_2023,Positive Regulation Of Actin Filament Polymerization (GO:0030838),1/41,0.3379920100397979,0.442519168700254,0,0,2.4824120603015074,2.6927543377926204,CTTN
GO_Biological_Process_2023,Stem Cell Differentiation (GO:0048863),1/41,0.3379920100397979,0.442519168700254,0,0,2.4824120603015074,2.6927543377926204,BATF
GO_Biological_Process_2023,Positive Regulation Of Response To Biotic Stimulus (GO:0002833),1/41,0.3379920100397979,0.442519168700254,0,0,2.4824120603015074,2.6927543377926204,BMP6
GO_Biological_Process_2023,Negative Regulation Of DNA Recombination (GO:0045910),1/41,0.3379920100397979,0.442519168700254,0,0,2.4824120603015074,2.6927543377926204,POLQ
GO_Biological_Process_2023,Negative Regulation Of Cell Differentiation (GO:0045596),3/207,0.3424378699290966,0.4474753981765769,0,0,1.4628247237981489,1.5676581152673636,CAV1;ITGB3;E2F1
GO_Biological_Process_2023,DNA Recombination (GO:0006310),1/42,0.344625677945044,0.4474753981765769,0,0,2.4217428606446867,2.579874053958348,RAD51
GO_Biological_Process_2023,Organic Hydroxy Compound Biosynthetic Process (GO:1901617),1/42,0.344625677945044,0.4474753981765769,0,0,2.4217428606446867,2.579874053958348,FAXDC2
GO_Biological_Process_2023,Regulation Of Ubiquitin-Dependent Protein Catabolic Process (GO:2000058),1/42,0.344625677945044,0.4474753981765769,0,0,2.4217428606446867,2.579874053958348,CLU
GO_Biological_Process_2023,Skeletal Muscle Tissue Development (GO:0007519),1/42,0.344625677945044,0.4474753981765769,0,0,2.4217428606446867,2.579874053958348,CAV1
GO_Biological_Process_2023,Substantia Nigra Development (GO:0021762),1/42,0.344625677945044,0.4474753981765769,0,0,2.4217428606446867,2.579874053958348,YWHAE
GO_Biological_Process_2023,Keratinocyte Differentiation (GO:0030216),1/42,0.344625677945044,0.4474753981765769,0,0,2.4217428606446867,2.579874053958348,CASP3
GO_Biological_Process_2023,Potassium Ion Import Across Plasma Membrane (GO:1990573),1/42,0.344625677945044,0.4474753981765769,0,0,2.4217428606446867,2.579874053958348,KCNJ10
GO_Biological_Process_2023,Negative Regulation Of I-kappaB kinase/NF-kappaB Signaling (GO:0043124),1/42,0.344625677945044,0.4474753981765769,0,0,2.4217428606446867,2.579874053958348,SLC39A8
GO_Biological_Process_2023,Positive Regulation Of Macromolecule Biosynthetic Process (GO:0010557),2/122,0.3452170182416795,0.4478319851318668,0,0,1.6565656565656566,1.7618934494773038,EGF;PRR16
GO_Biological_Process_2023,Regulation Of Intracellular Signal Transduction (GO:1902531),4/297,0.3459386493248436,0.4483567829013096,0,0,1.3587100369157905,1.4422623260219525,RACGAP1;ECT2;GBP1;AURKB
GO_Biological_Process_2023,Regulation Of Cell Motility (GO:2000145),2/123,0.3488455825927885,0.4517103056650211,0,0,1.642791551882461,1.73006635039327,ENPP2;KIF14
GO_Biological_Process_2023,Regulation Of Chromosome Organization (GO:0033044),1/43,0.3511932019412653,0.4526774726936637,0,0,2.363962670495334,2.473694919601735,BUB1
GO_Biological_Process_2023,Regulation Of Filopodium Assembly (GO:0051489),1/43,0.3511932019412653,0.4526774726936637,0,0,2.363962670495334,2.473694919601735,CLU
GO_Biological_Process_2023,SCF-dependent Proteasomal Ubiquitin-Dependent Protein Catabolic Process (GO:0031146),1/43,0.3511932019412653,0.4526774726936637,0,0,2.363962670495334,2.473694919601735,KIF14
GO_Biological_Process_2023,Positive Regulation Of Cell-Matrix Adhesion (GO:0001954),1/43,0.3511932019412653,0.4526774726936637,0,0,2.363962670495334,2.473694919601735,LIMS1
GO_Biological_Process_2023,Lysosome Organization (GO:0007040),1/43,0.3511932019412653,0.4526774726936637,0,0,2.363962670495334,2.473694919601735,ACP2
GO_Biological_Process_2023,Regulation Of DNA Metabolic Process (GO:0051052),2/124,0.3524674479014492,0.4539061669696259,0,0,1.6292432521940718,1.698969987670421,DSCC1;ESCO2
GO_Biological_Process_2023,Positive Regulation Of Cell Population Proliferation (GO:0008284),6/483,0.3536885175944971,0.4550642073508816,0,0,1.2528690916164171,1.3021552665274194,EGF;KIF14;PIM1;E2F1;BIRC5;BMP6
GO_Biological_Process_2023,Bone Development (GO:0060348),1/44,0.3576952382847675,0.4577204225653042,0,0,2.308869931050602,2.373689018141451,BMP6
GO_Biological_Process_2023,Response To Unfolded Protein (GO:0006986),1/44,0.3576952382847675,0.4577204225653042,0,0,2.308869931050602,2.373689018141451,HSPA2
GO_Biological_Process_2023,Extracellular Matrix Disassembly (GO:0022617),1/44,0.3576952382847675,0.4577204225653042,0,0,2.308869931050602,2.373689018141451,MMP19
GO_Biological_Process_2023,Positive Regulation Of Osteoblast Differentiation (GO:0045669),1/44,0.3576952382847675,0.4577204225653042,0,0,2.308869931050602,2.373689018141451,BMP6
GO_Biological_Process_2023,Regulation Of DNA Recombination (GO:0000018),1/44,0.3576952382847675,0.4577204225653042,0,0,2.308869931050602,2.373689018141451,RAD51
GO_Biological_Process_2023,Regulation Of Cell-Substrate Adhesion (GO:0010810),1/44,0.3576952382847675,0.4577204225653042,0,0,2.308869931050602,2.373689018141451,LIMS1
GO_Biological_Process_2023,Positive Regulation Of Intracellular Protein Transport (GO:0090316),2/126,0.3596901730363681,0.459857056666749,0,0,1.6028022157054416,1.638884897548312,YWHAE;ECT2
GO_Biological_Process_2023,Regulation Of GTPase Activity (GO:0043087),3/214,0.3615321644905319,0.4617787134193047,0,0,1.4137897851661174,1.43839575902822,ECT2;RGS6;LIMS1
GO_Biological_Process_2023,I-kappaB kinase/NF-kappaB Signaling (GO:0007249),1/45,0.3641324366778817,0.4617787134193047,0,0,2.256281407035176,2.279380404926681,TIFA
GO_Biological_Process_2023,Negative Regulation Of Response To Biotic Stimulus (GO:0002832),1/45,0.3641324366778817,0.4617787134193047,0,0,2.256281407035176,2.279380404926681,AURKB
GO_Biological_Process_2023,Chromosome Organization (GO:0051276),1/45,0.3641324366778817,0.4617787134193047,0,0,2.256281407035176,2.279380404926681,NUF2
GO_Biological_Process_2023,Epidermal Growth Factor Receptor Signaling Pathway (GO:0007173),1/45,0.3641324366778817,0.4617787134193047,0,0,2.256281407035176,2.279380404926681,EGF
GO_Biological_Process_2023,Establishment Of Protein Localization To Extracellular Region (GO:0035592),1/45,0.3641324366778817,0.4617787134193047,0,0,2.256281407035176,2.279380404926681,COPG1
GO_Biological_Process_2023,Triglyceride Metabolic Process (GO:0006641),1/45,0.3641324366778817,0.4617787134193047,0,0,2.256281407035176,2.279380404926681,CAV1
GO_Biological_Process_2023,Natural Killer Cell Activation (GO:0030101),1/45,0.3641324366778817,0.4617787134193047,0,0,2.256281407035176,2.279380404926681,PRDX1
GO_Biological_Process_2023,Regulation Of Apoptotic Signaling Pathway (GO:2001233),1/45,0.3641324366778817,0.4617787134193047,0,0,2.256281407035176,2.279380404926681,ETFA
GO_Biological_Process_2023,Regulation Of Fibroblast Proliferation (GO:0048145),1/46,0.3705054405101429,0.4677631186440554,0,0,2.2060301507537687,2.1903389894516705,E2F1
GO_Biological_Process_2023,Regulation Of Nervous System Development (GO:0051960),1/46,0.3705054405101429,0.4677631186440554,0,0,2.2060301507537687,2.1903389894516705,KIF14
GO_Biological_Process_2023,Cellular Component Disassembly (GO:0022411),1/46,0.3705054405101429,0.4677631186440554,0,0,2.2060301507537687,2.1903389894516705,MMP19
GO_Biological_Process_2023,Myofibril Assembly (GO:0030239),1/46,0.3705054405101429,0.4677631186440554,0,0,2.2060301507537687,2.1903389894516705,MYL9
GO_Biological_Process_2023,Negative Regulation Of Cellular Metabolic Process (GO:0031324),1/46,0.3705054405101429,0.4677631186440554,0,0,2.2060301507537687,2.1903389894516705,ITGB3
GO_Biological_Process_2023,Golgi To Plasma Membrane Transport (GO:0006893),1/47,0.376814886705751,0.4719364480087971,0,0,2.1579637317019884,2.1061752538856453,GOLPH3L
GO_Biological_Process_2023,Regulation Of Interleukin-2 Production (GO:0032663),1/47,0.376814886705751,0.4719364480087971,0,0,2.1579637317019884,2.1061752538856453,GBP1
GO_Biological_Process_2023,Negative Regulation Of Tumor Necrosis Factor Production (GO:0032720),1/47,0.376814886705751,0.4719364480087971,0,0,2.1579637317019884,2.1061752538856453,LILRB1
GO_Biological_Process_2023,Bicellular Tight Junction Assembly (GO:0070830),1/47,0.376814886705751,0.4719364480087971,0,0,2.1579637317019884,2.1061752538856453,ECT2
GO_Biological_Process_2023,Regulation Of Signal Transduction By P53 Class Mediator (GO:1901796),1/47,0.376814886705751,0.4719364480087971,0,0,2.1579637317019884,2.1061752538856453,AURKB
GO_Biological_Process_2023,Response To Organonitrogen Compound (GO:0010243),1/47,0.376814886705751,0.4719364480087971,0,0,2.1579637317019884,2.1061752538856453,CLU
GO_Biological_Process_2023,Epithelial To Mesenchymal Transition (GO:0001837),1/47,0.376814886705751,0.4719364480087971,0,0,2.1579637317019884,2.1061752538856453,LIMS1
GO_Biological_Process_2023,Protein Monoubiquitination (GO:0006513),1/47,0.376814886705751,0.4719364480087971,0,0,2.1579637317019884,2.1061752538856453,FANCA
GO_Biological_Process_2023,Regulation Of T Cell Differentiation (GO:0045580),1/47,0.376814886705751,0.4719364480087971,0,0,2.1579637317019884,2.1061752538856453,FANCA
GO_Biological_Process_2023,Oligosaccharide Metabolic Process (GO:0009311),1/48,0.3830614060395898,0.4772236371277357,0,0,2.111942692184326,2.026535673888961,MPDU1
GO_Biological_Process_2023,Cellular Defense Response (GO:0006968),1/48,0.3830614060395898,0.4772236371277357,0,0,2.111942692184326,2.026535673888961,CXCL9
GO_Biological_Process_2023,Regulation Of Tumor Necrosis Factor-Mediated Signaling Pathway (GO:0010803),1/48,0.3830614060395898,0.4772236371277357,0,0,2.111942692184326,2.026535673888961,H2BC11
GO_Biological_Process_2023,Chloride Transmembrane Transport (GO:1902476),1/48,0.3830614060395898,0.4772236371277357,0,0,2.111942692184326,2.026535673888961,APOL1
GO_Biological_Process_2023,"Retrograde Vesicle-Mediated Transport, Golgi To Endoplasmic Reticulum (GO:0006890)",1/48,0.3830614060395898,0.4772236371277357,0,0,2.111942692184326,2.026535673888961,GOLPH3L
GO_Biological_Process_2023,Negative Regulation Of ERK1 And ERK2 Cascade (GO:0070373),1/48,0.3830614060395898,0.4772236371277357,0,0,2.111942692184326,2.026535673888961,GBP1
GO_Biological_Process_2023,Negative Regulation Of Tumor Necrosis Factor Superfamily Cytokine Production (GO:1903556),1/49,0.3892456229672477,0.4823780112845646,0,0,2.0678391959799,1.9510987409424116,LILRB1
GO_Biological_Process_2023,Nuclear Export (GO:0051168),1/49,0.3892456229672477,0.4823780112845646,0,0,2.0678391959799,1.9510987409424116,ANKLE1
GO_Biological_Process_2023,Unsaturated Fatty Acid Metabolic Process (GO:0033559),1/49,0.3892456229672477,0.4823780112845646,0,0,2.0678391959799,1.9510987409424116,SCD
GO_Biological_Process_2023,Heterophilic Cell-Cell Adhesion Via Plasma Membrane Cell Adhesion Molecules (GO:0007157),1/49,0.3892456229672477,0.4823780112845646,0,0,2.0678391959799,1.9510987409424116,SELP
GO_Biological_Process_2023,Negative Regulation Of DNA Metabolic Process (GO:0051053),1/49,0.3892456229672477,0.4823780112845646,0,0,2.0678391959799,1.9510987409424116,CDC6
GO_Biological_Process_2023,Regulation Of Cell Communication (GO:0010646),1/49,0.3892456229672477,0.4823780112845646,0,0,2.0678391959799,1.9510987409424116,VEPH1
GO_Biological_Process_2023,Regulation Of Epithelial Cell Migration (GO:0010632),1/50,0.3953681557510544,0.4852869550624922,0,0,2.025535842477695,1.8795714928238212,ENPP2
GO_Biological_Process_2023,Regulation Of Interferon-Beta Production (GO:0032648),1/50,0.3953681557510544,0.4852869550624922,0,0,2.025535842477695,1.8795714928238212,LILRB1
GO_Biological_Process_2023,Blood Circulation (GO:0008015),1/50,0.3953681557510544,0.4852869550624922,0,0,2.025535842477695,1.8795714928238212,GUCY1B1
GO_Biological_Process_2023,Cell Chemotaxis (GO:0060326),1/50,0.3953681557510544,0.4852869550624922,0,0,2.025535842477695,1.8795714928238212,ELMO2
GO_Biological_Process_2023,Plasma Membrane Bounded Cell Projection Morphogenesis (GO:0120039),1/50,0.3953681557510544,0.4852869550624922,0,0,2.025535842477695,1.8795714928238212,CTTN
GO_Biological_Process_2023,Positive Regulation Of Cell Death (GO:0010942),1/50,0.3953681557510544,0.4852869550624922,0,0,2.025535842477695,1.8795714928238212,CLU
GO_Biological_Process_2023,Dicarboxylic Acid Metabolic Process (GO:0043648),1/50,0.3953681557510544,0.4852869550624922,0,0,2.025535842477695,1.8795714928238212,MTHFD2
GO_Biological_Process_2023,Positive Regulation Of Fat Cell Differentiation (GO:0045600),1/50,0.3953681557510544,0.4852869550624922,0,0,2.025535842477695,1.8795714928238212,PIM1
GO_Biological_Process_2023,Steroid Biosynthetic Process (GO:0006694),1/50,0.3953681557510544,0.4852869550624922,0,0,2.025535842477695,1.8795714928238212,FAXDC2
GO_Biological_Process_2023,tRNA Processing (GO:0008033),1/50,0.3953681557510544,0.4852869550624922,0,0,2.025535842477695,1.8795714928238212,POP1
GO_Biological_Process_2023,Intracellular Iron Ion Homeostasis (GO:0006879),1/50,0.3953681557510544,0.4852869550624922,0,0,2.025535842477695,1.8795714928238212,BMP6
GO_Biological_Process_2023,Negative Regulation Of Cellular Biosynthetic Process (GO:0031327),2/137,0.3988450044858849,0.4891299534631754,0,0,1.4713804713804717,1.3524670293145111,CAV1;TYMS
GO_Biological_Process_2023,"Negative Regulation Of Gene Expression, Epigenetic (GO:0045814)",1/51,0.4014296166851454,0.489751059527865,0,0,1.984924623115578,1.8116864795932897,LMNB1
GO_Biological_Process_2023,SMAD Protein Signal Transduction (GO:0060395),1/51,0.4014296166851454,0.489751059527865,0,0,1.984924623115578,1.8116864795932897,BMP6
GO_Biological_Process_2023,Regulation Of Release Of Sequestered Calcium Ion Into Cytosol (GO:0051279),1/51,0.4014296166851454,0.489751059527865,0,0,1.984924623115578,1.8116864795932897,CXCL9
GO_Biological_Process_2023,Regulation Of Smoothened Signaling Pathway (GO:0008589),1/51,0.4014296166851454,0.489751059527865,0,0,1.984924623115578,1.8116864795932897,TEDC2
GO_Biological_Process_2023,Sensory Perception (GO:0007600),1/51,0.4014296166851454,0.489751059527865,0,0,1.984924623115578,1.8116864795932897,P2RX7
GO_Biological_Process_2023,Microtubule Bundle Formation (GO:0001578),1/51,0.4014296166851454,0.489751059527865,0,0,1.984924623115578,1.8116864795932897,KIF20A
GO_Biological_Process_2023,Intracellular Calcium Ion Homeostasis (GO:0006874),2/139,0.4058480895063414,0.4945123477125543,0,0,1.44975300449753,1.3073529773997317,YWHAE;CAV1
GO_Biological_Process_2023,Negative Regulation Of Response To Stimulus (GO:0048585),1/52,0.4074306117999475,0.4945123477125543,0,0,1.9459060005911912,1.7471991060741807,CLU
GO_Biological_Process_2023,Regulation Of Proteolysis (GO:0030162),1/52,0.4074306117999475,0.4945123477125543,0,0,1.9459060005911912,1.7471991060741807,CAV1
GO_Biological_Process_2023,Sprouting Angiogenesis (GO:0002040),1/52,0.4074306117999475,0.4945123477125543,0,0,1.9459060005911912,1.7471991060741807,E2F7
GO_Biological_Process_2023,Fatty Acid Oxidation (GO:0019395),1/52,0.4074306117999475,0.4945123477125543,0,0,1.9459060005911912,1.7471991060741807,ACAA2
GO_Biological_Process_2023,Regulation Of Cell Development (GO:0060284),1/52,0.4074306117999475,0.4945123477125543,0,0,1.9459060005911912,1.7471991060741807,SLAMF8
GO_Biological_Process_2023,Intracellular Protein Transport (GO:0006886),4/325,0.4093045550374721,0.4963607554228006,0,0,1.238413122258249,1.1062691995362242,CTSA;RTN2;ANKLE1;CTTN
GO_Biological_Process_2023,Actin Cytoskeleton Reorganization (GO:0031532),1/53,0.4133717413870322,0.4978770377523539,0,0,1.9083880943177425,1.6858852917962188,CTTN
GO_Biological_Process_2023,Actin Polymerization Or Depolymerization (GO:0008154),1/53,0.4133717413870322,0.4978770377523539,0,0,1.9083880943177425,1.6858852917962188,PSTPIP2
GO_Biological_Process_2023,Blood Vessel Morphogenesis (GO:0048514),1/53,0.4133717413870322,0.4978770377523539,0,0,1.9083880943177425,1.6858852917962188,CAV1
GO_Biological_Process_2023,Cellular Response To Alcohol (GO:0097306),1/53,0.4133717413870322,0.4978770377523539,0,0,1.9083880943177425,1.6858852917962188,RAD51
GO_Biological_Process_2023,Positive Regulation Of NIK/NF-kappaB Signaling (GO:1901224),1/53,0.4133717413870322,0.4978770377523539,0,0,1.9083880943177425,1.6858852917962188,LIMS1
GO_Biological_Process_2023,Tight Junction Assembly (GO:0120192),1/53,0.4133717413870322,0.4978770377523539,0,0,1.9083880943177425,1.6858852917962188,ECT2
GO_Biological_Process_2023,mRNA Stabilization (GO:0048255),1/53,0.4133717413870322,0.4978770377523539,0,0,1.9083880943177425,1.6858852917962188,E2F1
GO_Biological_Process_2023,Mitochondrial Transport (GO:0006839),1/53,0.4133717413870322,0.4978770377523539,0,0,1.9083880943177425,1.6858852917962188,BCL2L1
GO_Biological_Process_2023,Positive Regulation Of GTPase Activity (GO:0043547),3/234,0.4155023441451383,0.5000172890393408,0,0,1.290065264684554,1.1330217794351636,ECT2;RGS6;LIMS1
GO_Biological_Process_2023,ERBB Signaling Pathway (GO:0038127),1/54,0.4192535996279672,0.500696444150292,0,0,1.8722859580923483,1.627539412897697,EGF
GO_Biological_Process_2023,Regulation Of Focal Adhesion Assembly (GO:0051893),1/54,0.4192535996279672,0.500696444150292,0,0,1.8722859580923483,1.627539412897697,LIMS1
GO_Biological_Process_2023,Negative Regulation Of Protein Modification By Small Protein Conjugation Or Removal (GO:1903321),1/54,0.4192535996279672,0.500696444150292,0,0,1.8722859580923483,1.627539412897697,CAV1
GO_Biological_Process_2023,Regulation Of Lipid Metabolic Process (GO:0019216),1/54,0.4192535996279672,0.500696444150292,0,0,1.8722859580923483,1.627539412897697,CAV1
GO_Biological_Process_2023,Apical Junction Assembly (GO:0043297),1/54,0.4192535996279672,0.500696444150292,0,0,1.8722859580923483,1.627539412897697,ECT2
GO_Biological_Process_2023,Peptidyl-Tyrosine Modification (GO:0018212),1/54,0.4192535996279672,0.500696444150292,0,0,1.8722859580923483,1.627539412897697,JAK3
GO_Biological_Process_2023,Epidermal Cell Differentiation (GO:0009913),1/54,0.4192535996279672,0.500696444150292,0,0,1.8722859580923483,1.627539412897697,CASP3
GO_Biological_Process_2023,Mesenchymal Cell Differentiation (GO:0048762),1/54,0.4192535996279672,0.500696444150292,0,0,1.8722859580923483,1.627539412897697,LIMS1
GO_Biological_Process_2023,Monoatomic Anion Transmembrane Transport (GO:0098656),1/54,0.4192535996279672,0.500696444150292,0,0,1.8722859580923483,1.627539412897697,APOL1
GO_Biological_Process_2023,Inflammatory Response (GO:0006954),3/236,0.420828571813749,0.5021532494047604,0,0,1.278861026992876,1.106892227976248,CXCL9;PPBP;PF4
GO_Biological_Process_2023,Ras Protein Signal Transduction (GO:0007265),2/144,0.4231821267362764,0.504110806406988,0,0,1.398349694124342,1.2025145012328535,RACGAP1;CTNNAL1
GO_Biological_Process_2023,Actin Filament Organization (GO:0007015),2/144,0.4231821267362764,0.504110806406988,0,0,1.398349694124342,1.2025145012328535,MYO7B;ELMO2
GO_Biological_Process_2023,Response To Peptide Hormone (GO:0043434),1/55,0.4250767749174149,0.5059415485969906,0,0,1.8375209380234503,1.5719724807707876,CAV1
GO_Biological_Process_2023,Negative Regulation Of Response To External Stimulus (GO:0032102),2/146,0.4300431951119408,0.5110825297911368,0,0,1.378787878787879,1.1635172055269425,SLC39A8;AURKB
GO_Biological_Process_2023,Cellular Response To Peptide (GO:1901653),1/56,0.4308418497249187,0.5110825297911368,0,0,1.8040201005025125,1.5190105312629705,CAV1
GO_Biological_Process_2023,Positive Regulation Of Cellular Metabolic Process (GO:0031325),1/56,0.4308418497249187,0.5110825297911368,0,0,1.8040201005025125,1.5190105312629705,CCNB1
GO_Biological_Process_2023,Mitotic DNA Damage Checkpoint Signaling (GO:0044773),1/56,0.4308418497249187,0.5110825297911368,0,0,1.8040201005025125,1.5190105312629705,CLSPN
GO_Biological_Process_2023,RNA Catabolic Process (GO:0006401),1/57,0.4365494010474847,0.516985639096435,0,0,1.7717157214644652,1.4684931926330618,FEN1
GO_Biological_Process_2023,Positive Regulation Of Interleukin-1 Beta Production (GO:0032731),1/57,0.4365494010474847,0.516985639096435,0,0,1.7717157214644652,1.4684931926330618,P2RX7
GO_Biological_Process_2023,Skeletal System Development (GO:0001501),2/149,0.4402536949587857,0.5209361712734084,0,0,1.3504432075860646,1.107909196685694,PRDX1;BMP6
GO_Biological_Process_2023,Renal System Development (GO:0072001),1/58,0.4421999998339941,0.5210589998043896,0,0,1.740544829410209,1.4202724160163902,CENPF
GO_Biological_Process_2023,Response To Organic Cyclic Compound (GO:0014070),1/58,0.4421999998339941,0.5210589998043896,0,0,1.740544829410209,1.4202724160163902,CLU
GO_Biological_Process_2023,Inorganic Anion Transport (GO:0015698),1/58,0.4421999998339941,0.5210589998043896,0,0,1.740544829410209,1.4202724160163902,RACGAP1
GO_Biological_Process_2023,Positive Regulation Of Type II Interferon Production (GO:0032729),1/58,0.4421999998339941,0.5210589998043896,0,0,1.740544829410209,1.4202724160163902,LILRB1
GO_Biological_Process_2023,Muscle Organ Development (GO:0007517),1/58,0.4421999998339941,0.5210589998043896,0,0,1.740544829410209,1.4202724160163902,ITGA7
GO_Biological_Process_2023,DNA-templated Transcription Initiation (GO:0006352),1/59,0.4477942115947188,0.5254614233982842,0,0,1.7104487957026513,1.3742113392020114,E2F2
GO_Biological_Process_2023,Regulation Of Multicellular Organismal Development (GO:2000026),1/59,0.4477942115947188,0.5254614233982842,0,0,1.7104487957026513,1.3742113392020114,RACGAP1
GO_Biological_Process_2023,Positive Regulation Of Protein Binding (GO:0032092),1/59,0.4477942115947188,0.5254614233982842,0,0,1.7104487957026513,1.3742113392020114,CAV1
GO_Biological_Process_2023,Regulation Of Cell Death (GO:0010941),1/59,0.4477942115947188,0.5254614233982842,0,0,1.7104487957026513,1.3742113392020114,CLU
GO_Biological_Process_2023,Negative Regulation Of Cytokine-Mediated Signaling Pathway (GO:0001960),1/59,0.4477942115947188,0.5254614233982842,0,0,1.7104487957026513,1.3742113392020114,H2BC11
GO_Biological_Process_2023,Negative Regulation Of DNA-templated Transcription (GO:0045892),11/1025,0.4491341687015971,0.5265967782289042,0,0,1.0782693090385398,0.8630830054729633,CENPF;DAB2;MUC1;ZFP57;CAV1;E2F1;BIRC5;BMP6;AURKB;E2F7;LIMS1
GO_Biological_Process_2023,Negative Regulation Of Cellular Process (GO:0048523),6/537,0.4498463697058342,0.526994835761433,0,0,1.1223134719552683,0.896559168898334,H2AC6;TGFB1I1;LILRB1;CDC6;CLU;E2F7
GO_Biological_Process_2023,Positive Regulation Of NF-kappaB Transcription Factor Activity (GO:0051092),2/152,0.4503639175015068,0.5271643868767637,0,0,1.323232323232323,1.0555415211165364,CAV1;CLU
GO_Biological_Process_2023,Response To Light Stimulus (GO:0009416),1/60,0.4533325962584122,0.5297622240573512,0,0,1.681372966527553,1.330183274831934,PCLAF
GO_Biological_Process_2023,Sterol Metabolic Process (GO:0016125),1/60,0.4533325962584122,0.5297622240573512,0,0,1.681372966527553,1.330183274831934,FAXDC2
GO_Biological_Process_2023,Epithelium Development (GO:0060429),2/154,0.4570468311439537,0.5336616178675067,0,0,1.3056884635832005,1.022314136665567,CPT1A;PCNA
GO_Biological_Process_2023,BMP Signaling Pathway (GO:0030509),1/61,0.4588157080798082,0.5339633014196287,0,0,1.6532663316582914,1.288070804786777,BMP6
GO_Biological_Process_2023,Fatty Acid Catabolic Process (GO:0009062),1/61,0.4588157080798082,0.5339633014196287,0,0,1.6532663316582914,1.288070804786777,ACAA2
GO_Biological_Process_2023,Positive Regulation Of Organelle Assembly (GO:1902117),1/61,0.4588157080798082,0.5339633014196287,0,0,1.6532663316582914,1.288070804786777,SPAG5
GO_Biological_Process_2023,Negative Regulation Of Autophagy (GO:0010507),1/61,0.4588157080798082,0.5339633014196287,0,0,1.6532663316582914,1.288070804786777,CTSA
GO_Biological_Process_2023,Cellular Response To Growth Factor Stimulus (GO:0071363),2/155,0.4603707970895622,0.5353324893788166,0,0,1.29708853238265,1.006181451159133,BMP6;LIMS1
GO_Biological_Process_2023,Regulation Of Embryonic Development (GO:0045995),1/62,0.4642440960951576,0.5380665179332401,0,0,1.6260812258011368,1.2477649663473405,RACGAP1
GO_Biological_Process_2023,Cell Junction Organization (GO:0034330),1/62,0.4642440960951576,0.5380665179332401,0,0,1.6260812258011368,1.2477649663473405,LIMS1
GO_Biological_Process_2023,Positive Regulation Of Apoptotic Signaling Pathway (GO:2001235),1/62,0.4642440960951576,0.5380665179332401,0,0,1.6260812258011368,1.2477649663473405,CAV1
GO_Biological_Process_2023,Regulation Of T Cell Activation (GO:0050863),1/62,0.4642440960951576,0.5380665179332401,0,0,1.6260812258011368,1.2477649663473405,JAK3
GO_Biological_Process_2023,Inorganic Anion Transmembrane Transport (GO:0098661),1/63,0.4696183035751055,0.5438495341975423,0,0,1.5997730588426,1.2091645247691418,APOL1
GO_Biological_Process_2023,Peptidyl-Serine Phosphorylation (GO:0018105),2/158,0.470271536490919,0.5441603540083139,0,0,1.271950271950272,0.9596165405879008,PBK;CLSPN
GO_Biological_Process_2023,Response To Metal Ion (GO:0010038),1/64,0.4749388686968527,0.5486630394912987,0,0,1.574300071787509,1.1721753146425786,CAV1
GO_Biological_Process_2023,Positive Regulation Of Interleukin-1 Production (GO:0032732),1/64,0.4749388686968527,0.5486630394912987,0,0,1.574300071787509,1.1721753146425786,P2RX7
GO_Biological_Process_2023,Canonical Wnt Signaling Pathway (GO:0060070),1/65,0.4802063242660991,0.5529411583976094,0,0,1.5496231155778897,1.1367096495006708,CAV1
GO_Biological_Process_2023,Positive Regulation Of T Cell Proliferation (GO:0042102),1/65,0.4802063242660991,0.5529411583976094,0,0,1.5496231155778897,1.1367096495006708,PDCD1LG2
GO_Biological_Process_2023,Positive Regulation Of Cell Cycle (GO:0045787),1/65,0.4802063242660991,0.5529411583976094,0,0,1.5496231155778897,1.1367096495006708,CCNB1
GO_Biological_Process_2023,Fatty Acid Biosynthetic Process (GO:0006633),1/65,0.4802063242660991,0.5529411583976094,0,0,1.5496231155778897,1.1367096495006708,SCD
GO_Biological_Process_2023,Cellular Response To BMP Stimulus (GO:0071773),1/66,0.4854211976341649,0.5584911094017162,0,0,1.525705450328566,1.1026857881843173,BMP6
GO_Biological_Process_2023,Adenylate Cyclase-Modulating G Protein-Coupled Receptor Signaling Pathway (GO:0007188),2/163,0.4865301078782612,0.5593118475933831,0,0,1.2321350147437105,0.8876996710994104,CXCL9;PF4
GO_Biological_Process_2023,Peptidyl-Tyrosine Phosphorylation (GO:0018108),1/67,0.4905840112592053,0.5625999934472963,0,0,1.5025125628140703,1.0700274503610792,JAK3
GO_Biological_Process_2023,Cholesterol Metabolic Process (GO:0008203),1/67,0.4905840112592053,0.5625999934472963,0,0,1.5025125628140703,1.0700274503610792,ACAA2
GO_Biological_Process_2023,Protein Secretion (GO:0009306),1/67,0.4905840112592053,0.5625999934472963,0,0,1.5025125628140703,1.0700274503610792,COPG1
GO_Biological_Process_2023,B Cell Differentiation (GO:0030183),1/68,0.4956952821636893,0.5666233864021477,0,0,1.4800120003000077,1.0386633811930914,JAK3
GO_Biological_Process_2023,Cell-Cell Junction Organization (GO:0045216),1/68,0.4956952821636893,0.5666233864021477,0,0,1.4800120003000077,1.0386633811930914,LIMS1
GO_Biological_Process_2023,Skin Development (GO:0043588),1/68,0.4956952821636893,0.5666233864021477,0,0,1.4800120003000077,1.0386633811930914,CASP3
GO_Biological_Process_2023,Telomere Maintenance (GO:0000723),1/68,0.4956952821636893,0.5666233864021477,0,0,1.4800120003000077,1.0386633811930914,RAD51
GO_Biological_Process_2023,Peptidyl-Serine Modification (GO:0018209),2/166,0.4961360332084165,0.5666691041653481,0,0,1.209411185020941,0.8476825030852104,PBK;CLSPN
GO_Biological_Process_2023,Regulation Of Monoatomic Ion Transmembrane Transporter Activity (GO:0032412),1/69,0.500755522308534,0.5701033080066563,0,0,1.4581732190363583,1.0085269537658983,YWHAE
GO_Biological_Process_2023,Phagocytosis (GO:0006909),1/69,0.500755522308534,0.5701033080066563,0,0,1.4581732190363583,1.0085269537658983,ITGB3
GO_Biological_Process_2023,Phospholipid Metabolic Process (GO:0006644),1/69,0.500755522308534,0.5701033080066563,0,0,1.4581732190363583,1.0085269537658983,ENPP2
GO_Biological_Process_2023,Response To Molecule Of Bacterial Origin (GO:0002237),1/69,0.500755522308534,0.5701033080066563,0,0,1.4581732190363583,1.0085269537658983,SELP
GO_Biological_Process_2023,Sensory Organ Development (GO:0007423),1/70,0.5057652387756465,0.5734980333831308,0,0,1.4369674459252786,0.9795558086095748,MYO7B
GO_Biological_Process_2023,Positive Regulation Of Protein Polymerization (GO:0032273),1/70,0.5057652387756465,0.5734980333831308,0,0,1.4369674459252786,0.9795558086095748,CTTN
GO_Biological_Process_2023,Protein K48-linked Ubiquitination (GO:0070936),1/70,0.5057652387756465,0.5734980333831308,0,0,1.4369674459252786,0.9795558086095748,UBE2C
GO_Biological_Process_2023,Regulation Of G Protein-Coupled Receptor Signaling Pathway (GO:0008277),1/70,0.5057652387756465,0.5734980333831308,0,0,1.4369674459252786,0.9795558086095748,RGS6
GO_Biological_Process_2023,Regulation Of Actin Filament Polymerization (GO:0030833),1/70,0.5057652387756465,0.5734980333831308,0,0,1.4369674459252786,0.9795558086095748,CTTN
GO_Biological_Process_2023,Regulation Of Hydrolase Activity (GO:0051336),1/71,0.5107249334696091,0.5768091501006608,0,0,1.416367552045944,0.9516915272016224,CAV1
GO_Biological_Process_2023,Positive Regulation Of Cell-Substrate Adhesion (GO:0010811),1/71,0.5107249334696091,0.5768091501006608,0,0,1.416367552045944,0.9516915272016224,LIMS1
GO_Biological_Process_2023,Kidney Development (GO:0001822),1/71,0.5107249334696091,0.5768091501006608,0,0,1.416367552045944,0.9516915272016224,CENPF
GO_Biological_Process_2023,Protein Autoubiquitination (GO:0051865),1/71,0.5107249334696091,0.5768091501006608,0,0,1.416367552045944,0.9516915272016224,RAD51
GO_Biological_Process_2023,Myeloid Leukocyte Differentiation (GO:0002573),1/71,0.5107249334696091,0.5768091501006608,0,0,1.416367552045944,0.9516915272016224,SRP54
GO_Biological_Process_2023,Generation Of Neurons (GO:0048699),2/172,0.5150032547861086,0.5791167879803537,0,0,1.166369578134284,0.7739819254730677,RACGAP1;CASP3
GO_Biological_Process_2023,Cholesterol Homeostasis (GO:0042632),1/72,0.5156351033007534,0.5791167879803537,0,0,1.396347936867436,0.9248793332622998,CAV1
GO_Biological_Process_2023,Second-Messenger-Mediated Signaling (GO:0019932),1/72,0.5156351033007534,0.5791167879803537,0,0,1.396347936867436,0.9248793332622998,GUCY1B1
GO_Biological_Process_2023,Transforming Growth Factor Beta Receptor Signaling Pathway (GO:0007179),1/72,0.5156351033007534,0.5791167879803537,0,0,1.396347936867436,0.9248793332622998,ITGB5
GO_Biological_Process_2023,Positive Regulation Of Protein Localization To Nucleus (GO:1900182),1/72,0.5156351033007534,0.5791167879803537,0,0,1.396347936867436,0.9248793332622998,ECT2
GO_Biological_Process_2023,Negative Regulation Of Catabolic Process (GO:0009895),1/72,0.5156351033007534,0.5791167879803537,0,0,1.396347936867436,0.9248793332622998,NQO1
GO_Biological_Process_2023,Negative Regulation Of Cell Adhesion (GO:0007162),1/72,0.5156351033007534,0.5791167879803537,0,0,1.396347936867436,0.9248793332622998,MUC1
GO_Biological_Process_2023,Sterol Homeostasis (GO:0055092),1/73,0.5204962404113022,0.5836492338949891,0,0,1.3768844221105527,0.8990678202624621,CAV1
GO_Biological_Process_2023,Monocarboxylic Acid Transport (GO:0015718),1/73,0.5204962404113022,0.5836492338949891,0,0,1.3768844221105527,0.8990678202624621,FABP5
GO_Biological_Process_2023,Positive Regulation Of Cellular Biosynthetic Process (GO:0031328),2/174,0.521188450322183,0.5839623365733492,0,0,1.1526896875734085,0.7511428504980086,PRR16;CLU
GO_Biological_Process_2023,Regulation Of mRNA Stability (GO:0043488),1/74,0.5253088319278648,0.5876476964762665,0,0,1.3579541543333105,0.8742087038575203,E2F1
GO_Biological_Process_2023,Positive Regulation Of Lymphocyte Proliferation (GO:0050671),1/74,0.5253088319278648,0.5876476964762665,0,0,1.3579541543333105,0.8742087038575203,PDCD1LG2
GO_Biological_Process_2023,Extracellular Matrix Organization (GO:0030198),2/176,0.5273210092073617,0.5894323375645925,0,0,1.1393242772553118,0.729105774961238,MMP19;SLC39A8
GO_Biological_Process_2023,Regulation Of Fat Cell Differentiation (GO:0045598),1/75,0.5300733603880184,0.5920408622343271,0,0,1.3395355154149124,0.8502565938086776,E2F1
GO_Biological_Process_2023,Transcription Initiation At RNA Polymerase II Promoter (GO:0006367),1/76,0.5347903032317255,0.5968377969768428,0,0,1.321608040201005,0.8271687875669174,E2F2
GO_Biological_Process_2023,Monoatomic Cation Transmembrane Transport (GO:0098655),3/281,0.5352460606873314,0.5968753389683648,0,0,1.0693861154731037,0.6683970256379101,P2RX7;SLC39A8;CLU
GO_Biological_Process_2023,Regulation Of Immune Response (GO:0050776),1/77,0.5394601334395485,0.6001547039209454,0,0,1.3041523406506217,0.8049050782659102,LAG3
GO_Biological_Process_2023,Chloride Transport (GO:0006821),1/77,0.5394601334395485,0.6001547039209454,0,0,1.3041523406506217,0.8049050782659102,APOL1
GO_Biological_Process_2023,Positive Regulation Of Response To Stimulus (GO:0048584),1/77,0.5394601334395485,0.6001547039209454,0,0,1.3041523406506217,0.8049050782659102,PCNA
GO_Biological_Process_2023,Inorganic Cation Transmembrane Transport (GO:0098662),3/284,0.5424263688583035,0.6029802559478311,0,0,1.057806600791228,0.6470633953699181,P2RX7;SLC39A8;CLU
GO_Biological_Process_2023,Regulation Of Innate Immune Response (GO:0045088),1/78,0.544083319204552,0.603872694941316,0,0,1.2871500358937544,0.7834275809102157,AURKB
GO_Biological_Process_2023,Long-Chain Fatty Acid Metabolic Process (GO:0001676),1/78,0.544083319204552,0.603872694941316,0,0,1.2871500358937544,0.7834275809102157,CPT1A
GO_Biological_Process_2023,Positive Regulation Of Cellular Process (GO:0048522),6/594,0.5476895692472188,0.6070467122999127,0,0,1.0105196717862404,0.608379964988981,SPAG5;EGF;CAV1;KIF14;BIRC5;BMP6
GO_Biological_Process_2023,Macromolecule Biosynthetic Process (GO:0009059),2/183,0.5483655214469135,0.6070467122999127,0,0,1.0948713655895976,0.6578131736168856,MRPL14;TYMS
GO_Biological_Process_2023,Positive Regulation Of Catabolic Process (GO:0009896),1/79,0.5486603241296241,0.6070467122999127,0,0,1.2705836876691148,0.7627005714660321,CLU
GO_Biological_Process_2023,Positive Regulation Of Protein Modification By Small Protein Conjugation Or Removal (GO:1903322),1/79,0.5486603241296241,0.6070467122999127,0,0,1.2705836876691148,0.7627005714660321,CAV1
GO_Biological_Process_2023,Negative Regulation Of Protein Serine/Threonine Kinase Activity (GO:0071901),1/80,0.5531916072648388,0.6106268014617346,0,0,1.254436740665352,0.7426903392796255,PRKAR2B
GO_Biological_Process_2023,Positive Regulation Of Immune Response (GO:0050778),1/80,0.5531916072648388,0.6106268014617346,0,0,1.254436740665352,0.7426903392796255,LILRB1
GO_Biological_Process_2023,Wound Healing (GO:0042060),1/80,0.5531916072648388,0.6106268014617346,0,0,1.254436740665352,0.7426903392796255,ITGB3
GO_Biological_Process_2023,Histone Modification (GO:0016570),1/81,0.5576776229377498,0.615098407826816,0,0,1.2386934673366834,0.7233650516865618,AURKB
GO_Biological_Process_2023,Calcium Ion Transmembrane Import Into Cytosol (GO:0097553),1/83,0.5665156476761636,0.6233876465479341,0,0,1.208358867508273,0.6866506239569532,CLU
GO_Biological_Process_2023,Epigenetic Regulation Of Gene Expression (GO:0040029),1/83,0.5665156476761636,0.6233876465479341,0,0,1.208358867508273,0.6866506239569532,ZFP57
GO_Biological_Process_2023,Regulation Of NIK/NF-kappaB Signaling (GO:1901222),1/83,0.5665156476761636,0.6233876465479341,0,0,1.208358867508273,0.6866506239569532,LIMS1
GO_Biological_Process_2023,Protein Modification Process (GO:0036211),7/711,0.5703034243089017,0.6267143790738494,0,0,0.9838082901554404,0.55249368694944,MELK;PIM1;BIRC5;NEK2;FAM20A;JAK3;AURKB
GO_Biological_Process_2023,Regulation Of Interleukin-1 Beta Production (GO:0032651),1/84,0.5708685433147935,0.6267143790738494,0,0,1.1937397832536174,0.6692061267801053,P2RX7
GO_Biological_Process_2023,Positive Regulation Of Protein Ubiquitination (GO:0031398),1/84,0.5708685433147935,0.6267143790738494,0,0,1.1937397832536174,0.6692061267801053,CAV1
GO_Biological_Process_2023,Regulation Of Osteoblast Differentiation (GO:0045667),1/85,0.5751779449472499,0.6290035685656701,0,0,1.1794687724335966,0.6523356544527062,BMP6
GO_Biological_Process_2023,Epidermis Development (GO:0008544),1/85,0.5751779449472499,0.6290035685656701,0,0,1.1794687724335966,0.6523356544527062,FABP5
GO_Biological_Process_2023,Transport Across Blood-Brain Barrier (GO:0150104),1/85,0.5751779449472499,0.6290035685656701,0,0,1.1794687724335966,0.6523356544527062,FABP5
GO_Biological_Process_2023,Macromolecule Catabolic Process (GO:0009057),1/85,0.5751779449472499,0.6290035685656701,0,0,1.1794687724335966,0.6523356544527062,CASP3
GO_Biological_Process_2023,Negative Regulation Of Cell Cycle (GO:0045786),1/85,0.5751779449472499,0.6290035685656701,0,0,1.1794687724335966,0.6523356544527062,LILRB1
GO_Biological_Process_2023,Endomembrane System Organization (GO:0010256),2/196,0.5856880874581174,0.6395080738731876,0,0,1.0208268249505363,0.5461095879886158,GOLPH3L;LMNB1
GO_Biological_Process_2023,Positive Regulation Of Protein Metabolic Process (GO:0051247),2/196,0.5856880874581174,0.6395080738731876,0,0,1.0208268249505363,0.5461095879886158,PRR16;CLU
GO_Biological_Process_2023,Regulation Of Double-Strand Break Repair (GO:2000779),1/88,0.5878494885157634,0.6398915910402536,0,0,1.138624155259054,0.6049331780092367,RAD51
GO_Biological_Process_2023,Negative Regulation Of Protein Kinase Activity (GO:0006469),1/88,0.5878494885157634,0.6398915910402536,0,0,1.138624155259054,0.6049331780092367,CAV1
GO_Biological_Process_2023,Positive Regulation Of Cell Adhesion (GO:0045785),1/88,0.5878494885157634,0.6398915910402536,0,0,1.138624155259054,0.6049331780092367,LIMS1
GO_Biological_Process_2023,Positive Regulation Of Plasma Membrane Bounded Cell Projection Assembly (GO:0120034),1/88,0.5878494885157634,0.6398915910402536,0,0,1.138624155259054,0.6049331780092367,P2RX7
GO_Biological_Process_2023,Organic Anion Transport (GO:0015711),1/89,0.591989195722158,0.6419269346251009,0,0,1.1256281407035176,0.5901295699518402,SLC39A8
GO_Biological_Process_2023,Cellular Response To Peptide Hormone Stimulus (GO:0071375),1/89,0.591989195722158,0.6419269346251009,0,0,1.1256281407035176,0.5901295699518402,CAV1
GO_Biological_Process_2023,Positive Regulation Of DNA Repair (GO:0045739),1/89,0.591989195722158,0.6419269346251009,0,0,1.1256281407035176,0.5901295699518402,PCNA
GO_Biological_Process_2023,Regulation Of Vesicle-Mediated Transport (GO:0060627),1/89,0.591989195722158,0.6419269346251009,0,0,1.1256281407035176,0.5901295699518402,RUFY1
GO_Biological_Process_2023,Positive Regulation Of Peptidyl-Serine Phosphorylation (GO:0033138),1/89,0.591989195722158,0.6419269346251009,0,0,1.1256281407035176,0.5901295699518402,CAV1
GO_Biological_Process_2023,DNA-templated Transcription (GO:0006351),2/199,0.5939725563145565,0.6435840571868068,0,0,1.005127416294929,0.523593146960198,SPOCD1;E2F1
GO_Biological_Process_2023,Positive Regulation Of MAP Kinase Activity (GO:0043406),1/91,0.6001448988156681,0.64828486396131,0,0,1.100502512562814,0.5618991453376235,EGF
GO_Biological_Process_2023,Lymphocyte Differentiation (GO:0030098),1/91,0.6001448988156681,0.64828486396131,0,0,1.100502512562814,0.5618991453376235,JAK3
GO_Biological_Process_2023,rRNA Metabolic Process (GO:0016072),1/91,0.6001448988156681,0.64828486396131,0,0,1.100502512562814,0.5618991453376235,DCAF13
GO_Biological_Process_2023,Regulation Of Actin Cytoskeleton Organization (GO:0032956),1/91,0.6001448988156681,0.64828486396131,0,0,1.100502512562814,0.5618991453376235,CLU
GO_Biological_Process_2023,Regulation Of Translation (GO:0006417),2/202,0.6021333969171315,0.6499363536189496,0,0,0.98989898989899,0.5021522659436054,PRR16;TYMS
GO_Biological_Process_2023,B Cell Activation (GO:0042113),1/92,0.6041617136020576,0.6506356915714466,0,0,1.0883538571980782,0.5484360698708618,JAK3
GO_Biological_Process_2023,Steroid Metabolic Process (GO:0008202),1/92,0.6041617136020576,0.6506356915714466,0,0,1.0883538571980782,0.5484360698708618,HSD11B1
GO_Biological_Process_2023,Positive Regulation Of Protein Catabolic Process (GO:0045732),1/92,0.6041617136020576,0.6506356915714466,0,0,1.0883538571980782,0.5484360698708618,PSMC2
GO_Biological_Process_2023,Regulation Of Peptidyl-Serine Phosphorylation (GO:0033135),1/93,0.6081383763355012,0.6534252767009109,0,0,1.0764693030369237,0.5353850545471538,CAV1
GO_Biological_Process_2023,Positive Regulation Of Cellular Component Biogenesis (GO:0044089),1/93,0.6081383763355012,0.6534252767009109,0,0,1.0764693030369237,0.5353850545471538,CLU
GO_Biological_Process_2023,Positive Regulation Of Protein Kinase B Signaling (GO:0051897),1/93,0.6081383763355012,0.6534252767009109,0,0,1.0764693030369237,0.5353850545471538,EGF
GO_Biological_Process_2023,Regulation Of Angiogenesis (GO:0045765),2/205,0.6101706085303744,0.6551110405937353,0,0,0.9751206647758373,0.4817258683455006,SPARC;PF4
GO_Biological_Process_2023,Cellular Response To Hormone Stimulus (GO:0032870),1/94,0.6120752863236749,0.6551661278286725,0,0,1.0648403306856864,0.5227301046685241,CAV1
GO_Biological_Process_2023,Sphingolipid Metabolic Process (GO:0006665),1/94,0.6120752863236749,0.6551661278286725,0,0,1.0648403306856864,0.5227301046685241,ENPP2
GO_Biological_Process_2023,Vesicle Organization (GO:0016050),1/94,0.6120752863236749,0.6551661278286725,0,0,1.0648403306856864,0.5227301046685241,CAV1
GO_Biological_Process_2023,Muscle Contraction (GO:0006936),1/94,0.6120752863236749,0.6551661278286725,0,0,1.0648403306856864,0.5227301046685241,MYLK
GO_Biological_Process_2023,Regulation Of Macroautophagy (GO:0016241),1/96,0.6198314260741546,0.6629664421095723,0,0,1.0423168473948692,0.4985482066164667,CASP3
GO_Biological_Process_2023,Monocarboxylic Acid Metabolic Process (GO:0032787),1/97,0.6236514348962008,0.6665480944393257,0,0,1.0314070351758795,0.4869929254325685,CPT1A
GO_Biological_Process_2023,Mitochondrial Translation (GO:0032543),1/98,0.6274332493027582,0.6700835457055137,0,0,1.0207221675387246,0.4757769643136218,MRPL14
GO_Biological_Process_2023,Hemopoiesis (GO:0030097),1/101,0.6385533074411538,0.6804177669342814,0,0,0.9899497487437184,0.4440420770500481,MELK
GO_Biological_Process_2023,Visual Perception (GO:0007601),1/101,0.6385533074411538,0.6804177669342814,0,0,0.9899497487437184,0.4440420770500481,E2F1
GO_Biological_Process_2023,rRNA Processing (GO:0006364),1/101,0.6385533074411538,0.6804177669342814,0,0,0.9899497487437184,0.4440420770500481,DCAF13
GO_Biological_Process_2023,Activation Of GTPase Activity (GO:0090630),1/102,0.642186106799596,0.6827452293343073,0,0,0.9800985123637992,0.4340632175669919,ECT2
GO_Biological_Process_2023,Sensory Perception Of Light Stimulus (GO:0050953),1/102,0.642186106799596,0.6827452293343073,0,0,0.9800985123637992,0.4340632175669919,E2F1
GO_Biological_Process_2023,Protein Catabolic Process (GO:0030163),1/102,0.642186106799596,0.6827452293343073,0,0,0.9800985123637992,0.4340632175669919,CASP3
GO_Biological_Process_2023,Negative Regulation Of Transcription By RNA Polymerase II (GO:0000122),7/763,0.6446956620320992,0.6848983216479251,0,0,0.9136442141623488,0.4010687188598503,DAB2;ZFP57;CAV1;E2F1;BMP6;AURKB;E2F7
GO_Biological_Process_2023,Mitochondrial Gene Expression (GO:0140053),1/103,0.6457825744876868,0.6855379582023942,0,0,0.9704404374815252,0.4243662317025385,MRPL14
GO_Biological_Process_2023,Positive Regulation Of Kinase Activity (GO:0033674),1/104,0.6493430720264805,0.6888005280160865,0,0,0.9609698980338586,0.4149411183845573,MMD
GO_Biological_Process_2023,Regulation Of Cellular Response To Stress (GO:0080135),1/107,0.6598123057378238,0.6983342816716189,0,0,0.933630416232104,0.388203405372955,RAD51
GO_Biological_Process_2023,Negative Regulation Of Translation (GO:0017148),1/107,0.6598123057378238,0.6983342816716189,0,0,0.933630416232104,0.388203405372955,TYMS
GO_Biological_Process_2023,Positive Regulation Of T Cell Activation (GO:0050870),1/107,0.6598123057378238,0.6983342816716189,0,0,0.933630416232104,0.388203405372955,PDCD1LG2
GO_Biological_Process_2023,Glycerophospholipid Biosynthetic Process (GO:0046474),1/108,0.6632324670568477,0.7003814103199272,0,0,0.9248579345324754,0.3797741558133871,MUC1
GO_Biological_Process_2023,Positive Regulation Of Translation (GO:0045727),1/108,0.6632324670568477,0.7003814103199272,0,0,0.9248579345324754,0.3797741558133871,PRR16
GO_Biological_Process_2023,Lipid Transport (GO:0006869),1/108,0.6632324670568477,0.7003814103199272,0,0,0.9248579345324754,0.3797741558133871,FABP5
GO_Biological_Process_2023,Regulation Of Wnt Signaling Pathway (GO:0030111),1/109,0.6666184129739804,0.7034316686158271,0,0,0.916247906197655,0.3715728772578474,KREMEN1
GO_Biological_Process_2023,Cilium Organization (GO:0044782),2/228,0.667710567646942,0.7040587193533006,0,0,0.8748547421113793,0.3533542514106607,ABLIM3;ALPK1
GO_Biological_Process_2023,Negative Regulation Of Nucleic Acid-Templated Transcription (GO:1903507),4/456,0.6719889354912323,0.7080419931330868,0,0,0.8735777496839444,0.3472588646187189,CENPF;E2F1;BIRC5;LIMS1
GO_Biological_Process_2023,Protein Deubiquitination (GO:0016579),1/112,0.6765743473112501,0.7123426113909961,0,0,0.8913486350672281,0.3482614435144341,PSMD14
GO_Biological_Process_2023,Positive Regulation Of Developmental Process (GO:0051094),2/233,0.6792780767789255,0.7146571432778278,0,0,0.8556998556998557,0.3309202670412199,CDC20;ENPP2
GO_Biological_Process_2023,Regulation Of Protein Ubiquitination (GO:0031396),1/113,0.6798268039735822,0.7147026771885837,0,0,0.8833452979181622,0.3408981557475202,CAV1
GO_Biological_Process_2023,Regulation Of Cytoskeleton Organization (GO:0051493),1/114,0.683046714602197,0.7164896546346488,0,0,0.8754836127540356,0.3337273716848506,P2RX7
GO_Biological_Process_2023,Protein Modification By Small Protein Removal (GO:0070646),1/114,0.683046714602197,0.7164896546346488,0,0,0.8754836127540356,0.3337273716848506,PSMD14
GO_Biological_Process_2023,Regulation Of MAP Kinase Activity (GO:0043405),1/114,0.683046714602197,0.7164896546346488,0,0,0.8754836127540356,0.3337273716848506,EGF
GO_Biological_Process_2023,Protein Localization (GO:0008104),3/351,0.6848490145842191,0.7178476698458753,0,0,0.8512165237178365,0.322233872853632,CTSA;CTTN;CAV1
GO_Biological_Process_2023,Cellular Response To Oxidative Stress (GO:0034599),1/117,0.692514396042861,0.7242717130211579,0,0,0.8527118350372552,0.3133087141185804,NQO1
GO_Biological_Process_2023,Positive Regulation Of Protein Serine/Threonine Kinase Activity (GO:0071902),1/117,0.692514396042861,0.7242717130211579,0,0,0.8527118350372552,0.3133087141185804,EGF
GO_Biological_Process_2023,Protein Processing (GO:0016485),1/117,0.692514396042861,0.7242717130211579,0,0,0.8527118350372552,0.3133087141185804,KEL
GO_Biological_Process_2023,Regulation Of Autophagy (GO:0010506),2/241,0.6971041358705585,0.7285330732601403,0,0,0.8267190735809983,0.2982971676152376,CTSA;CASP3
GO_Biological_Process_2023,Cilium Assembly (GO:0060271),2/243,0.7014312313249126,0.7325138560512751,0,0,0.819774508571189,0.2907186138474013,ABLIM3;ALPK1
GO_Biological_Process_2023,Fatty Acid Metabolic Process (GO:0006631),1/122,0.7076725687660174,0.7375578411053543,0,0,0.8172681589767017,0.2825898889623316,CPT1A
GO_Biological_Process_2023,Potassium Ion Transport (GO:0006813),1/122,0.7076725687660174,0.7375578411053543,0,0,0.8172681589767017,0.2825898889623316,KCNJ10
GO_Biological_Process_2023,Positive Regulation Of DNA-binding Transcription Factor Activity (GO:0051091),2/246,0.7078260186562699,0.7375578411053543,0,0,0.8095711210465308,0.2797529288928009,CAV1;CLU
GO_Biological_Process_2023,Organonitrogen Compound Biosynthetic Process (GO:1901566),1/123,0.7106137702230504,0.7399174308508051,0,0,0.8105280500864981,0.2768976317492876,MUC1
GO_Biological_Process_2023,Enzyme-Linked Receptor Protein Signaling Pathway (GO:0007167),1/124,0.7135255255654438,0.742402570382294,0,0,0.8038975364628018,0.2713452170770706,JAK3
GO_Biological_Process_2023,Protein-Containing Complex Organization (GO:0043933),1/126,0.7192618685309876,0.7478207956638357,0,0,0.7909547738693468,0.2606431490060761,FANCA
GO_Biological_Process_2023,Regulation Of Response To External Stimulus (GO:0032101),1/127,0.7220870340624399,0.7496557020295815,0,0,0.7846374730796841,0.2554854949797123,CAV1
GO_Biological_Process_2023,Regulation Of Anatomical Structure Morphogenesis (GO:0022603),1/127,0.7220870340624399,0.7496557020295815,0,0,0.7846374730796841,0.2554854949797123,SPARC
GO_Biological_Process_2023,Positive Regulation Of Transcription By RNA Polymerase II (GO:0045944),8/938,0.7260892756251702,0.7532576931283863,0,0,0.8454301075268817,0.2706072154511012,DAB2;MUC1;E2F1;E2F2;LILRB1;BMP6;E2F7;PF4
GO_Biological_Process_2023,Protein Targeting (GO:0006605),1/129,0.7276527766729426,0.7537736455791508,0,0,0.7722989949748744,0.2455380232172469,SRP54
GO_Biological_Process_2023,Regulation Of DNA Repair (GO:0006282),1/129,0.7276527766729426,0.7537736455791508,0,0,0.7722989949748744,0.2455380232172469,PCNA
GO_Biological_Process_2023,Golgi Organization (GO:0007030),1/130,0.7303939147263233,0.7560592938675118,0,0,0.7662732265981068,0.2407410413206643,GOLPH3L
GO_Biological_Process_2023,Plasma Membrane Bounded Cell Projection Organization (GO:0120036),1/132,0.7357941059880472,0.7609325410035708,0,0,0.7544976792358741,0.2314836202546984,CTTN
GO_Biological_Process_2023,Cellular Component Assembly (GO:0022607),2/260,0.7361780170388152,0.7609325410035708,0,0,0.7650927883486023,0.2343351581931792,MYO7B;FANCA
GO_Biological_Process_2023,Regulation Of Protein Kinase B Signaling (GO:0051896),1/136,0.7462737148219287,0.7708042605976678,0,0,0.7319932998324958,0.2142272351530403,EGF
GO_Biological_Process_2023,Potassium Ion Transmembrane Transport (GO:0071805),1/137,0.7488283343138599,0.7728782954159109,0,0,0.7265740467041087,0.210158284256341,KCNJ10
GO_Biological_Process_2023,Chromatin Organization (GO:0006325),2/268,0.7513088273379281,0.7748728532865284,0,0,0.7417786891471102,0.2121030784801347,H2BC15;H2BC11
GO_Biological_Process_2023,Protein Localization To Cell Periphery (GO:1990778),1/142,0.7612225890637079,0.7845253213819846,0,0,0.7006308136426815,0.1911527324338831,CAV1
GO_Biological_Process_2023,Regulation Of Cell Adhesion (GO:0030155),1/144,0.7660081552523519,0.7888823973247091,0,0,0.690761499806726,0.1841310865645969,KIF14
GO_Biological_Process_2023,Neuron Projection Morphogenesis (GO:0048812),1/146,0.7706982785234464,0.792558084241566,0,0,0.6811644429041761,0.1774149463430572,CTTN
GO_Biological_Process_2023,Positive Regulation Of Cellular Catabolic Process (GO:0031331),1/146,0.7706982785234464,0.792558084241566,0,0,0.6811644429041761,0.1774149463430572,P2RX7
GO_Biological_Process_2023,Protein Glycosylation (GO:0006486),1/147,0.7730081424044016,0.7943557509882441,0,0,0.6764645143525848,0.1741664076420715,SLC39A8
GO_Biological_Process_2023,Negative Regulation Of Protein Phosphorylation (GO:0001933),1/149,0.777558641095328,0.798451647428318,0,0,0.6672551948933858,0.1678788815691765,CAV1
GO_Biological_Process_2023,Ribosome Biogenesis (GO:0042254),1/155,0.7906726445156229,0.8107404781327707,0,0,0.6410624551328069,0.1505671382701188,DCAF13
GO_Biological_Process_2023,Positive Regulation Of Response To External Stimulus (GO:0032103),1/155,0.7906726445156229,0.8107404781327707,0,0,0.6410624551328069,0.1505671382701188,BMP6
GO_Biological_Process_2023,Organelle Organization (GO:0006996),3/418,0.7916249043044405,0.8111287062945499,0,0,0.711332640205492,0.1662153944168494,CAV1;GOLPH3L;CEP55
GO_Biological_Process_2023,Peptide Biosynthetic Process (GO:0043043),1/158,0.7969382105229577,0.815981629022058,0,0,0.6287168325704958,0.1427049714417737,MRPL14
GO_Biological_Process_2023,Gene Expression (GO:0010467),2/296,0.798532552495655,0.8170224524087237,0,0,0.6701710987425273,0.1507747889344095,CASP3;MRPL14
GO_Biological_Process_2023,Regulation Of Gene Expression (GO:0010468),9/1127,0.8002291355614704,0.8181663034590883,0,0,0.7873914713072147,0.1754758372395168,P2RX7;EGF;E2F1;LILRB1;SLC39A8;CLU;BMP6;LIMS1;PF4
GO_Biological_Process_2023,Mitochondrion Organization (GO:0007005),1/162,0.8050029422478624,0.8224524279902293,0,0,0.6129716907518962,0.1329592889277211,BCL2L1
GO_Biological_Process_2023,Protein Ubiquitination (GO:0016567),3/434,0.8121817416217522,0.829187713106973,0,0,0.6843605356448821,0.1423683052297709,RAD51;UBE2C;FANCA
GO_Biological_Process_2023,Regulation Of Cytokine Production (GO:0001817),1/167,0.8146370791826294,0.8310943939135915,0,0,0.5943573288127384,0.1218507214181255,BATF
GO_Biological_Process_2023,Brain Development (GO:0007420),1/169,0.8183567646763946,0.8342872856902827,0,0,0.5872218234027279,0.1177126632932345,CENPF
GO_Biological_Process_2023,Positive Regulation Of MAPK Cascade (GO:0043410),2/310,0.819043571600042,0.8343858863418295,0,0,0.6392496392496393,0.1276057316541563,EGF;ETFA
GO_Biological_Process_2023,Cell-Cell Adhesion Via Plasma-Membrane Adhesion Molecules (GO:0098742),1/172,0.8237974838089034,0.8386246523439809,0,0,0.5768315260513092,0.1118075727341318,SELP
GO_Biological_Process_2023,Neuron Differentiation (GO:0030182),1/173,0.8255747771016111,0.8398293056271064,0,0,0.5734486385415449,0.1099160176513599,CASP3
GO_Biological_Process_2023,Positive Regulation Of Cytokine Production (GO:0001819),2/320,0.8325341219837613,0.8462999629655201,0,0,0.6188298075090528,0.1134197896392134,LILRB1;BATF
GO_Biological_Process_2023,Organelle Assembly (GO:0070925),2/322,0.8351214736887211,0.8483202326119624,0,0,0.61489898989899,0.110791323846165,ABLIM3;ALPK1
GO_Biological_Process_2023,Phosphate-Containing Compound Metabolic Process (GO:0006796),1/184,0.8439859992638473,0.8567094062879254,0,0,0.5386769915149519,0.0913700535900012,PPA1
GO_Biological_Process_2023,Neuron Projection Development (GO:0031175),1/192,0.8561488312819886,0.8671879995936476,0,0,0.5159041279696914,0.0801256116253105,CTTN
GO_Biological_Process_2023,Transcription By RNA Polymerase II (GO:0006366),1/192,0.8561488312819886,0.8671879995936476,0,0,0.5159041279696914,0.0801256116253105,E2F2
GO_Biological_Process_2023,Protein Localization To Membrane (GO:0072657),1/192,0.8561488312819886,0.8671879995936476,0,0,0.5159041279696914,0.0801256116253105,CAV1
GO_Biological_Process_2023,Protein Stabilization (GO:0050821),1/208,0.8777158345777357,0.8883967001380948,0,0,0.4756390648896657,0.0620387393240423,CLU
GO_Biological_Process_2023,Positive Regulation Of DNA-templated Transcription (GO:0045893),9/1243,0.880326957566758,0.8904022303286094,0,0,0.7089446485697557,0.0903634303597776,DAB2;EGF;TGFB1I1;E2F1;E2F2;LILRB1;BMP6;E2F7;PF4
GO_Biological_Process_2023,Protein Polyubiquitination (GO:0000209),1/226,0.8981547293522425,0.9077846942845396,0,0,0.4371859296482412,0.0469594177767252,UBE2C
GO_Biological_Process_2023,Regulation Of Cell Growth (GO:0001558),1/227,0.8991848030489484,0.908176651079438,0,0,0.4352292435629474,0.0462503756786286,KIF14
GO_Biological_Process_2023,Negative Regulation Of Multicellular Organismal Process (GO:0051241),1/231,0.9032024612713536,0.91158335491627,0,0,0.427572645837885,0.04353054728426,SLAMF8
GO_Biological_Process_2023,Translation (GO:0006412),1/234,0.906110786202554,0.9138663706778968,0,0,0.4220027174499104,0.0416068092550969,MRPL14
GO_Biological_Process_2023,Regulation Of Inflammatory Response (GO:0050727),1/240,0.911669143034964,0.91881694102027,0,0,0.4112823531885368,0.0380346255936602,SLC39A8
GO_Biological_Process_2023,Regulation Of ERK1 And ERK2 Cascade (GO:0070372),1/244,0.915191548398542,0.9217100067204688,0,0,0.404429555183324,0.0358413128074068,GBP1
GO_Biological_Process_2023,Positive Regulation Of Nucleic Acid-Templated Transcription (GO:1903508),3/557,0.9198383607880862,0.925730563810928,0,0,0.5290366325202954,0.0442048827565161,EGF;TGFB1I1;E2F1
GO_Biological_Process_2023,Chemical Synaptic Transmission (GO:0007268),1/273,0.9368751094862604,0.9422058355715308,0,0,0.360774460537984,0.0235244045008293,NQO1
GO_Biological_Process_2023,Regulation Of Nucleic Acid-Templated Transcription (GO:1903506),2/452,0.9426985922562544,0.947388635003798,0,0,0.4343434343434343,0.025630030074121,E2F1;SLC39A8
GO_Biological_Process_2023,Transmembrane Receptor Protein Tyrosine Kinase Signaling Pathway (GO:0007169),1/284,0.9435701057554372,0.947591001092463,0,0,0.3465561020650958,0.0201295770735271,CASP3
GO_Biological_Process_2023,Negative Regulation Of Gene Expression (GO:0010629),1/336,0.9668132087126,0.9702440575724744,0,0,0.2919822995574889,0.0098543932506148,TYMS
GO_Biological_Process_2023,Protein Modification By Small Protein Conjugation (GO:0032446),1/364,0.9750783988975512,0.9778445787525796,0,0,0.2690726359068067,0.006790694304129,UBE2C
GO_Biological_Process_2023,Vesicle-Mediated Transport (GO:0016192),1/411,0.9846047229816152,0.9866981419532276,0,0,0.237651672999142,0.003687169227721,RHOBTB1
GO_Biological_Process_2023,Regulation Of Transcription By RNA Polymerase II (GO:0006357),12/2028,0.985962862240658,0.9873594102041716,0,0,0.5630699088145896,0.0079598885318758,DAB2;MUC1;ZFP57;CAV1;E2F1;E2F2;LILRB1;BMP6;AURKB;E2F7;BATF;PF4
GO_Biological_Process_2023,Nervous System Development (GO:0007399),1/433,0.9877170746218896,0.9884160959061232,0,0,0.2252931323283082,0.0027843942092732,ECT2
GO_Biological_Process_2023,Regulation Of DNA-templated Transcription (GO:0006355),10/1922,0.9943917037940544,0.9943917037940544,0,0,0.4924025545034133,0.0027693122188461,CENPF;EGF;TGFB1I1;E2F1;BIRC5;E2F2;SLC39A8;E2F7;BATF;LIMS1
