Gene_set,Term,Overlap,P-value,Adjusted P-value,Old P-value,Old Adjusted P-value,Odds Ratio,Combined Score,Genes
GO_Biological_Process_2023,Positive Regulation Of Release Of Cytochrome C From Mitochondria (GO:0090200),3/25,0.00013301784566408333,0.0629651827275368,0,0,35.23848878394333,314.5044730267283,HRK;MOAP1;PMAIP1
GO_Biological_Process_2023,Negative Regulation Of Cell Differentiation (GO:0045596),6/207,0.0001817185557825591,0.0629651827275368,0,0,7.954417103670835,68.5118038847495,EPHA4;WNT10B;SOX8;SIRT1;HDAC9;SMAD7
GO_Biological_Process_2023,Neuron Projection Morphogenesis (GO:0048812),5/146,0.0002996821425120215,0.0629651827275368,0,0,9.35177304964539,75.86895376532658,EPHA4;CNTNAP1;NYAP1;RYK;NRCAM
GO_Biological_Process_2023,Peptidyl-Lysine Deacetylation (GO:0034983),2/7,0.00032751720534479503,0.0629651827275368,0,0,102.12820512820512,819.4736509227971,HDAC9;SIRT1
GO_Biological_Process_2023,Regulation Of Release Of Cytochrome C From Mitochondria (GO:0090199),3/41,0.0005887623487684856,0.0717310628693017,0,0,20.38482570061517,151.61189527267155,HRK;MOAP1;PMAIP1
GO_Biological_Process_2023,Neuron Projection Fasciculation (GO:0106030),2/10,0.0006963752277821239,0.0717310628693017,0,0,63.82051282051282,463.9509991068783,EPHA4;NRCAM
GO_Biological_Process_2023,Midbrain Dopaminergic Neuron Differentiation (GO:1904948),2/10,0.0006963752277821239,0.0717310628693017,0,0,63.82051282051282,463.9509991068783,NR4A2;RYK
GO_Biological_Process_2023,Positive Regulation Of Apoptotic Process (GO:0043065),6/270,0.0007462269219173133,0.0717310628693017,0,0,6.036855036855036,43.46825890080096,HRK;WNT10B;MOAP1;BTG1;PMAIP1;SIRT1
GO_Biological_Process_2023,Negative Regulation Of Transcription By RNA Polymerase II (GO:0000122),10/763,0.000908157586135208,0.0726435904693685,0,0,3.636311895276039,25.469065387571717,NR4A2;ZNF263;ZBTB21;ZBTB10;IRF2BP2;SOX8;NR1D2;SIRT1;HDAC9;SMAD7
GO_Biological_Process_2023,Axonal Fasciculation (GO:0007413),2/12,0.0010160612330945,0.0726435904693685,0,0,51.05128205128205,351.8363315571943,EPHA4;NRCAM
GO_Biological_Process_2023,Neuron Projection Development (GO:0031175),5/192,0.0010391150782354,0.0726435904693685,0,0,7.0349376114082,48.32570063264596,EPHA4;BTG2;CNTNAP1;NYAP1;RYK
GO_Biological_Process_2023,Positive Regulation Of Glucose Metabolic Process (GO:0010907),2/15,0.0016039286166702,0.0952243682947948,0,0,39.26429980276134,252.67752000897423,PMAIP1;SIRT1
GO_Biological_Process_2023,Positive Regulation Of Mitochondrion Organization (GO:0010822),3/58,0.0016230316411364,0.0952243682947948,0,0,14.072018890200708,90.39104335656586,HRK;MOAP1;PMAIP1
GO_Biological_Process_2023,Nervous System Development (GO:0007399),7/433,0.0017336035840404,0.0952243682947948,0,0,4.38799922824619,27.896937834575372,MYLIP;RYK;ADAM23;CXCR4;NRCAM;SOX8;APBA1
GO_Biological_Process_2023,Fat Cell Differentiation (GO:0045444),3/62,0.0019666634684019,0.1008242804800758,0,0,13.11534228483381,81.72716481511092,NR4A2;SOX8;SIRT1
GO_Biological_Process_2023,Canonical Wnt Signaling Pathway (GO:0060070),3/65,0.0022519520756684,0.103876560793303,0,0,12.478843736908251,76.07050543340755,NR4A2;WNT10B;RYK
GO_Biological_Process_2023,Negative Regulation Of Multicellular Organismal Process (GO:0051241),5/231,0.0023424240997425,0.103876560793303,0,0,5.809439528023598,35.18527103774043,EPHA4;WNT10B;HDAC9;ELAPOR2;SMAD7
GO_Biological_Process_2023,Positive Regulation Of Developmental Process (GO:0051094),5/233,0.0024314409548497,0.103876560793303,0,0,5.757894736842105,34.65833003028595,PHLDB1;DLG5;SOX8;SIRT1;ELAPOR2
GO_Biological_Process_2023,Dopaminergic Neuron Differentiation (GO:0071542),2/19,0.0025851697842551,0.1046313454785376,0,0,30.01960784313725,178.85574560381627,NR4A2;RYK
GO_Biological_Process_2023,Protein Deacylation (GO:0035601),2/20,0.0028649802996968,0.1101584925233447,0,0,28.35042735042735,165.9972465923349,HDAC9;SIRT1
GO_Biological_Process_2023,Positive Regulation Of Programmed Cell Death (GO:0043068),5/245,0.0030181200245558,0.1105206808992124,0,0,5.466666666666667,31.72372895256465,HRK;WNT10B;MOAP1;PMAIP1;SIRT1
GO_Biological_Process_2023,Wnt Signaling Pathway (GO:0016055),3/76,0.0035120722111167,0.1227628877431247,0,0,10.592599181640278,59.86459375907647,NR4A2;WNT10B;RYK
GO_Biological_Process_2023,Regulation Of Epithelial To Mesenchymal Transition (GO:0010717),3/83,0.0044993385181906,0.1480472231287652,0,0,9.662337662337665,52.21358074535764,EPHA4;PHLDB1;SMAD7
GO_Biological_Process_2023,Negative Regulation Of Cell Cycle (GO:0045786),3/85,0.0048091508312547,0.1480472231287652,0,0,9.425720620842572,50.30728366782539,BTG2;BTG1;SIRT1
GO_Biological_Process_2023,Generation Of Neurons (GO:0048699),4/172,0.005028859160522,0.1480472231287652,0,0,6.18796992481203,32.75021527108726,NR4A2;WNT10B;RYK;NRCAM
GO_Biological_Process_2023,Positive Regulation Of Cell Adhesion (GO:0045785),3/88,0.0052975444641325,0.1480472231287652,0,0,9.091673032849505,47.6450204871639,EPHA4;FBLN2;SMAD7
GO_Biological_Process_2023,Central Nervous System Development (GO:0007417),5/283,0.0055506021785862,0.1480472231287652,0,0,4.71031175059952,24.46464729943741,NR4A2;ADAM23;CXCR4;NRCAM;SOX8
GO_Biological_Process_2023,Regulation Of Glucose Metabolic Process (GO:0010906),2/28,0.005583055228523,0.1480472231287652,0,0,19.61932938856016,101.78545599799178,PMAIP1;SIRT1
GO_Biological_Process_2023,"Regulation Of DNA Damage Response, Signal Transduction By P53 Class Mediator (GO:0043516)",2/28,0.005583055228523,0.1480472231287652,0,0,19.61932938856016,101.78545599799178,PMAIP1;SIRT1
GO_Biological_Process_2023,Negative Regulation Of Epithelial To Mesenchymal Transition (GO:0010719),2/30,0.0063918361606561,0.1582130836305339,0,0,18.216117216117212,92.04118939174062,EPHA4;SMAD7
GO_Biological_Process_2023,Regulation Of Centrosome Duplication (GO:0010824),2/31,0.0068150327472945,0.1582130836305339,0,0,17.58709106984969,87.7353917884882,CEP120;SIRT1
GO_Biological_Process_2023,Negative Regulation Of Fat Cell Differentiation (GO:0045599),2/32,0.0072506278547017,0.1582130836305339,0,0,17.0,83.75334262468323,WNT10B;SIRT1
GO_Biological_Process_2023,Negative Regulation Of DNA-templated Transcription (GO:0045892),10/1025,0.0075941329338201,0.1582130836305339,0,0,2.660802251935257,12.985724264236689,NR4A2;ZNF263;ZBTB21;ZBTB10;IRF2BP2;SOX8;NR1D2;SIRT1;HDAC9;SMAD7
GO_Biological_Process_2023,Hemopoiesis (GO:0030097),3/101,0.0077525010898981,0.1582130836305339,0,0,7.880466472303207,38.29701629325753,WNT10B;RTKN2;SBDS
GO_Biological_Process_2023,Negative Regulation Of Mitotic Cell Cycle (GO:0045930),2/34,0.0081586006348185,0.1582130836305339,0,0,15.935897435897436,76.63067296308296,BTG2;BTG1
GO_Biological_Process_2023,Intrinsic Apoptotic Signaling Pathway By P53 Class Mediator (GO:0072332),2/35,0.0086307733311275,0.1582130836305339,0,0,15.452214452214452,73.43543105933782,PMAIP1;SIRT1
GO_Biological_Process_2023,Protein Stabilization (GO:0050821),4/208,0.0097162932531257,0.1582130836305339,0,0,5.086687306501548,23.57146016709936,EPHA4;WNT10B;CAMLG;SMAD7
GO_Biological_Process_2023,Positive Regulation Of Protein Tyrosine Kinase Activity (GO:0061098),2/38,0.0101188194904488,0.1582130836305339,0,0,14.162393162393162,65.05294579892751,EPHA4;HBEGF
GO_Biological_Process_2023,Protein Deacetylation (GO:0006476),2/40,0.011169454665643,0.1582130836305339,0,0,13.41565452091768,60.29763172402307,HDAC9;SIRT1
GO_Biological_Process_2023,Cellular Response To Glucose Starvation (GO:0042149),2/42,0.0122660489264879,0.1582130836305339,0,0,12.743589743589745,56.083520032040326,PMAIP1;SIRT1
GO_Biological_Process_2023,Neuron Projection Guidance (GO:0097485),3/124,0.0135143339158823,0.1582130836305339,0,0,6.375120747021573,27.438547651817046,EPHA4;RYK;NRCAM
GO_Biological_Process_2023,Regulation Of Mitotic Cell Cycle (GO:0007346),3/125,0.0138074542705636,0.1582130836305339,0,0,6.322546306152864,27.07659961746026,BTG2;BTG1;SIRT1
GO_Biological_Process_2023,Negative Regulation Of Intracellular Signal Transduction (GO:1902532),4/231,0.0138412763851743,0.1582130836305339,0,0,4.565963366566195,19.54278030148125,DLG5;RTKN2;SIRT1;HDAC9
GO_Biological_Process_2023,Positive Regulation Of Blood Vessel Endothelial Cell Migration (GO:0043536),2/46,0.0145939967379036,0.1582130836305339,0,0,11.582750582750585,48.96196641090263,HDAC9;SIRT1
GO_Biological_Process_2023,Regulation Of Intrinsic Apoptotic Signaling Pathway (GO:2001242),2/48,0.0158238144083772,0.1582130836305339,0,0,11.07803790412486,45.93219537898117,RTKN2;PMAIP1
GO_Biological_Process_2023,Myelination (GO:0042552),2/48,0.0158238144083772,0.1582130836305339,0,0,11.07803790412486,45.93219537898117,CNTNAP1;CXCR4
GO_Biological_Process_2023,Negative Regulation Of Cell Motility (GO:2000146),3/133,0.0162829009077053,0.1582130836305339,0,0,5.931068931068931,24.422005165930244,EPHA4;DLG5;SMAD7
GO_Biological_Process_2023,Neurogenesis (GO:0022008),2/49,0.016454852707331,0.1582130836305339,0,0,10.841789416257502,44.5286911247554,RYK;CXCR4
GO_Biological_Process_2023,Intrinsic Apoptotic Signaling Pathway In Response To DNA Damage (GO:0008630),2/49,0.016454852707331,0.1582130836305339,0,0,10.841789416257502,44.5286911247554,MOAP1;SIRT1
GO_Biological_Process_2023,Plasma Membrane Bounded Cell Projection Morphogenesis (GO:0120039),2/50,0.0170965192165363,0.1582130836305339,0,0,10.615384615384617,43.19273030214829,CNTNAP1;NYAP1
GO_Biological_Process_2023,Negative Regulation Of Cell Projection Organization (GO:0031345),2/50,0.0170965192165363,0.1582130836305339,0,0,10.615384615384617,43.19273030214829,EPHA4;MYLIP
GO_Biological_Process_2023,Negative Regulation Of Cellular Biosynthetic Process (GO:0031327),3/137,0.0176080980172175,0.1582130836305339,0,0,5.752859081217291,23.23807807911145,EPHA4;BTG2;SIRT1
GO_Biological_Process_2023,"Negative Regulation Of Gene Expression, Epigenetic (GO:0045814)",2/51,0.0177487210552943,0.1582130836305339,0,0,10.398220826792256,41.9198222830743,SIRT1;HDAC9
GO_Biological_Process_2023,Negative Regulation Of Response To Stimulus (GO:0048585),2/52,0.0184113659012513,0.1582130836305339,0,0,10.189743589743587,40.7058561737784,EPHA4;SIRT1
GO_Biological_Process_2023,Positive Regulation Of Intracellular Signal Transduction (GO:1902533),6/525,0.0186335955568579,0.1582130836305339,0,0,3.030932666770817,12.071565632813686,RYK;DLG5;RTKN2;PMAIP1;SIRT1;HBEGF
GO_Biological_Process_2023,Negative Regulation Of Neuron Projection Development (GO:0010977),2/54,0.0197676181154707,0.1582130836305339,0,0,9.796844181459566,38.43997674508189,EPHA4;MYLIP
GO_Biological_Process_2023,Negative Regulation Of Protein Modification By Small Protein Conjugation Or Removal (GO:1903321),2/54,0.0197676181154707,0.1582130836305339,0,0,9.796844181459566,38.43997674508189,CAMLG;SMAD7
GO_Biological_Process_2023,Negative Regulation Of Protein Ubiquitination (GO:0031397),2/54,0.0197676181154707,0.1582130836305339,0,0,9.796844181459566,38.43997674508189,CAMLG;SMAD7
GO_Biological_Process_2023,Regulation Of Myoblast Differentiation (GO:0045661),2/54,0.0197676181154707,0.1582130836305339,0,0,9.796844181459566,38.43997674508189,BTG1;SOX8
GO_Biological_Process_2023,Negative Regulation Of Lipoprotein Lipase Activity (GO:0051005),1/5,0.0198424566057451,0.1582130836305339,0,0,63.0253164556962,247.054914696706,HDAC9
GO_Biological_Process_2023,Regulation Of Macrophage Apoptotic Process (GO:2000109),1/5,0.0198424566057451,0.1582130836305339,0,0,63.0253164556962,247.054914696706,SIRT1
GO_Biological_Process_2023,Regulation Of Ventricular Cardiac Muscle Cell Membrane Depolarization (GO:0060373),1/5,0.0198424566057451,0.1582130836305339,0,0,63.0253164556962,247.054914696706,SMAD7
GO_Biological_Process_2023,Chemokine (C-X-C Motif) Ligand 12 Signaling Pathway (GO:0038146),1/5,0.0198424566057451,0.1582130836305339,0,0,63.0253164556962,247.054914696706,CXCR4
GO_Biological_Process_2023,Positive Regulation Of Extrinsic Apoptotic Signaling Pathway Via Death Domain Receptors (GO:1902043),1/5,0.0198424566057451,0.1582130836305339,0,0,63.0253164556962,247.054914696706,PMAIP1
GO_Biological_Process_2023,Positive Regulation Of Osteoblast Proliferation (GO:0033690),1/5,0.0198424566057451,0.1582130836305339,0,0,63.0253164556962,247.054914696706,SOX8
GO_Biological_Process_2023,Negative Regulation Of Axon Regeneration (GO:0048681),1/5,0.0198424566057451,0.1582130836305339,0,0,63.0253164556962,247.054914696706,EPHA4
GO_Biological_Process_2023,Negative Regulation Of Cellular Response To Hypoxia (GO:1900038),1/5,0.0198424566057451,0.1582130836305339,0,0,63.0253164556962,247.054914696706,EPHA4
GO_Biological_Process_2023,Neuron Migration (GO:0001764),2/55,0.0204610435984961,0.1582130836305339,0,0,9.61151427189163,37.38141380531161,NR4A2;NRCAM
GO_Biological_Process_2023,Axon Guidance (GO:0007411),3/149,0.0219360540386849,0.1582130836305339,0,0,5.276819071339619,20.15546314695306,EPHA4;RYK;NRCAM
GO_Biological_Process_2023,Muscle Organ Development (GO:0007517),2/58,0.0226014376854312,0.1582130836305339,0,0,9.095238095238097,34.4686036296462,MEF2D;HBEGF
GO_Biological_Process_2023,Regulation Of Cellular Response To Hypoxia (GO:1900037),1/6,0.0237640515542398,0.1582130836305339,0,0,50.41772151898734,188.54116752551656,EPHA4
GO_Biological_Process_2023,Regulation Of Centriole Elongation (GO:1903722),1/6,0.0237640515542398,0.1582130836305339,0,0,50.41772151898734,188.54116752551656,CEP120
GO_Biological_Process_2023,Regulation Of Glial Cell Differentiation (GO:0045685),1/6,0.0237640515542398,0.1582130836305339,0,0,50.41772151898734,188.54116752551656,EPHA4
GO_Biological_Process_2023,Negative Regulation Of Neuron Projection Regeneration (GO:0070571),1/6,0.0237640515542398,0.1582130836305339,0,0,50.41772151898734,188.54116752551656,EPHA4
GO_Biological_Process_2023,Regulation Of Prostaglandin Biosynthetic Process (GO:0031392),1/6,0.0237640515542398,0.1582130836305339,0,0,50.41772151898734,188.54116752551656,SIRT1
GO_Biological_Process_2023,Cellular Response To Caffeine (GO:0071313),1/6,0.0237640515542398,0.1582130836305339,0,0,50.41772151898734,188.54116752551656,GSTM2
GO_Biological_Process_2023,Regulation Of Striated Muscle Cell Differentiation (GO:0051153),1/6,0.0237640515542398,0.1582130836305339,0,0,50.41772151898734,188.54116752551656,HDAC9
GO_Biological_Process_2023,Response To Caffeine (GO:0031000),1/6,0.0237640515542398,0.1582130836305339,0,0,50.41772151898734,188.54116752551656,GSTM2
GO_Biological_Process_2023,Positive Regulation Of Aspartic-Type Endopeptidase Activity Involved In Amyloid Precursor Protein Catabolic Process (GO:1902961),1/6,0.0237640515542398,0.1582130836305339,0,0,50.41772151898734,188.54116752551656,EPHA4
GO_Biological_Process_2023,Retinal Rod Cell Differentiation (GO:0060221),1/6,0.0237640515542398,0.1582130836305339,0,0,50.41772151898734,188.54116752551656,SOX8
GO_Biological_Process_2023,Positive Regulation Of Endoplasmic Reticulum Stress-Induced Intrinsic Apoptotic Signaling Pathway (GO:1902237),1/6,0.0237640515542398,0.1582130836305339,0,0,50.41772151898734,188.54116752551656,PMAIP1
GO_Biological_Process_2023,Enteric Nervous System Development (GO:0048484),1/6,0.0237640515542398,0.1582130836305339,0,0,50.41772151898734,188.54116752551656,SOX8
GO_Biological_Process_2023,Positive Regulation Of Fibroblast Apoptotic Process (GO:2000271),1/6,0.0237640515542398,0.1582130836305339,0,0,50.41772151898734,188.54116752551656,BTG1
GO_Biological_Process_2023,Positive Regulation Of Gliogenesis (GO:0014015),1/6,0.0237640515542398,0.1582130836305339,0,0,50.41772151898734,188.54116752551656,SOX8
GO_Biological_Process_2023,Positive Regulation Of Kidney Development (GO:0090184),1/6,0.0237640515542398,0.1582130836305339,0,0,50.41772151898734,188.54116752551656,SOX8
GO_Biological_Process_2023,Ureter Development (GO:0072189),1/6,0.0237640515542398,0.1582130836305339,0,0,50.41772151898734,188.54116752551656,SOX8
GO_Biological_Process_2023,White Fat Cell Differentiation (GO:0050872),1/6,0.0237640515542398,0.1582130836305339,0,0,50.41772151898734,188.54116752551656,SIRT1
GO_Biological_Process_2023,Intracellular Triglyceride Homeostasis (GO:0035356),1/6,0.0237640515542398,0.1582130836305339,0,0,50.41772151898734,188.54116752551656,SIRT1
GO_Biological_Process_2023,rDNA Heterochromatin Formation (GO:0000183),1/6,0.0237640515542398,0.1582130836305339,0,0,50.41772151898734,188.54116752551656,SIRT1
GO_Biological_Process_2023,Negative Regulation Of T-helper 17 Type Immune Response (GO:2000317),1/6,0.0237640515542398,0.1582130836305339,0,0,50.41772151898734,188.54116752551656,SMAD7
GO_Biological_Process_2023,Regulation Of Bile Acid Metabolic Process (GO:1904251),1/6,0.0237640515542398,0.1582130836305339,0,0,50.41772151898734,188.54116752551656,SIRT1
GO_Biological_Process_2023,Negative Regulation Of Intrinsic Apoptotic Signaling Pathway (GO:2001243),2/61,0.0248301439941799,0.1582130836305339,0,0,8.631464580617124,31.89927672280904,RTKN2;SIRT1
GO_Biological_Process_2023,Positive Regulation Of Organelle Assembly (GO:1902117),2/61,0.0248301439941799,0.1582130836305339,0,0,8.631464580617124,31.89927672280904,MOAP1;CEP120
GO_Biological_Process_2023,Positive Regulation Of Cysteine-Type Endopeptidase Activity (GO:2001056),2/64,0.0271448016014954,0.1582130836305339,0,0,8.212572373862697,29.619214850930568,PMAIP1;SIRT1
GO_Biological_Process_2023,Positive Regulation Of Macroautophagy (GO:0016239),2/64,0.0271448016014954,0.1582130836305339,0,0,8.212572373862697,29.619214850930568,MOAP1;SIRT1
GO_Biological_Process_2023,Negative Regulation Of Cell Migration (GO:0030336),3/163,0.0276555148786646,0.1582130836305339,0,0,4.811688311688312,17.26400141090372,EPHA4;DLG5;SMAD7
GO_Biological_Process_2023,Regulation Of Chaperone-Mediated Autophagy (GO:1904714),1/7,0.0276701530557868,0.1582130836305339,0,0,42.0126582278481,150.71625019523796,EEF1A1
GO_Biological_Process_2023,Regulation Of Endodeoxyribonuclease Activity (GO:0032071),1/7,0.0276701530557868,0.1582130836305339,0,0,42.0126582278481,150.71625019523796,SIRT1
GO_Biological_Process_2023,Regulation Of Extent Of Cell Growth (GO:0061387),1/7,0.0276701530557868,0.1582130836305339,0,0,42.0126582278481,150.71625019523796,NRCAM
GO_Biological_Process_2023,Negative Regulation Of Mitochondrial Membrane Potential (GO:0010917),1/7,0.0276701530557868,0.1582130836305339,0,0,42.0126582278481,150.71625019523796,PMAIP1
GO_Biological_Process_2023,Negative Regulation Of Peptidyl-Lysine Acetylation (GO:2000757),1/7,0.0276701530557868,0.1582130836305339,0,0,42.0126582278481,150.71625019523796,SIRT1
GO_Biological_Process_2023,Axon Ensheathment In Central Nervous System (GO:0032291),1/7,0.0276701530557868,0.1582130836305339,0,0,42.0126582278481,150.71625019523796,CNTNAP1
GO_Biological_Process_2023,Nucleolar Chromatin Organization (GO:1990700),1/7,0.0276701530557868,0.1582130836305339,0,0,42.0126582278481,150.71625019523796,SIRT1
GO_Biological_Process_2023,Regulation Of Skeletal Muscle Fiber Development (GO:0048742),1/7,0.0276701530557868,0.1582130836305339,0,0,42.0126582278481,150.71625019523796,HDAC9
GO_Biological_Process_2023,Cellular Response To Leptin Stimulus (GO:0044320),1/7,0.0276701530557868,0.1582130836305339,0,0,42.0126582278481,150.71625019523796,SIRT1
GO_Biological_Process_2023,Positive Regulation Of Adipose Tissue Development (GO:1904179),1/7,0.0276701530557868,0.1582130836305339,0,0,42.0126582278481,150.71625019523796,SIRT1
GO_Biological_Process_2023,Positive Regulation Of Aspartic-Type Peptidase Activity (GO:1905247),1/7,0.0276701530557868,0.1582130836305339,0,0,42.0126582278481,150.71625019523796,EPHA4
GO_Biological_Process_2023,Single Strand Break Repair (GO:0000012),1/7,0.0276701530557868,0.1582130836305339,0,0,42.0126582278481,150.71625019523796,SIRT1
GO_Biological_Process_2023,Positive Regulation Of Gluconeogenesis (GO:0045722),1/7,0.0276701530557868,0.1582130836305339,0,0,42.0126582278481,150.71625019523796,SIRT1
GO_Biological_Process_2023,Stress-Induced Premature Senescence (GO:0090400),1/7,0.0276701530557868,0.1582130836305339,0,0,42.0126582278481,150.71625019523796,SIRT1
GO_Biological_Process_2023,Transcription Initiation At RNA Polymerase I Promoter (GO:0006361),1/7,0.0276701530557868,0.1582130836305339,0,0,42.0126582278481,150.71625019523796,RRN3P2
GO_Biological_Process_2023,Positive Regulation Of Myeloid Cell Apoptotic Process (GO:0033034),1/7,0.0276701530557868,0.1582130836305339,0,0,42.0126582278481,150.71625019523796,SIRT1
GO_Biological_Process_2023,Hepoxilin Biosynthetic Process (GO:0051122),1/7,0.0276701530557868,0.1582130836305339,0,0,42.0126582278481,150.71625019523796,GSTM2
GO_Biological_Process_2023,Hepoxilin Metabolic Process (GO:0051121),1/7,0.0276701530557868,0.1582130836305339,0,0,42.0126582278481,150.71625019523796,GSTM2
GO_Biological_Process_2023,Positive Regulation Of Ryanodine-Sensitive Calcium-Release Channel Activity (GO:0060316),1/7,0.0276701530557868,0.1582130836305339,0,0,42.0126582278481,150.71625019523796,GSTM2
GO_Biological_Process_2023,Mitochondrial Outer Membrane Permeabilization (GO:0097345),1/7,0.0276701530557868,0.1582130836305339,0,0,42.0126582278481,150.71625019523796,MOAP1
GO_Biological_Process_2023,Negative Regulation Of T-helper 17 Cell Differentiation (GO:2000320),1/7,0.0276701530557868,0.1582130836305339,0,0,42.0126582278481,150.71625019523796,SMAD7
GO_Biological_Process_2023,Negative Regulation Of cAMP-dependent Protein Kinase Activity (GO:2000480),1/7,0.0276701530557868,0.1582130836305339,0,0,42.0126582278481,150.71625019523796,SIRT1
GO_Biological_Process_2023,Regulation Of Cell Migration (GO:0030334),5/434,0.0300167667654813,0.1582130836305339,0,0,3.028904428904429,10.619336387273629,EPHA4;DLG5;CXCR4;HBEGF;SMAD7
GO_Biological_Process_2023,B Cell Differentiation (GO:0030183),2/68,0.0303607127909114,0.1582130836305339,0,0,7.713286713286713,26.954896861482435,IRF2BP2;HDAC9
GO_Biological_Process_2023,Regulation Of Endothelial Cell Differentiation (GO:0045601),1/8,0.0315608212516243,0.1582130836305339,0,0,36.00904159132007,124.44144169317283,BTG1
GO_Biological_Process_2023,Negative Regulation Of Lipase Activity (GO:0060192),1/8,0.0315608212516243,0.1582130836305339,0,0,36.00904159132007,124.44144169317283,HDAC9
GO_Biological_Process_2023,Negative Regulation Of Long-Term Synaptic Potentiation (GO:1900272),1/8,0.0315608212516243,0.1582130836305339,0,0,36.00904159132007,124.44144169317283,EPHA4
GO_Biological_Process_2023,Negative Regulation Of Membrane Potential (GO:0045837),1/8,0.0315608212516243,0.1582130836305339,0,0,36.00904159132007,124.44144169317283,PMAIP1
GO_Biological_Process_2023,Regulation Of Fibroblast Apoptotic Process (GO:2000269),1/8,0.0315608212516243,0.1582130836305339,0,0,36.00904159132007,124.44144169317283,BTG1
GO_Biological_Process_2023,Regulation Of Helicase Activity (GO:0051095),1/8,0.0315608212516243,0.1582130836305339,0,0,36.00904159132007,124.44144169317283,SIRT1
GO_Biological_Process_2023,Schwann Cell Development (GO:0014044),1/8,0.0315608212516243,0.1582130836305339,0,0,36.00904159132007,124.44144169317283,CNTNAP1
GO_Biological_Process_2023,Adult Heart Development (GO:0007512),1/8,0.0315608212516243,0.1582130836305339,0,0,36.00904159132007,124.44144169317283,MEF2D
GO_Biological_Process_2023,Negative Regulation Of Triglyceride Metabolic Process (GO:0090209),1/8,0.0315608212516243,0.1582130836305339,0,0,36.00904159132007,124.44144169317283,SIRT1
GO_Biological_Process_2023,Neuronal Ion Channel Clustering (GO:0045161),1/8,0.0315608212516243,0.1582130836305339,0,0,36.00904159132007,124.44144169317283,NRCAM
GO_Biological_Process_2023,Neurotransmitter Reuptake (GO:0098810),1/8,0.0315608212516243,0.1582130836305339,0,0,36.00904159132007,124.44144169317283,SLC18B1
GO_Biological_Process_2023,Peripheral Nervous System Axon Ensheathment (GO:0032292),1/8,0.0315608212516243,0.1582130836305339,0,0,36.00904159132007,124.44144169317283,CNTNAP1
GO_Biological_Process_2023,Regulation Of Skeletal Muscle Cell Differentiation (GO:2001014),1/8,0.0315608212516243,0.1582130836305339,0,0,36.00904159132007,124.44144169317283,NR1D2
GO_Biological_Process_2023,Positive Regulation Of Adaptive Immune Response (GO:0002821),1/8,0.0315608212516243,0.1582130836305339,0,0,36.00904159132007,124.44144169317283,SIRT1
GO_Biological_Process_2023,Commissural Neuron Axon Guidance (GO:0071679),1/8,0.0315608212516243,0.1582130836305339,0,0,36.00904159132007,124.44144169317283,RYK
GO_Biological_Process_2023,Response To Leptin (GO:0044321),1/8,0.0315608212516243,0.1582130836305339,0,0,36.00904159132007,124.44144169317283,SIRT1
GO_Biological_Process_2023,Positive Regulation Of Centriole Replication (GO:0046601),1/8,0.0315608212516243,0.1582130836305339,0,0,36.00904159132007,124.44144169317283,CEP120
GO_Biological_Process_2023,Serotonin Uptake (GO:0051610),1/8,0.0315608212516243,0.1582130836305339,0,0,36.00904159132007,124.44144169317283,SLC18B1
GO_Biological_Process_2023,Positive Regulation Of Extracellular Matrix Assembly (GO:1901203),1/8,0.0315608212516243,0.1582130836305339,0,0,36.00904159132007,124.44144169317283,PHLDB1
GO_Biological_Process_2023,Positive Regulation Of Macrophage Cytokine Production (GO:0060907),1/8,0.0315608212516243,0.1582130836305339,0,0,36.00904159132007,124.44144169317283,SIRT1
GO_Biological_Process_2023,Leptin-Mediated Signaling Pathway (GO:0033210),1/8,0.0315608212516243,0.1582130836305339,0,0,36.00904159132007,124.44144169317283,SIRT1
GO_Biological_Process_2023,Negative Regulation Of T Cell Cytokine Production (GO:0002725),1/8,0.0315608212516243,0.1582130836305339,0,0,36.00904159132007,124.44144169317283,SMAD7
GO_Biological_Process_2023,Regulation Of Aspartic-Type Endopeptidase Activity Involved In Amyloid Precursor Protein Catabolic Process (GO:1902959),1/8,0.0315608212516243,0.1582130836305339,0,0,36.00904159132007,124.44144169317283,EPHA4
GO_Biological_Process_2023,Neuron Differentiation (GO:0030182),3/173,0.032181631379347,0.1582130836305339,0,0,4.526355996944233,15.55418617365648,NR4A2;WNT10B;RYK
GO_Biological_Process_2023,Regulation Of Neuron Projection Development (GO:0010975),3/174,0.0326543356935638,0.1582130836305339,0,0,4.499658236500342,15.39682993684932,EPHA4;MYLIP;GPC2
GO_Biological_Process_2023,Cell-Cell Junction Assembly (GO:0007043),2/71,0.0328669800118058,0.1582130836305339,0,0,7.376811594202898,25.19392705913049,CNTNAP1;SMAD7
GO_Biological_Process_2023,Synapse Assembly (GO:0007416),2/71,0.0328669800118058,0.1582130836305339,0,0,7.376811594202898,25.19392705913049,RYK;NRCAM
GO_Biological_Process_2023,Regulation Of Cell Population Proliferation (GO:0042127),7/766,0.0334927022890877,0.1582130836305339,0,0,2.420759109859765,8.221933310277036,EPHA4;BTG2;BTG1;DLG5;RTKN2;SIRT1;HBEGF
GO_Biological_Process_2023,Positive Regulation Of Transcription By RNA Polymerase II (GO:0045944),8/938,0.0336701543686141,0.1582130836305339,0,0,2.2688172043010755,7.693884626722445,NR4A2;ZNF395;ZNF263;SOX8;NR1D2;SSBP2;SIRT1;MEF2D
GO_Biological_Process_2023,Cellular Response To Hypoxia (GO:0071456),2/72,0.0337199299235671,0.1582130836305339,0,0,7.271062271062271,24.64647419308714,PMAIP1;SIRT1
GO_Biological_Process_2023,Cholesterol Homeostasis (GO:0042632),2/72,0.0337199299235671,0.1582130836305339,0,0,7.271062271062271,24.64647419308714,SIRT1;HDAC9
GO_Biological_Process_2023,Transforming Growth Factor Beta Receptor Signaling Pathway (GO:0007179),2/72,0.0337199299235671,0.1582130836305339,0,0,7.271062271062271,24.64647419308714,SIRT1;SMAD7
GO_Biological_Process_2023,Cellular Response To Decreased Oxygen Levels (GO:0036294),2/73,0.0345815077227502,0.1582130836305339,0,0,7.168291802094619,24.117260421614933,PMAIP1;SIRT1
GO_Biological_Process_2023,Sterol Homeostasis (GO:0055092),2/73,0.0345815077227502,0.1582130836305339,0,0,7.168291802094619,24.117260421614933,SIRT1;HDAC9
GO_Biological_Process_2023,Regulation Of Nucleic Acid-Templated Transcription (GO:1903506),5/452,0.0348518470980061,0.1582130836305339,0,0,2.904250559284116,9.748550147400804,ZNF395;ZNF263;BTG1;NR1D2;SSBP2
GO_Biological_Process_2023,Regulation Of Histone Methylation (GO:0031060),1/9,0.0354361161229414,0.1582130836305339,0,0,31.50632911392405,105.23188749884586,SIRT1
GO_Biological_Process_2023,Wnt Signaling Pathway Involved In Midbrain Dopaminergic Neuron Differentiation (GO:1904953),1/9,0.0354361161229414,0.1582130836305339,0,0,31.50632911392405,105.23188749884586,RYK
GO_Biological_Process_2023,Adherens Junction Assembly (GO:0034333),1/9,0.0354361161229414,0.1582130836305339,0,0,31.50632911392405,105.23188749884586,SMAD7
GO_Biological_Process_2023,Negative Regulation Of Transcription By Competitive Promoter Binding (GO:0010944),1/9,0.0354361161229414,0.1582130836305339,0,0,31.50632911392405,105.23188749884586,SMAD7
GO_Biological_Process_2023,cAMP Biosynthetic Process (GO:0006171),1/9,0.0354361161229414,0.1582130836305339,0,0,31.50632911392405,105.23188749884586,ADCY9
GO_Biological_Process_2023,Regulation Of Protein Acetylation (GO:1901983),1/9,0.0354361161229414,0.1582130836305339,0,0,31.50632911392405,105.23188749884586,SIRT1
GO_Biological_Process_2023,Peptidyl-Lysine Acetylation (GO:0018394),1/9,0.0354361161229414,0.1582130836305339,0,0,31.50632911392405,105.23188749884586,SIRT1
GO_Biological_Process_2023,Cellular Response To Purine-Containing Compound (GO:0071415),1/9,0.0354361161229414,0.1582130836305339,0,0,31.50632911392405,105.23188749884586,GSTM2
GO_Biological_Process_2023,Response To Laminar Fluid Shear Stress (GO:0034616),1/9,0.0354361161229414,0.1582130836305339,0,0,31.50632911392405,105.23188749884586,SMAD7
GO_Biological_Process_2023,Serotonin Transport (GO:0006837),1/9,0.0354361161229414,0.1582130836305339,0,0,31.50632911392405,105.23188749884586,SLC18B1
GO_Biological_Process_2023,Positive Regulation Of Epidermis Development (GO:0045684),1/9,0.0354361161229414,0.1582130836305339,0,0,31.50632911392405,105.23188749884586,ELAPOR2
GO_Biological_Process_2023,Positive Regulation Of Hippo Signaling (GO:0035332),1/9,0.0354361161229414,0.1582130836305339,0,0,31.50632911392405,105.23188749884586,DLG5
GO_Biological_Process_2023,Positive Regulation Of Leukocyte Apoptotic Process (GO:2000108),1/9,0.0354361161229414,0.1582130836305339,0,0,31.50632911392405,105.23188749884586,SIRT1
GO_Biological_Process_2023,Motor Neuron Axon Guidance (GO:0008045),1/9,0.0354361161229414,0.1582130836305339,0,0,31.50632911392405,105.23188749884586,EPHA4
GO_Biological_Process_2023,Myelin Assembly (GO:0032288),1/9,0.0354361161229414,0.1582130836305339,0,0,31.50632911392405,105.23188749884586,CNTNAP1
GO_Biological_Process_2023,Myelin Maintenance (GO:0043217),1/9,0.0354361161229414,0.1582130836305339,0,0,31.50632911392405,105.23188749884586,CXCR4
GO_Biological_Process_2023,Regulation Of Bile Acid Biosynthetic Process (GO:0070857),1/9,0.0354361161229414,0.1582130836305339,0,0,31.50632911392405,105.23188749884586,SIRT1
GO_Biological_Process_2023,Negative Regulation Of Nucleic Acid-Templated Transcription (GO:1903507),5/456,0.0359884091073073,0.1582130836305339,0,0,2.87790096082779,9.567749703207534,ZBTB21;SOX8;NR1D2;SIRT1;HDAC9
GO_Biological_Process_2023,Regulation Of Fat Cell Differentiation (GO:0045598),2/75,0.0363302243327915,0.1582130836305339,0,0,6.97119775201967,23.11025432161296,WNT10B;SIRT1
GO_Biological_Process_2023,Regulation Of BMP Signaling Pathway (GO:0030510),2/75,0.0363302243327915,0.1582130836305339,0,0,6.97119775201967,23.11025432161296,ELAPOR2;SMAD7
GO_Biological_Process_2023,Negative Regulation Of Transforming Growth Factor Beta Receptor Signaling Pathway (GO:0030512),2/77,0.0381124895191706,0.1582130836305339,0,0,6.7846153846153845,22.16678522421922,SIRT1;SMAD7
GO_Biological_Process_2023,Cell Morphogenesis Involved In Neuron Differentiation (GO:0048667),2/77,0.0381124895191706,0.1582130836305339,0,0,6.7846153846153845,22.16678522421922,RYK;NRCAM
GO_Biological_Process_2023,Negative Regulation Of Pathway-Restricted SMAD Protein Phosphorylation (GO:0060394),1/10,0.03929609749471,0.1582130836305339,0,0,28.0042194092827,90.63929849888726,SMAD7
GO_Biological_Process_2023,Regulation Of Peptidyl-Lysine Acetylation (GO:2000756),1/10,0.03929609749471,0.1582130836305339,0,0,28.0042194092827,90.63929849888726,SIRT1
GO_Biological_Process_2023,Regulation Of Peroxisome Proliferator Activated Receptor Signaling Pathway (GO:0035358),1/10,0.03929609749471,0.1582130836305339,0,0,28.0042194092827,90.63929849888726,SIRT1
GO_Biological_Process_2023,Cell Proliferation In Forebrain (GO:0021846),1/10,0.03929609749471,0.1582130836305339,0,0,28.0042194092827,90.63929849888726,CEP120
GO_Biological_Process_2023,Regulation Of Smooth Muscle Cell Apoptotic Process (GO:0034391),1/10,0.03929609749471,0.1582130836305339,0,0,28.0042194092827,90.63929849888726,SIRT1
GO_Biological_Process_2023,Positive Regulation Of MHC Class II Biosynthetic Process (GO:0045348),1/10,0.03929609749471,0.1582130836305339,0,0,28.0042194092827,90.63929849888726,SIRT1
GO_Biological_Process_2023,Positive Regulation Of Cellular Senescence (GO:2000774),1/10,0.03929609749471,0.1582130836305339,0,0,28.0042194092827,90.63929849888726,SIRT1
GO_Biological_Process_2023,Positive Regulation Of Epidermal Growth Factor-Activated Receptor Activity (GO:0045741),1/10,0.03929609749471,0.1582130836305339,0,0,28.0042194092827,90.63929849888726,HBEGF
GO_Biological_Process_2023,Fatty Acid Homeostasis (GO:0055089),1/10,0.03929609749471,0.1582130836305339,0,0,28.0042194092827,90.63929849888726,SIRT1
GO_Biological_Process_2023,Hematopoietic Stem Cell Proliferation (GO:0071425),1/10,0.03929609749471,0.1582130836305339,0,0,28.0042194092827,90.63929849888726,WNT10B
GO_Biological_Process_2023,Mast Cell Activation Involved In Immune Response (GO:0002279),1/10,0.03929609749471,0.1582130836305339,0,0,28.0042194092827,90.63929849888726,FCER1A
GO_Biological_Process_2023,Mast Cell Degranulation (GO:0043303),1/10,0.03929609749471,0.1582130836305339,0,0,28.0042194092827,90.63929849888726,FCER1A
GO_Biological_Process_2023,Negative Regulation Of T-helper Cell Differentiation (GO:0045623),1/10,0.03929609749471,0.1582130836305339,0,0,28.0042194092827,90.63929849888726,SMAD7
GO_Biological_Process_2023,Regulation Of Axon Regeneration (GO:0048679),1/10,0.03929609749471,0.1582130836305339,0,0,28.0042194092827,90.63929849888726,EPHA4
GO_Biological_Process_2023,Axonogenesis (GO:0007409),3/188,0.0396523232892011,0.1588158156739356,0,0,4.156195156195156,13.414559333062376,EPHA4;RYK;NRCAM
GO_Biological_Process_2023,Response To Insulin (GO:0032868),2/79,0.0399276707752803,0.1590900457315573,0,0,6.607725607725608,21.2814073235033,SIRT1;HDAC9
GO_Biological_Process_2023,Regulation Of DNA-templated Transcription (GO:0006355),13/1922,0.0409705130711663,0.1610451185481697,0,0,1.8306294613887089,5.848682943733917,ZNF395;ZNF263;BTG1;ZBTB21;ZBTB10;IRF2BP2;NR1D2;SIRT1;HDAC9;SMAD7;NR4A2;SOX8;SSBP2
GO_Biological_Process_2023,Regulation Of Cell Differentiation (GO:0045595),3/193,0.0423219722061825,0.1610451185481697,0,0,4.045796308954204,12.794624047601538,PHLDB1;NR1D2;SMAD7
GO_Biological_Process_2023,Negative Regulation Of Apoptotic Signaling Pathway (GO:2001234),2/82,0.0427107956871886,0.1610451185481697,0,0,6.358974358974359,20.051776511477343,NR4A2;RTKN2
GO_Biological_Process_2023,DNA Methylation-Dependent Heterochromatin Formation (GO:0006346),1/11,0.0431408249946982,0.1610451185481697,0,0,25.20253164556962,79.21875265135186,SIRT1
GO_Biological_Process_2023,Negative Regulation Of Release Of Sequestered Calcium Ion Into Cytosol (GO:0051280),1/11,0.0431408249946982,0.1610451185481697,0,0,25.20253164556962,79.21875265135186,GSTM2
GO_Biological_Process_2023,Negative Regulation Of Ryanodine-Sensitive Calcium-Release Channel Activity (GO:0060315),1/11,0.0431408249946982,0.1610451185481697,0,0,25.20253164556962,79.21875265135186,GSTM2
GO_Biological_Process_2023,Central Nervous System Myelination (GO:0022010),1/11,0.0431408249946982,0.1610451185481697,0,0,25.20253164556962,79.21875265135186,CNTNAP1
GO_Biological_Process_2023,Central Nervous System Projection Neuron Axonogenesis (GO:0021952),1/11,0.0431408249946982,0.1610451185481697,0,0,25.20253164556962,79.21875265135186,EPHA4
GO_Biological_Process_2023,Positive Regulation Of Branching Involved In Ureteric Bud Morphogenesis (GO:0090190),1/11,0.0431408249946982,0.1610451185481697,0,0,25.20253164556962,79.21875265135186,SOX8
GO_Biological_Process_2023,Mast Cell Mediated Immunity (GO:0002448),1/11,0.0431408249946982,0.1610451185481697,0,0,25.20253164556962,79.21875265135186,FCER1A
GO_Biological_Process_2023,Regulation Of T-helper 17 Cell Differentiation (GO:2000319),1/11,0.0431408249946982,0.1610451185481697,0,0,25.20253164556962,79.21875265135186,SMAD7
GO_Biological_Process_2023,Regulation Of Adipose Tissue Development (GO:1904177),1/11,0.0431408249946982,0.1610451185481697,0,0,25.20253164556962,79.21875265135186,SIRT1
GO_Biological_Process_2023,Regulation Of Astrocyte Differentiation (GO:0048710),1/11,0.0431408249946982,0.1610451185481697,0,0,25.20253164556962,79.21875265135186,EPHA4
GO_Biological_Process_2023,Regulation Of NIK/NF-kappaB Signaling (GO:1901222),2/83,0.0436542900557796,0.1621746331057706,0,0,6.280151946818614,19.666005166366272,RTKN2;HDAC9
GO_Biological_Process_2023,Positive Regulation Of Cell Population Proliferation (GO:0008284),5/483,0.0442607300212731,0.163637025895957,0,0,2.711576011157601,8.45376515396372,EPHA4;RTKN2;SOX8;SIRT1;HBEGF
GO_Biological_Process_2023,Regulation Of Cysteine-Type Endopeptidase Activity Involved In Apoptotic Process (GO:0043281),2/84,0.0446055504642661,0.1641228148661277,0,0,6.203252032520325,19.29147474863988,PMAIP1;SIRT1
GO_Biological_Process_2023,Negative Regulation Of Gene Expression (GO:0010629),4/336,0.0457833613355448,0.1649324444614565,0,0,3.1052631578947367,9.576117792925809,EPHA4;BTG2;SIRT1;HDAC9
GO_Biological_Process_2023,Negative Regulation Of Hippo Signaling (GO:0035331),1/12,0.0469703580455903,0.1649324444614565,0,0,22.9102416570771,70.06498436559322,DLG5
GO_Biological_Process_2023,Negative Regulation Of Intrinsic Apoptotic Signaling Pathway In Response To DNA Damage By P53 Class Mediator (GO:1902166),1/12,0.0469703580455903,0.1649324444614565,0,0,22.9102416570771,70.06498436559322,SIRT1
GO_Biological_Process_2023,UV-damage Excision Repair (GO:0070914),1/12,0.0469703580455903,0.1649324444614565,0,0,22.9102416570771,70.06498436559322,SIRT1
GO_Biological_Process_2023,Adipose Tissue Development (GO:0060612),1/12,0.0469703580455903,0.1649324444614565,0,0,22.9102416570771,70.06498436559322,SOX8
GO_Biological_Process_2023,cAMP Metabolic Process (GO:0046058),1/12,0.0469703580455903,0.1649324444614565,0,0,22.9102416570771,70.06498436559322,ADCY9
GO_Biological_Process_2023,Relaxation Of Cardiac Muscle (GO:0055119),1/12,0.0469703580455903,0.1649324444614565,0,0,22.9102416570771,70.06498436559322,GSTM2
GO_Biological_Process_2023,Positive Regulation Of Insulin Receptor Signaling Pathway (GO:0046628),1/12,0.0469703580455903,0.1649324444614565,0,0,22.9102416570771,70.06498436559322,SIRT1
GO_Biological_Process_2023,Positive Regulation Of Nuclear-Transcribed mRNA poly(A) Tail Shortening (GO:0060213),1/12,0.0469703580455903,0.1649324444614565,0,0,22.9102416570771,70.06498436559322,BTG2
GO_Biological_Process_2023,Myelination In Peripheral Nervous System (GO:0022011),1/12,0.0469703580455903,0.1649324444614565,0,0,22.9102416570771,70.06498436559322,CNTNAP1
GO_Biological_Process_2023,Cellular Response To Peptide Hormone Stimulus (GO:0071375),2/89,0.0494757174116196,0.1668952019551798,0,0,5.84526967285588,17.57247807346743,NR4A2;HDAC9
GO_Biological_Process_2023,Regulation Of Gastrulation (GO:0010470),1/13,0.0507847558615241,0.1668952019551798,0,0,21.0,62.58334006884147,PHLDB1
GO_Biological_Process_2023,Negative Regulation Of Myoblast Differentiation (GO:0045662),1/13,0.0507847558615241,0.1668952019551798,0,0,21.0,62.58334006884147,SOX8
GO_Biological_Process_2023,Regulation Of Intrinsic Apoptotic Signaling Pathway In Response To DNA Damage By P53 Class Mediator (GO:1902165),1/13,0.0507847558615241,0.1668952019551798,0,0,21.0,62.58334006884147,SIRT1
GO_Biological_Process_2023,Regulation Of Macrophage Cytokine Production (GO:0010935),1/13,0.0507847558615241,0.1668952019551798,0,0,21.0,62.58334006884147,SIRT1
GO_Biological_Process_2023,Cellular Modified Amino Acid Catabolic Process (GO:0042219),1/13,0.0507847558615241,0.1668952019551798,0,0,21.0,62.58334006884147,SARDH
GO_Biological_Process_2023,Relaxation Of Muscle (GO:0090075),1/13,0.0507847558615241,0.1668952019551798,0,0,21.0,62.58334006884147,GSTM2
GO_Biological_Process_2023,Positive Regulation Of Cellular Response To Insulin Stimulus (GO:1900078),1/13,0.0507847558615241,0.1668952019551798,0,0,21.0,62.58334006884147,SIRT1
GO_Biological_Process_2023,Positive Regulation Of Histone Deacetylation (GO:0031065),1/13,0.0507847558615241,0.1668952019551798,0,0,21.0,62.58334006884147,SIRT1
GO_Biological_Process_2023,Positive Regulation Of Insulin Secretion Involved In Cellular Response To Glucose Stimulus (GO:0035774),1/13,0.0507847558615241,0.1668952019551798,0,0,21.0,62.58334006884147,BAIAP3
GO_Biological_Process_2023,Positive Regulation Of Protein Deacetylation (GO:0090312),1/13,0.0507847558615241,0.1668952019551798,0,0,21.0,62.58334006884147,SIRT1
GO_Biological_Process_2023,"Negative Regulation Of DNA Damage Response, Signal Transduction By P53 Class Mediator (GO:0043518)",1/13,0.0507847558615241,0.1668952019551798,0,0,21.0,62.58334006884147,SIRT1
GO_Biological_Process_2023,Regulation Of T-helper 17 Type Immune Response (GO:2000316),1/13,0.0507847558615241,0.1668952019551798,0,0,21.0,62.58334006884147,SMAD7
GO_Biological_Process_2023,Regulation Of cAMP-dependent Protein Kinase Activity (GO:2000479),1/13,0.0507847558615241,0.1668952019551798,0,0,21.0,62.58334006884147,SIRT1
GO_Biological_Process_2023,Regulation Of Cellular Ketone Metabolic Process (GO:0010565),1/13,0.0507847558615241,0.1668952019551798,0,0,21.0,62.58334006884147,SIRT1
GO_Biological_Process_2023,Negative Regulation Of Amide Metabolic Process (GO:0034249),2/93,0.0535040634957514,0.1706307136726225,0,0,5.587207664130741,16.3593310490479,EPHA4;BTG2
GO_Biological_Process_2023,Peptidyl-Lysine Modification (GO:0018205),2/94,0.0545289086681384,0.1706307136726225,0,0,5.526198439241917,16.075845456110244,SIRT1;HDAC9
GO_Biological_Process_2023,Negative Regulation Of Fatty Acid Biosynthetic Process (GO:0045717),1/14,0.0545840774557414,0.1706307136726225,0,0,19.383641674780915,56.36788314936266,SIRT1
GO_Biological_Process_2023,Regulation Of Establishment Of Protein Localization (GO:0070201),1/14,0.0545840774557414,0.1706307136726225,0,0,19.383641674780915,56.36788314936266,CEP120
GO_Biological_Process_2023,Negative Regulation Of Peptidyl-Threonine Phosphorylation (GO:0010801),1/14,0.0545840774557414,0.1706307136726225,0,0,19.383641674780915,56.36788314936266,SMAD7
GO_Biological_Process_2023,Regulation Of Nuclear-Transcribed mRNA poly(A) Tail Shortening (GO:0060211),1/14,0.0545840774557414,0.1706307136726225,0,0,19.383641674780915,56.36788314936266,BTG2
GO_Biological_Process_2023,Pathway-Restricted SMAD Protein Phosphorylation (GO:0060389),1/14,0.0545840774557414,0.1706307136726225,0,0,19.383641674780915,56.36788314936266,SMAD7
GO_Biological_Process_2023,Establishment Of Chromosome Localization (GO:0051303),1/14,0.0545840774557414,0.1706307136726225,0,0,19.383641674780915,56.36788314936266,NDE1
GO_Biological_Process_2023,Regulation Of MHC Class II Biosynthetic Process (GO:0045346),1/14,0.0545840774557414,0.1706307136726225,0,0,19.383641674780915,56.36788314936266,SIRT1
GO_Biological_Process_2023,Negative Regulation Of T Cell Mediated Immunity (GO:0002710),1/14,0.0545840774557414,0.1706307136726225,0,0,19.383641674780915,56.36788314936266,SMAD7
GO_Biological_Process_2023,Negative Regulation Of Androgen Receptor Signaling Pathway (GO:0060766),1/14,0.0545840774557414,0.1706307136726225,0,0,19.383641674780915,56.36788314936266,SIRT1
GO_Biological_Process_2023,Regulation Of Branching Involved In Ureteric Bud Morphogenesis (GO:0090189),1/14,0.0545840774557414,0.1706307136726225,0,0,19.383641674780915,56.36788314936266,SOX8
GO_Biological_Process_2023,Cell Junction Assembly (GO:0034329),2/95,0.0555607147594698,0.1725050973216818,0,0,5.4665012406947895,15.799713173875974,RYK;NRCAM
GO_Biological_Process_2023,Cellular Response To Transforming Growth Factor Beta Stimulus (GO:0071560),2/96,0.05659941128668,0.1725050973216818,0,0,5.408074195308238,15.530673278095655,SIRT1;SMAD7
GO_Biological_Process_2023,Protein Modification By Small Protein Conjugation (GO:0032446),4/364,0.0581664643957059,0.1725050973216818,0,0,2.8596491228070176,8.134118376536833,MYLIP;KLHL24;SIRT1;HDAC9
GO_Biological_Process_2023,Regulation Of Cellular Response To Heat (GO:1900034),1/15,0.0583683815937166,0.1725050973216818,0,0,17.998191681735985,51.13251964521233,SIRT1
GO_Biological_Process_2023,T Cell Homeostasis (GO:0043029),1/15,0.0583683815937166,0.1725050973216818,0,0,17.998191681735985,51.13251964521233,PMAIP1
GO_Biological_Process_2023,Regulation Of Lipoprotein Lipase Activity (GO:0051004),1/15,0.0583683815937166,0.1725050973216818,0,0,17.998191681735985,51.13251964521233,HDAC9
GO_Biological_Process_2023,"Positive Regulation Of DNA Damage Response, Signal Transduction By P53 Class Mediator (GO:0043517)",1/15,0.0583683815937166,0.1725050973216818,0,0,17.998191681735985,51.13251964521233,PMAIP1
GO_Biological_Process_2023,Dendritic Cell Chemotaxis (GO:0002407),1/15,0.0583683815937166,0.1725050973216818,0,0,17.998191681735985,51.13251964521233,CXCR4
GO_Biological_Process_2023,Stem Cell Development (GO:0048864),1/15,0.0583683815937166,0.1725050973216818,0,0,17.998191681735985,51.13251964521233,SOX8
GO_Biological_Process_2023,Regulation Of Activin Receptor Signaling Pathway (GO:0032925),1/15,0.0583683815937166,0.1725050973216818,0,0,17.998191681735985,51.13251964521233,SMAD7
GO_Biological_Process_2023,Regulation Of Carbohydrate Metabolic Process (GO:0006109),1/15,0.0583683815937166,0.1725050973216818,0,0,17.998191681735985,51.13251964521233,SIRT1
GO_Biological_Process_2023,Regulation Of Transcription By RNA Polymerase II (GO:0006357),13/2028,0.0585482542317604,0.1725050973216818,0,0,1.7241213288396726,4.892890826100531,ZNF395;ZNF263;ZBTB21;ZBTB10;IRF2BP2;NR1D2;SIRT1;HDAC9;SMAD7;NR4A2;SOX8;SSBP2;MEF2D
GO_Biological_Process_2023,Negative Regulation Of Macromolecule Biosynthetic Process (GO:0010558),2/98,0.0586971958583036,0.1725050973216818,0,0,5.294871794871795,15.01288529254895,EPHA4;BTG2
GO_Biological_Process_2023,Positive Regulation Of Cell Motility (GO:2000147),3/221,0.0588816613912759,0.1725050973216818,0,0,3.521148576194448,9.972687098041376,EPHA4;CXCR4;HBEGF
GO_Biological_Process_2023,Axon Development (GO:0061564),2/99,0.0597561451076461,0.1725050973216818,0,0,5.240021147237642,14.763671793485386,RYK;NRCAM
GO_Biological_Process_2023,Negative Regulation Of Intrinsic Apoptotic Signaling Pathway By P53 Class Mediator (GO:1902254),1/16,0.0621377268635967,0.1725050973216818,0,0,16.79746835443038,46.67011894145101,SIRT1
GO_Biological_Process_2023,Autonomic Nervous System Development (GO:0048483),1/16,0.0621377268635967,0.1725050973216818,0,0,16.79746835443038,46.67011894145101,SOX8
GO_Biological_Process_2023,Regulation Of Osteoblast Proliferation (GO:0033688),1/16,0.0621377268635967,0.1725050973216818,0,0,16.79746835443038,46.67011894145101,SOX8
GO_Biological_Process_2023,Oligodendrocyte Development (GO:0014003),1/16,0.0621377268635967,0.1725050973216818,0,0,16.79746835443038,46.67011894145101,CNTNAP1
GO_Biological_Process_2023,Regulation Of Steroid Biosynthetic Process (GO:0050810),1/16,0.0621377268635967,0.1725050973216818,0,0,16.79746835443038,46.67011894145101,SIRT1
GO_Biological_Process_2023,"Regulation Of Synaptic Transmission, GABAergic (GO:0032228)",1/16,0.0621377268635967,0.1725050973216818,0,0,16.79746835443038,46.67011894145101,BAIAP3
GO_Biological_Process_2023,Regulation Of Triglyceride Biosynthetic Process (GO:0010866),1/16,0.0621377268635967,0.1725050973216818,0,0,16.79746835443038,46.67011894145101,SIRT1
GO_Biological_Process_2023,Positive Regulation Of Autophagosome Assembly (GO:2000786),1/16,0.0621377268635967,0.1725050973216818,0,0,16.79746835443038,46.67011894145101,MOAP1
GO_Biological_Process_2023,Positive Regulation Of Cell Migration Involved In Sprouting Angiogenesis (GO:0090050),1/16,0.0621377268635967,0.1725050973216818,0,0,16.79746835443038,46.67011894145101,HDAC9
GO_Biological_Process_2023,Extrinsic Apoptotic Signaling Pathway In Absence Of Ligand (GO:0097192),1/16,0.0621377268635967,0.1725050973216818,0,0,16.79746835443038,46.67011894145101,MOAP1
GO_Biological_Process_2023,Tail-Anchored Membrane Protein Insertion Into ER Membrane (GO:0071816),1/16,0.0621377268635967,0.1725050973216818,0,0,16.79746835443038,46.67011894145101,CAMLG
GO_Biological_Process_2023,Positive Regulation Of Myeloid Leukocyte Cytokine Production Involved In Immune Response (GO:0061081),1/16,0.0621377268635967,0.1725050973216818,0,0,16.79746835443038,46.67011894145101,SIRT1
GO_Biological_Process_2023,"Protein Alpha-1,2-Demannosylation (GO:0036508)",1/16,0.0621377268635967,0.1725050973216818,0,0,16.79746835443038,46.67011894145101,MAN1C1
GO_Biological_Process_2023,Negative Regulation Of ATP-dependent Activity (GO:0032780),1/16,0.0621377268635967,0.1725050973216818,0,0,16.79746835443038,46.67011894145101,SIRT1
GO_Biological_Process_2023,Regulation Of Cardiac Muscle Contraction By Regulation Of The Release Of Sequestered Calcium Ion (GO:0010881),1/16,0.0621377268635967,0.1725050973216818,0,0,16.79746835443038,46.67011894145101,GSTM2
GO_Biological_Process_2023,Negative Regulation Of Cytokine Production Involved In Immune Response (GO:0002719),1/16,0.0621377268635967,0.1725050973216818,0,0,16.79746835443038,46.67011894145101,SMAD7
GO_Biological_Process_2023,Regulation Of Apoptotic Process (GO:0042981),6/705,0.0630176054123643,0.1735310957511444,0,0,2.2295557359935043,6.163252646356403,HRK;WNT10B;MOAP1;PMAIP1;SOX8;SIRT1
GO_Biological_Process_2023,Negative Regulation Of Cellular Process (GO:0048523),5/537,0.0639948542074107,0.1735310957511444,0,0,2.4295739348370926,6.67878358959179,EPHA4;BTG2;BTG1;DLG5;SIRT1
GO_Biological_Process_2023,Positive Regulation Of Vasculature Development (GO:1904018),2/104,0.0651487240062784,0.1735310957511444,0,0,4.981900452488688,13.60598144682079,BTG1;SIRT1
GO_Biological_Process_2023,DNA Biosynthetic Process (GO:0071897),1/17,0.065892171598614,0.1735310957511444,0,0,15.746835443037977,42.82722951905598,SIRT1
GO_Biological_Process_2023,Rac Protein Signal Transduction (GO:0016601),1/17,0.065892171598614,0.1735310957511444,0,0,15.746835443037977,42.82722951905598,GARRE1
GO_Biological_Process_2023,Negative Regulation Of Oxidative Stress-Induced Intrinsic Apoptotic Signaling Pathway (GO:1902176),1/17,0.065892171598614,0.1735310957511444,0,0,15.746835443037977,42.82722951905598,SIRT1
GO_Biological_Process_2023,Negative Regulation Of Ubiquitin-Protein Transferase Activity (GO:0051444),1/17,0.065892171598614,0.1735310957511444,0,0,15.746835443037977,42.82722951905598,SMAD7
GO_Biological_Process_2023,Cellular Response To Alkaloid (GO:0071312),1/17,0.065892171598614,0.1735310957511444,0,0,15.746835443037977,42.82722951905598,GSTM2
GO_Biological_Process_2023,Positive Regulation By Host Of Viral Process (GO:0044794),1/17,0.065892171598614,0.1735310957511444,0,0,15.746835443037977,42.82722951905598,EEF1A1
GO_Biological_Process_2023,Positive Regulation Of Amyloid-Beta Formation (GO:1902004),1/17,0.065892171598614,0.1735310957511444,0,0,15.746835443037977,42.82722951905598,EPHA4
GO_Biological_Process_2023,Positive Regulation Of Glial Cell Differentiation (GO:0045687),1/17,0.065892171598614,0.1735310957511444,0,0,15.746835443037977,42.82722951905598,CXCR4
GO_Biological_Process_2023,Facultative Heterochromatin Formation (GO:0140718),1/17,0.065892171598614,0.1735310957511444,0,0,15.746835443037977,42.82722951905598,SIRT1
GO_Biological_Process_2023,Transcription By RNA Polymerase I (GO:0006360),1/17,0.065892171598614,0.1735310957511444,0,0,15.746835443037977,42.82722951905598,RRN3P2
GO_Biological_Process_2023,Regulation Of Brown Fat Cell Differentiation (GO:0090335),1/17,0.065892171598614,0.1735310957511444,0,0,15.746835443037977,42.82722951905598,SIRT1
GO_Biological_Process_2023,Negative Regulation Of Cellular Senescence (GO:2000773),1/17,0.065892171598614,0.1735310957511444,0,0,15.746835443037977,42.82722951905598,SIRT1
GO_Biological_Process_2023,Intrinsic Apoptotic Signaling Pathway (GO:0097193),2/105,0.0662463340748557,0.1738683648585805,0,0,4.933283544934031,13.390782264078354,MOAP1;PMAIP1
GO_Biological_Process_2023,Negative Regulation Of Translation (GO:0017148),2/107,0.0684601163901303,0.176140901846922,0,0,4.838827838827839,12.975335942683648,EPHA4;BTG2
GO_Biological_Process_2023,Negative Regulation Of Nervous System Development (GO:0051961),1/18,0.0696317739420862,0.176140901846922,0,0,14.819806403574088,39.48788238772356,ELAPOR2
GO_Biological_Process_2023,Negative Regulation Of Signal Transduction By P53 Class Mediator (GO:1901797),1/18,0.0696317739420862,0.176140901846922,0,0,14.819806403574088,39.48788238772356,SIRT1
GO_Biological_Process_2023,Regulation Of Mitochondrial Membrane Permeability (GO:0046902),1/18,0.0696317739420862,0.176140901846922,0,0,14.819806403574088,39.48788238772356,PMAIP1
GO_Biological_Process_2023,Neural Crest Cell Differentiation (GO:0014033),1/18,0.0696317739420862,0.176140901846922,0,0,14.819806403574088,39.48788238772356,SOX8
GO_Biological_Process_2023,Regulation Of Oxidative Stress-Induced Intrinsic Apoptotic Signaling Pathway (GO:1902175),1/18,0.0696317739420862,0.176140901846922,0,0,14.819806403574088,39.48788238772356,SIRT1
GO_Biological_Process_2023,Dendritic Cell Migration (GO:0036336),1/18,0.0696317739420862,0.176140901846922,0,0,14.819806403574088,39.48788238772356,CXCR4
GO_Biological_Process_2023,Positive Regulation Of Establishment Of Protein Localization (GO:1904951),1/18,0.0696317739420862,0.176140901846922,0,0,14.819806403574088,39.48788238772356,CEP120
GO_Biological_Process_2023,Positive Regulation Of Response To Endoplasmic Reticulum Stress (GO:1905898),1/18,0.0696317739420862,0.176140901846922,0,0,14.819806403574088,39.48788238772356,PMAIP1
GO_Biological_Process_2023,Regulation Of T Cell Cytokine Production (GO:0002724),1/18,0.0696317739420862,0.176140901846922,0,0,14.819806403574088,39.48788238772356,SMAD7
GO_Biological_Process_2023,Regulation Of Adaptive Immune Response (GO:0002819),1/18,0.0696317739420862,0.176140901846922,0,0,14.819806403574088,39.48788238772356,SIRT1
GO_Biological_Process_2023,Regulation Of Proteasomal Ubiquitin-Dependent Protein Catabolic Process (GO:0032434),2/109,0.0706982118359594,0.1776696892217413,0,0,4.747903187155524,12.578786084062466,CAMLG;SMAD7
GO_Biological_Process_2023,Positive Regulation Of Cysteine-Type Endopeptidase Activity Involved In Apoptotic Process (GO:0043280),2/109,0.0706982118359594,0.1776696892217413,0,0,4.747903187155524,12.578786084062466,PMAIP1;SIRT1
GO_Biological_Process_2023,Negative Regulation Of Transmembrane Receptor Protein Serine/Threonine Kinase Signaling Pathway (GO:0090101),2/111,0.0729601024306486,0.1785165161122102,0,0,4.660315219948248,12.199971382669617,SIRT1;SMAD7
GO_Biological_Process_2023,Regulation Of Transforming Growth Factor Beta Receptor Signaling Pathway (GO:0017015),2/111,0.0729601024306486,0.1785165161122102,0,0,4.660315219948248,12.199971382669617,SIRT1;SMAD7
GO_Biological_Process_2023,N-glycan Processing (GO:0006491),1/19,0.0733565917964349,0.1785165161122102,0,0,13.9957805907173,36.56289786863212,MAN1C1
GO_Biological_Process_2023,Negative Regulation Of Peptidyl-Serine Phosphorylation (GO:0033137),1/19,0.0733565917964349,0.1785165161122102,0,0,13.9957805907173,36.56289786863212,SMAD7
GO_Biological_Process_2023,Oligodendrocyte Differentiation (GO:0048709),1/19,0.0733565917964349,0.1785165161122102,0,0,13.9957805907173,36.56289786863212,SOX8
GO_Biological_Process_2023,Cyclic Nucleotide Biosynthetic Process (GO:0009190),1/19,0.0733565917964349,0.1785165161122102,0,0,13.9957805907173,36.56289786863212,ADCY9
GO_Biological_Process_2023,Positive Regulation Of Histone Methylation (GO:0031062),1/19,0.0733565917964349,0.1785165161122102,0,0,13.9957805907173,36.56289786863212,SIRT1
GO_Biological_Process_2023,Xenobiotic Catabolic Process (GO:0042178),1/19,0.0733565917964349,0.1785165161122102,0,0,13.9957805907173,36.56289786863212,GSTM2
GO_Biological_Process_2023,Intrinsic Apoptotic Signaling Pathway In Response To DNA Damage By P53 Class Mediator (GO:0042771),1/19,0.0733565917964349,0.1785165161122102,0,0,13.9957805907173,36.56289786863212,SIRT1
GO_Biological_Process_2023,Linoleic Acid Metabolic Process (GO:0043651),1/19,0.0733565917964349,0.1785165161122102,0,0,13.9957805907173,36.56289786863212,GSTM2
GO_Biological_Process_2023,Regulation Of Protein Ubiquitination (GO:0031396),2/113,0.0752452767477566,0.1825350719843055,0,0,4.575883575883576,11.837820625142038,CAMLG;SMAD7
GO_Biological_Process_2023,Negative Regulation Of Phosphate Metabolic Process (GO:0045936),1/20,0.077066682850071,0.1829144417027921,0,0,13.258494337108594,33.982637627801715,SIRT1
GO_Biological_Process_2023,Regulation Of Membrane Depolarization (GO:0003254),1/20,0.077066682850071,0.1829144417027921,0,0,13.258494337108594,33.982637627801715,SMAD7
GO_Biological_Process_2023,Regulation Of Phosphatase Activity (GO:0010921),1/20,0.077066682850071,0.1829144417027921,0,0,13.258494337108594,33.982637627801715,PPP1R2
GO_Biological_Process_2023,Peripheral Nervous System Development (GO:0007422),1/20,0.077066682850071,0.1829144417027921,0,0,13.258494337108594,33.982637627801715,SOX8
GO_Biological_Process_2023,Positive Regulation Of Epithelial Cell Differentiation (GO:0030858),1/20,0.077066682850071,0.1829144417027921,0,0,13.258494337108594,33.982637627801715,BTG1
GO_Biological_Process_2023,Positive Regulation Of Vascular Associated Smooth Muscle Cell Proliferation (GO:1904707),1/20,0.077066682850071,0.1829144417027921,0,0,13.258494337108594,33.982637627801715,MEF2D
GO_Biological_Process_2023,Regulation Of Cardiac Muscle Contraction By Calcium Ion Signaling (GO:0010882),1/20,0.077066682850071,0.1829144417027921,0,0,13.258494337108594,33.982637627801715,GSTM2
GO_Biological_Process_2023,Regulation Of Dendritic Spine Development (GO:0060998),1/21,0.0807621045750476,0.1853912191588408,0,0,12.59493670886076,31.691977077519997,DLG5
GO_Biological_Process_2023,Negative Regulation Of Interleukin-2 Production (GO:0032703),1/21,0.0807621045750476,0.1853912191588408,0,0,12.59493670886076,31.691977077519997,HDAC9
GO_Biological_Process_2023,Regulation Of Histone Deacetylation (GO:0031063),1/21,0.0807621045750476,0.1853912191588408,0,0,12.59493670886076,31.691977077519997,SIRT1
GO_Biological_Process_2023,Regulation Of Lipid Storage (GO:0010883),1/21,0.0807621045750476,0.1853912191588408,0,0,12.59493670886076,31.691977077519997,SIRT1
GO_Biological_Process_2023,Positive Regulation Of Amyloid Precursor Protein Catabolic Process (GO:1902993),1/21,0.0807621045750476,0.1853912191588408,0,0,12.59493670886076,31.691977077519997,EPHA4
GO_Biological_Process_2023,Positive Regulation Of Dendritic Spine Development (GO:0060999),1/21,0.0807621045750476,0.1853912191588408,0,0,12.59493670886076,31.691977077519997,DLG5
GO_Biological_Process_2023,Positive Regulation Of Signal Transduction By P53 Class Mediator (GO:1901798),1/21,0.0807621045750476,0.1853912191588408,0,0,12.59493670886076,31.691977077519997,PMAIP1
GO_Biological_Process_2023,Positive Regulation Of Smoothened Signaling Pathway (GO:0045880),1/21,0.0807621045750476,0.1853912191588408,0,0,12.59493670886076,31.691977077519997,DLG5
GO_Biological_Process_2023,Positive Regulation Of Vacuole Organization (GO:0044090),1/21,0.0807621045750476,0.1853912191588408,0,0,12.59493670886076,31.691977077519997,MOAP1
GO_Biological_Process_2023,Macrophage Differentiation (GO:0030225),1/21,0.0807621045750476,0.1853912191588408,0,0,12.59493670886076,31.691977077519997,SIRT1
GO_Biological_Process_2023,Modulation By Host Of Viral Genome Replication (GO:0044827),1/21,0.0807621045750476,0.1853912191588408,0,0,12.59493670886076,31.691977077519997,EEF1A1
GO_Biological_Process_2023,Positive Regulation Of Angiogenesis (GO:0045766),2/119,0.082235484142353,0.1882115693615162,0,0,4.339907955292571,10.841820867266003,BTG1;SIRT1
GO_Biological_Process_2023,Regulation Of Release Of Sequestered Calcium Ion Into Cytosol By Sarcoplasmic Reticulum (GO:0010880),1/22,0.0844429142331597,0.1909900030744113,0,0,11.994575045207956,29.646745779715985,GSTM2
GO_Biological_Process_2023,Positive Regulation Of Cholesterol Efflux (GO:0010875),1/22,0.0844429142331597,0.1909900030744113,0,0,11.994575045207956,29.646745779715985,SIRT1
GO_Biological_Process_2023,Positive Regulation Of Cilium Assembly (GO:0045724),1/22,0.0844429142331597,0.1909900030744113,0,0,11.994575045207956,29.646745779715985,CEP120
GO_Biological_Process_2023,Vesicle Transport Along Microtubule (GO:0047496),1/22,0.0844429142331597,0.1909900030744113,0,0,11.994575045207956,29.646745779715985,NDE1
GO_Biological_Process_2023,Regulation Of Cellular Response To Transforming Growth Factor Beta Stimulus (GO:1903844),1/23,0.0881091688442,0.1949187063669406,0,0,11.4487917146145,27.811160725540127,SMAD7
GO_Biological_Process_2023,Regulation Of Centrosome Cycle (GO:0046605),1/23,0.0881091688442,0.1949187063669406,0,0,11.4487917146145,27.811160725540127,SIRT1
GO_Biological_Process_2023,Negative Regulation Of Oxidative Stress-Induced Cell Death (GO:1903202),1/23,0.0881091688442,0.1949187063669406,0,0,11.4487917146145,27.811160725540127,SIRT1
GO_Biological_Process_2023,Regulation Of Myotube Differentiation (GO:0010830),1/23,0.0881091688442,0.1949187063669406,0,0,11.4487917146145,27.811160725540127,HDAC9
GO_Biological_Process_2023,Artery Development (GO:0060840),1/23,0.0881091688442,0.1949187063669406,0,0,11.4487917146145,27.811160725540127,SMAD7
GO_Biological_Process_2023,Positive Regulation Of Morphogenesis Of An Epithelium (GO:1905332),1/23,0.0881091688442,0.1949187063669406,0,0,11.4487917146145,27.811160725540127,SOX8
GO_Biological_Process_2023,Microtubule Nucleation (GO:0007020),1/23,0.0881091688442,0.1949187063669406,0,0,11.4487917146145,27.811160725540127,NDE1
GO_Biological_Process_2023,Negative Regulation Of Growth (GO:0045926),2/124,0.0882076850659237,0.1949187063669406,0,0,4.16099201345103,10.103143209351591,BTG1;SIRT1
GO_Biological_Process_2023,Negative Regulation Of Cell Growth (GO:0030308),2/125,0.0894174461100671,0.1970258339789158,0,0,4.126954346466541,9.96428146167984,BTG1;SIRT1
GO_Biological_Process_2023,Cellular Response To Starvation (GO:0009267),2/126,0.0906321772793038,0.1978544821293145,0,0,4.093465674110836,9.8281899192327,PMAIP1;SIRT1
GO_Biological_Process_2023,Regulation Of Endoplasmic Reticulum Stress-Induced Intrinsic Apoptotic Signaling Pathway (GO:1902235),1/24,0.0917609252380958,0.1978544821293145,0,0,10.950467804072646,26.155944898719028,PMAIP1
GO_Biological_Process_2023,Regulation Of Muscle Cell Differentiation (GO:0051147),1/24,0.0917609252380958,0.1978544821293145,0,0,10.950467804072646,26.155944898719028,HDAC9
GO_Biological_Process_2023,Regulation Of Proteolysis Involved In Protein Catabolic Process (GO:1903050),1/24,0.0917609252380958,0.1978544821293145,0,0,10.950467804072646,26.155944898719028,EPHA4
GO_Biological_Process_2023,Regulation Of Ryanodine-Sensitive Calcium-Release Channel Activity (GO:0060314),1/24,0.0917609252380958,0.1978544821293145,0,0,10.950467804072646,26.155944898719028,GSTM2
GO_Biological_Process_2023,Positive Regulation Of BMP Signaling Pathway (GO:0030513),1/24,0.0917609252380958,0.1978544821293145,0,0,10.950467804072646,26.155944898719028,ELAPOR2
GO_Biological_Process_2023,Regulation Of Response To External Stimulus (GO:0032101),2/127,0.0918518207024256,0.1978544821293145,0,0,4.0605128205128205,9.694793697819618,CXCR4;NR1D2
GO_Biological_Process_2023,Regulation Of Anatomical Structure Morphogenesis (GO:0022603),2/127,0.0918518207024256,0.1978544821293145,0,0,4.0605128205128205,9.694793697819618,EPHA4;PHLDB1
GO_Biological_Process_2023,Negative Regulation Of Intrinsic Apoptotic Signaling Pathway In Response To DNA Damage (GO:1902230),1/25,0.0953982400052786,0.1991410569210975,0,0,10.49367088607595,24.656927579154026,SIRT1
GO_Biological_Process_2023,Negative Regulation Of Lipid Biosynthetic Process (GO:0051055),1/25,0.0953982400052786,0.1991410569210975,0,0,10.49367088607595,24.656927579154026,SIRT1
GO_Biological_Process_2023,Regulation Of Hippo Signaling (GO:0035330),1/25,0.0953982400052786,0.1991410569210975,0,0,10.49367088607595,24.656927579154026,DLG5
GO_Biological_Process_2023,Negative Regulation Of Proteolysis Involved In Protein Catabolic Process (GO:1903051),1/25,0.0953982400052786,0.1991410569210975,0,0,10.49367088607595,24.656927579154026,EPHA4
GO_Biological_Process_2023,Negative Regulation Of Response To Wounding (GO:1903035),1/25,0.0953982400052786,0.1991410569210975,0,0,10.49367088607595,24.656927579154026,EPHA4
GO_Biological_Process_2023,Regulation Of Postsynapse Organization (GO:0099175),1/25,0.0953982400052786,0.1991410569210975,0,0,10.49367088607595,24.656927579154026,EPHA4
GO_Biological_Process_2023,Regulation Of Synapse Organization (GO:0050807),1/25,0.0953982400052786,0.1991410569210975,0,0,10.49367088607595,24.656927579154026,EPHA4
GO_Biological_Process_2023,Response To dsRNA (GO:0043331),1/25,0.0953982400052786,0.1991410569210975,0,0,10.49367088607595,24.656927579154026,PMAIP1
GO_Biological_Process_2023,Ventricular Cardiac Muscle Tissue Development (GO:0003229),1/25,0.0953982400052786,0.1991410569210975,0,0,10.49367088607595,24.656927579154026,SMAD7
GO_Biological_Process_2023,Long-Chain Fatty Acid Biosynthetic Process (GO:0042759),1/25,0.0953982400052786,0.1991410569210975,0,0,10.49367088607595,24.656927579154026,GSTM2
GO_Biological_Process_2023,Transmembrane Receptor Protein Serine/Threonine Kinase Signaling Pathway (GO:0007178),2/130,0.095539651130368,0.1991410569210975,0,0,3.96474358974359,9.31006609690638,SIRT1;SMAD7
GO_Biological_Process_2023,Positive Regulation Of Cell Migration (GO:0030335),3/272,0.0955566319946488,0.1991410569210975,0,0,2.846183556220731,6.682942027753924,EPHA4;CXCR4;HBEGF
GO_Biological_Process_2023,Synapse Organization (GO:0050808),2/131,0.0967783720969328,0.2011420760609226,0,0,3.933810375670841,9.186752223207284,RYK;NRCAM
GO_Biological_Process_2023,Plasma Membrane Bounded Cell Projection Organization (GO:0120036),2/132,0.0980217214388774,0.2030594116329203,0,0,3.903353057199211,9.0657957896335,BTG2;RYK
GO_Biological_Process_2023,Regulation Of Epidermal Growth Factor-Activated Receptor Activity (GO:0007176),1/26,0.0990211695219052,0.2030594116329203,0,0,10.073417721518988,23.293988907916823,HBEGF
GO_Biological_Process_2023,"Wnt Signaling Pathway, Planar Cell Polarity Pathway (GO:0060071)",1/26,0.0990211695219052,0.2030594116329203,0,0,10.073417721518988,23.293988907916823,RYK
GO_Biological_Process_2023,Establishment Or Maintenance Of Apical/Basal Cell Polarity (GO:0035088),1/26,0.0990211695219052,0.2030594116329203,0,0,10.073417721518988,23.293988907916823,DLG5
GO_Biological_Process_2023,Negative Regulation Of Catalytic Activity (GO:0043086),1/26,0.0990211695219052,0.2030594116329203,0,0,10.073417721518988,23.293988907916823,SIRT1
GO_Biological_Process_2023,DNA Synthesis Involved In DNA Repair (GO:0000731),1/27,0.1026297699643217,0.2055268049545922,0,0,9.685491723466408,22.05025422007099,SIRT1
GO_Biological_Process_2023,Regulation Of Insulin Secretion Involved In Cellular Response To Glucose Stimulus (GO:0061178),1/27,0.1026297699643217,0.2055268049545922,0,0,9.685491723466408,22.05025422007099,BAIAP3
GO_Biological_Process_2023,Cellular Response To Epidermal Growth Factor Stimulus (GO:0071364),1/27,0.1026297699643217,0.2055268049545922,0,0,9.685491723466408,22.05025422007099,EEF1A1
GO_Biological_Process_2023,Positive Regulation Of Calcium Ion Transmembrane Transporter Activity (GO:1901021),1/27,0.1026297699643217,0.2055268049545922,0,0,9.685491723466408,22.05025422007099,GSTM2
GO_Biological_Process_2023,Ventricular Septum Morphogenesis (GO:0060412),1/27,0.1026297699643217,0.2055268049545922,0,0,9.685491723466408,22.05025422007099,SMAD7
GO_Biological_Process_2023,In Utero Embryonic Development (GO:0001701),1/27,0.1026297699643217,0.2055268049545922,0,0,9.685491723466408,22.05025422007099,SOX8
GO_Biological_Process_2023,Positive Regulation Of Response To Wounding (GO:1903036),1/27,0.1026297699643217,0.2055268049545922,0,0,9.685491723466408,22.05025422007099,HBEGF
GO_Biological_Process_2023,Negative Regulation Of NIK/NF-kappaB Signaling (GO:1901223),1/27,0.1026297699643217,0.2055268049545922,0,0,9.685491723466408,22.05025422007099,HDAC9
GO_Biological_Process_2023,Regulation Of Androgen Receptor Signaling Pathway (GO:0060765),1/27,0.1026297699643217,0.2055268049545922,0,0,9.685491723466408,22.05025422007099,SIRT1
GO_Biological_Process_2023,Regulation Of Protein Kinase B Signaling (GO:0051896),2/136,0.1030402943740073,0.2058129516197704,0,0,3.7860696517412937,8.604355007770234,SIRT1;HBEGF
GO_Biological_Process_2023,Regulation Of Chemotaxis (GO:0050920),1/28,0.106224097275717,0.2089164470716787,0,0,9.326300984528832,20.91147208895769,CXCR4
GO_Biological_Process_2023,Regulation Of Protein Localization To Membrane (GO:1905475),1/28,0.106224097275717,0.2089164470716787,0,0,9.326300984528832,20.91147208895769,GPC2
GO_Biological_Process_2023,Hematopoietic Progenitor Cell Differentiation (GO:0002244),1/28,0.106224097275717,0.2089164470716787,0,0,9.326300984528832,20.91147208895769,SBDS
GO_Biological_Process_2023,Protein Insertion Into Mitochondrial Membrane (GO:0051204),1/28,0.106224097275717,0.2089164470716787,0,0,9.326300984528832,20.91147208895769,MOAP1
GO_Biological_Process_2023,Negative Regulation Of Cation Channel Activity (GO:2001258),1/28,0.106224097275717,0.2089164470716787,0,0,9.326300984528832,20.91147208895769,GSTM2
GO_Biological_Process_2023,Regulation Of Calcium Ion-Dependent Exocytosis (GO:0017158),1/28,0.106224097275717,0.2089164470716787,0,0,9.326300984528832,20.91147208895769,BAIAP3
GO_Biological_Process_2023,Regulation Of Developmental Growth (GO:0048638),1/29,0.109804207201114,0.2110985883441417,0,0,8.992766726943943,19.865529194835588,NRCAM
GO_Biological_Process_2023,Alpha-Amino Acid Catabolic Process (GO:1901606),1/29,0.109804207201114,0.2110985883441417,0,0,8.992766726943943,19.865529194835588,SARDH
GO_Biological_Process_2023,Regulation Of Striated Muscle Contraction (GO:0006942),1/29,0.109804207201114,0.2110985883441417,0,0,8.992766726943943,19.865529194835588,SMAD7
GO_Biological_Process_2023,Chondrocyte Differentiation (GO:0002062),1/29,0.109804207201114,0.2110985883441417,0,0,8.992766726943943,19.865529194835588,WNT10B
GO_Biological_Process_2023,Positive Regulation Of Endopeptidase Activity (GO:0010950),1/29,0.109804207201114,0.2110985883441417,0,0,8.992766726943943,19.865529194835588,EPHA4
GO_Biological_Process_2023,Establishment Of Mitotic Spindle Orientation (GO:0000132),1/29,0.109804207201114,0.2110985883441417,0,0,8.992766726943943,19.865529194835588,NDE1
GO_Biological_Process_2023,Protein Acetylation (GO:0006473),1/29,0.109804207201114,0.2110985883441417,0,0,8.992766726943943,19.865529194835588,SIRT1
GO_Biological_Process_2023,Protein Insertion Into ER Membrane (GO:0045048),1/29,0.109804207201114,0.2110985883441417,0,0,8.992766726943943,19.865529194835588,CAMLG
GO_Biological_Process_2023,Morphogenesis Of An Epithelium (GO:0002009),1/29,0.109804207201114,0.2110985883441417,0,0,8.992766726943943,19.865529194835588,SOX8
GO_Biological_Process_2023,Regulation Of Cell Adhesion (GO:0030155),2/144,0.1132830177264906,0.2136805132169389,0,0,3.571325388226797,7.777868173157977,EPHA4;CXCR4
GO_Biological_Process_2023,Regulation Of Dendritic Spine Morphogenesis (GO:0061001),1/30,0.1133701552568414,0.2136805132169389,0,0,8.682234831951114,18.9020683044028,EPHA4
GO_Biological_Process_2023,Artery Morphogenesis (GO:0048844),1/30,0.1133701552568414,0.2136805132169389,0,0,8.682234831951114,18.9020683044028,SMAD7
GO_Biological_Process_2023,Response To Epidermal Growth Factor (GO:0070849),1/30,0.1133701552568414,0.2136805132169389,0,0,8.682234831951114,18.9020683044028,EEF1A1
GO_Biological_Process_2023,Extrinsic Apoptotic Signaling Pathway Via Death Domain Receptors (GO:0008625),1/30,0.1133701552568414,0.2136805132169389,0,0,8.682234831951114,18.9020683044028,MOAP1
GO_Biological_Process_2023,Immunoglobulin Mediated Immune Response (GO:0016064),1/30,0.1133701552568414,0.2136805132169389,0,0,8.682234831951114,18.9020683044028,FCER1A
GO_Biological_Process_2023,Negative Regulation Of Calcium Ion Transmembrane Transporter Activity (GO:1901020),1/30,0.1133701552568414,0.2136805132169389,0,0,8.682234831951114,18.9020683044028,GSTM2
GO_Biological_Process_2023,Regulation Of Cell Migration Involved In Sprouting Angiogenesis (GO:0090049),1/30,0.1133701552568414,0.2136805132169389,0,0,8.682234831951114,18.9020683044028,HDAC9
GO_Biological_Process_2023,Regulation Of Cold-Induced Thermogenesis (GO:0120161),2/146,0.1158840609775051,0.2140602892337733,0,0,3.5213675213675213,7.589128252566177,WNT10B;CXCR4
GO_Biological_Process_2023,Negative Regulation Of Intracellular Steroid Hormone Receptor Signaling Pathway (GO:0033144),1/31,0.1169219967195055,0.2140602892337733,0,0,8.39240506329114,18.01218477461978,SIRT1
GO_Biological_Process_2023,Regulation Of Extrinsic Apoptotic Signaling Pathway Via Death Domain Receptors (GO:1902041),1/31,0.1169219967195055,0.2140602892337733,0,0,8.39240506329114,18.01218477461978,PMAIP1
GO_Biological_Process_2023,Regulation Of Gluconeogenesis (GO:0006111),1/31,0.1169219967195055,0.2140602892337733,0,0,8.39240506329114,18.01218477461978,SIRT1
GO_Biological_Process_2023,Regulation Of Long-Term Synaptic Potentiation (GO:1900271),1/31,0.1169219967195055,0.2140602892337733,0,0,8.39240506329114,18.01218477461978,EPHA4
GO_Biological_Process_2023,Organic Cation Transport (GO:0015695),1/31,0.1169219967195055,0.2140602892337733,0,0,8.39240506329114,18.01218477461978,SLC18B1
GO_Biological_Process_2023,Cardiac Muscle Tissue Morphogenesis (GO:0055008),1/31,0.1169219967195055,0.2140602892337733,0,0,8.39240506329114,18.01218477461978,SMAD7
GO_Biological_Process_2023,Regulation Of Transmembrane Receptor Protein Serine/Threonine Kinase Signaling Pathway (GO:0090092),1/31,0.1169219967195055,0.2140602892337733,0,0,8.39240506329114,18.01218477461978,SMAD7
GO_Biological_Process_2023,Central Nervous System Neuron Differentiation (GO:0021953),1/31,0.1169219967195055,0.2140602892337733,0,0,8.39240506329114,18.01218477461978,NR4A2
GO_Biological_Process_2023,Positive Regulation Of Cholesterol Transport (GO:0032376),1/31,0.1169219967195055,0.2140602892337733,0,0,8.39240506329114,18.01218477461978,SIRT1
GO_Biological_Process_2023,Positive Regulation Of Extrinsic Apoptotic Signaling Pathway (GO:2001238),1/31,0.1169219967195055,0.2140602892337733,0,0,8.39240506329114,18.01218477461978,PMAIP1
GO_Biological_Process_2023,Triglyceride Homeostasis (GO:0070328),1/31,0.1169219967195055,0.2140602892337733,0,0,8.39240506329114,18.01218477461978,SIRT1
GO_Biological_Process_2023,Negative Regulation Of Protein Metabolic Process (GO:0051248),2/147,0.1171903534036652,0.2140602892337733,0,0,3.496905393457117,7.497210299861896,EPHA4;BTG2
GO_Biological_Process_2023,Negative Regulation Of DNA-binding Transcription Factor Activity (GO:0043433),2/149,0.119814227572461,0.2149270904835525,0,0,3.4489795918367347,7.318089180489125,SIRT1;SMAD7
GO_Biological_Process_2023,Regulation Of Cholesterol Efflux (GO:0010874),1/32,0.1204597867339546,0.2149270904835525,0,0,8.121273989383422,17.18818345180516,SIRT1
GO_Biological_Process_2023,Negative Regulation Of Osteoblast Differentiation (GO:0045668),1/32,0.1204597867339546,0.2149270904835525,0,0,8.121273989383422,17.18818345180516,HDAC9
GO_Biological_Process_2023,Negative Regulation Of Proteasomal Ubiquitin-Dependent Protein Catabolic Process (GO:0032435),1/32,0.1204597867339546,0.2149270904835525,0,0,8.121273989383422,17.18818345180516,CAMLG
GO_Biological_Process_2023,Phosphatidylinositol 3-Kinase Signaling (GO:0014065),1/32,0.1204597867339546,0.2149270904835525,0,0,8.121273989383422,17.18818345180516,NYAP1
GO_Biological_Process_2023,Regulation Of Ubiquitin-Protein Transferase Activity (GO:0051438),1/32,0.1204597867339546,0.2149270904835525,0,0,8.121273989383422,17.18818345180516,SMAD7
GO_Biological_Process_2023,Heterochromatin Formation (GO:0031507),1/32,0.1204597867339546,0.2149270904835525,0,0,8.121273989383422,17.18818345180516,SIRT1
GO_Biological_Process_2023,Positive Regulation Of Synapse Assembly (GO:0051965),1/32,0.1204597867339546,0.2149270904835525,0,0,8.121273989383422,17.18818345180516,DLG5
GO_Biological_Process_2023,Mesenchymal Cell Migration (GO:0090497),1/32,0.1204597867339546,0.2149270904835525,0,0,8.121273989383422,17.18818345180516,SOX8
GO_Biological_Process_2023,Mitochondrial Membrane Organization (GO:0007006),1/32,0.1204597867339546,0.2149270904835525,0,0,8.121273989383422,17.18818345180516,PMAIP1
GO_Biological_Process_2023,Neuron Development (GO:0048666),2/150,0.1211317093773791,0.2156256585907513,0,0,3.4255024255024256,7.230813660437018,BTG2;RYK
GO_Biological_Process_2023,Positive Regulation Of DNA-templated Transcription (GO:0045893),8/1243,0.1232341328248474,0.2171830823229672,0,0,1.6810616284300497,3.519586978456948,NR4A2;ZNF395;ZNF263;SOX8;NR1D2;SSBP2;SIRT1;MEF2D
GO_Biological_Process_2023,Signal Transduction By P53 Class Mediator (GO:0072331),1/33,0.1239835801557641,0.2171830823229672,0,0,7.867088607594937,16.423382483057452,PMAIP1
GO_Biological_Process_2023,Positive Regulation Of Epidermal Growth Factor Receptor Signaling Pathway (GO:0045742),1/33,0.1239835801557641,0.2171830823229672,0,0,7.867088607594937,16.423382483057452,HBEGF
GO_Biological_Process_2023,Ventricular Cardiac Muscle Tissue Morphogenesis (GO:0055010),1/33,0.1239835801557641,0.2171830823229672,0,0,7.867088607594937,16.423382483057452,SMAD7
GO_Biological_Process_2023,Positive Regulation Of Release Of Sequestered Calcium Ion Into Cytosol (GO:0051281),1/33,0.1239835801557641,0.2171830823229672,0,0,7.867088607594937,16.423382483057452,GSTM2
GO_Biological_Process_2023,Positive Regulation Of Small Molecule Metabolic Process (GO:0062013),1/33,0.1239835801557641,0.2171830823229672,0,0,7.867088607594937,16.423382483057452,PMAIP1
GO_Biological_Process_2023,Regulation Of Amyloid-Beta Formation (GO:1902003),1/33,0.1239835801557641,0.2171830823229672,0,0,7.867088607594937,16.423382483057452,EPHA4
GO_Biological_Process_2023,Cellular Response To Amyloid-Beta (GO:1904646),1/34,0.127493431661207,0.2198146018180433,0,0,7.628308400460299,15.711953825485486,EPHA4
GO_Biological_Process_2023,Cellular Response To Hydrogen Peroxide (GO:0070301),1/34,0.127493431661207,0.2198146018180433,0,0,7.628308400460299,15.711953825485486,SIRT1
GO_Biological_Process_2023,Positive Regulation Of Carbohydrate Metabolic Process (GO:0045913),1/34,0.127493431661207,0.2198146018180433,0,0,7.628308400460299,15.711953825485486,PMAIP1
GO_Biological_Process_2023,Smoothened Signaling Pathway (GO:0007224),1/34,0.127493431661207,0.2198146018180433,0,0,7.628308400460299,15.711953825485486,GPC2
GO_Biological_Process_2023,Establishment Of Mitotic Spindle Localization (GO:0040001),1/34,0.127493431661207,0.2198146018180433,0,0,7.628308400460299,15.711953825485486,NDE1
GO_Biological_Process_2023,Glial Cell Differentiation (GO:0010001),1/34,0.127493431661207,0.2198146018180433,0,0,7.628308400460299,15.711953825485486,SOX8
GO_Biological_Process_2023,Microtubule Polymerization (GO:0046785),1/34,0.127493431661207,0.2198146018180433,0,0,7.628308400460299,15.711953825485486,NDE1
GO_Biological_Process_2023,Cellular Response To Growth Factor Stimulus (GO:0071363),2/155,0.1277725968955336,0.2198146018180433,0,0,3.3127199597787835,6.815931857716935,EEF1A1;SMAD7
GO_Biological_Process_2023,Regulation Of Cellular Senescence (GO:2000772),1/35,0.1309893957070499,0.2228558524307996,0,0,7.403574087862993,15.04879274820452,SIRT1
GO_Biological_Process_2023,Adherens Junction Organization (GO:0034332),1/35,0.1309893957070499,0.2228558524307996,0,0,7.403574087862993,15.04879274820452,SMAD7
GO_Biological_Process_2023,Establishment Of Spindle Orientation (GO:0051294),1/35,0.1309893957070499,0.2228558524307996,0,0,7.403574087862993,15.04879274820452,NDE1
GO_Biological_Process_2023,Regulation Of Axon Extension (GO:0030516),1/35,0.1309893957070499,0.2228558524307996,0,0,7.403574087862993,15.04879274820452,NRCAM
GO_Biological_Process_2023,Regulation Of Cardiac Muscle Contraction (GO:0055117),1/35,0.1309893957070499,0.2228558524307996,0,0,7.403574087862993,15.04879274820452,SMAD7
GO_Biological_Process_2023,Negative Regulation Of Protein Kinase B Signaling (GO:0051898),1/36,0.1344715265625475,0.2252910760928084,0,0,7.191681735985534,14.42941037733673,SIRT1
GO_Biological_Process_2023,Neural Crest Cell Migration (GO:0001755),1/36,0.1344715265625475,0.2252910760928084,0,0,7.191681735985534,14.42941037733673,SOX8
GO_Biological_Process_2023,Regulation Of Peptidyl-Threonine Phosphorylation (GO:0010799),1/36,0.1344715265625475,0.2252910760928084,0,0,7.191681735985534,14.42941037733673,SMAD7
GO_Biological_Process_2023,Histone Deacetylation (GO:0016575),1/36,0.1344715265625475,0.2252910760928084,0,0,7.191681735985534,14.42941037733673,SIRT1
GO_Biological_Process_2023,Positive Regulation Of Signaling Receptor Activity (GO:2000273),1/36,0.1344715265625475,0.2252910760928084,0,0,7.191681735985534,14.42941037733673,HBEGF
GO_Biological_Process_2023,Protein Destabilization (GO:0031648),1/36,0.1344715265625475,0.2252910760928084,0,0,7.191681735985534,14.42941037733673,SIRT1
GO_Biological_Process_2023,Negative Regulation Of T Cell Proliferation (GO:0042130),1/36,0.1344715265625475,0.2252910760928084,0,0,7.191681735985534,14.42941037733673,DLG5
GO_Biological_Process_2023,Negative Regulation Of Transferase Activity (GO:0051348),1/37,0.1379398782346534,0.2291053269167354,0,0,6.991561181434599,13.849844705127882,SMAD7
GO_Biological_Process_2023,Regulation Of Phosphoprotein Phosphatase Activity (GO:0043666),1/37,0.1379398782346534,0.2291053269167354,0,0,6.991561181434599,13.849844705127882,PPP1R2
GO_Biological_Process_2023,Regulation Of Vascular Associated Smooth Muscle Cell Proliferation (GO:1904705),1/37,0.1379398782346534,0.2291053269167354,0,0,6.991561181434599,13.849844705127882,MEF2D
GO_Biological_Process_2023,Ventricular Septum Development (GO:0003281),1/37,0.1379398782346534,0.2291053269167354,0,0,6.991561181434599,13.849844705127882,SMAD7
GO_Biological_Process_2023,Amino Acid Catabolic Process (GO:0009063),1/38,0.141394504607699,0.2323341325711977,0,0,6.802257954156689,13.306586468021846,SARDH
GO_Biological_Process_2023,Connective Tissue Development (GO:0061448),1/38,0.141394504607699,0.2323341325711977,0,0,6.802257954156689,13.306586468021846,SOX8
GO_Biological_Process_2023,Positive Regulation Of Cation Channel Activity (GO:2001259),1/38,0.141394504607699,0.2323341325711977,0,0,6.802257954156689,13.306586468021846,GSTM2
GO_Biological_Process_2023,Response To Transforming Growth Factor Beta (GO:0071559),1/38,0.141394504607699,0.2323341325711977,0,0,6.802257954156689,13.306586468021846,SMAD7
GO_Biological_Process_2023,Positive Regulation Of Myoblast Differentiation (GO:0045663),1/38,0.141394504607699,0.2323341325711977,0,0,6.802257954156689,13.306586468021846,BTG1
GO_Biological_Process_2023,Regulation Of Cytokine Production (GO:0001817),2/167,0.1440452409919387,0.2330093476211523,0,0,3.06993006993007,5.948382016991661,LOC102723996;HDAC9
GO_Biological_Process_2023,Negative Regulation Of Lymphocyte Proliferation (GO:0050672),1/39,0.1448354592495589,0.2330093476211523,0,0,6.622918054630246,12.796517113364189,DLG5
GO_Biological_Process_2023,Negative Regulation Of Proteasomal Protein Catabolic Process (GO:1901799),1/39,0.1448354592495589,0.2330093476211523,0,0,6.622918054630246,12.796517113364189,CAMLG
GO_Biological_Process_2023,Regulation Of Mitochondrial Membrane Potential (GO:0051881),1/39,0.1448354592495589,0.2330093476211523,0,0,6.622918054630246,12.796517113364189,PMAIP1
GO_Biological_Process_2023,Negative Regulation Of Ubiquitin-Dependent Protein Catabolic Process (GO:2000059),1/39,0.1448354592495589,0.2330093476211523,0,0,6.622918054630246,12.796517113364189,CAMLG
GO_Biological_Process_2023,Organelle Transport Along Microtubule (GO:0072384),1/39,0.1448354592495589,0.2330093476211523,0,0,6.622918054630246,12.796517113364189,NDE1
GO_Biological_Process_2023,Regulation Of Protein Tyrosine Kinase Activity (GO:0061097),1/39,0.1448354592495589,0.2330093476211523,0,0,6.622918054630246,12.796517113364189,EPHA4
GO_Biological_Process_2023,Positive Regulation Of Intrinsic Apoptotic Signaling Pathway (GO:2001244),1/39,0.1448354592495589,0.2330093476211523,0,0,6.622918054630246,12.796517113364189,PMAIP1
GO_Biological_Process_2023,Vesicle Cytoskeletal Trafficking (GO:0099518),1/39,0.1448354592495589,0.2330093476211523,0,0,6.622918054630246,12.796517113364189,NDE1
GO_Biological_Process_2023,Heterochromatin Organization (GO:0070828),1/39,0.1448354592495589,0.2330093476211523,0,0,6.622918054630246,12.796517113364189,SIRT1
GO_Biological_Process_2023,Brain Development (GO:0007420),2/169,0.1467991793816047,0.2341151742234279,0,0,3.0328573621986794,5.819112342739377,CXCR4;NRCAM
GO_Biological_Process_2023,Regulation Of Microtubule Cytoskeleton Organization (GO:0070507),1/40,0.148262795639544,0.2341151742234279,0,0,6.452775073028238,12.316856594910892,PHLDB1
GO_Biological_Process_2023,Nucleic Acid-Templated Transcription (GO:0097659),1/40,0.148262795639544,0.2341151742234279,0,0,6.452775073028238,12.316856594910892,NR4A2
GO_Biological_Process_2023,Regulation Of Protein Dephosphorylation (GO:0035304),1/40,0.148262795639544,0.2341151742234279,0,0,6.452775073028238,12.316856594910892,PPP1R2
GO_Biological_Process_2023,Regulation Of Small Molecule Metabolic Process (GO:0062012),1/40,0.148262795639544,0.2341151742234279,0,0,6.452775073028238,12.316856594910892,SIRT1
GO_Biological_Process_2023,Positive Regulation Of Insulin Secretion (GO:0032024),1/40,0.148262795639544,0.2341151742234279,0,0,6.452775073028238,12.316856594910892,BAIAP3
GO_Biological_Process_2023,Establishment Or Maintenance Of Epithelial Cell Apical/Basal Polarity (GO:0045197),1/40,0.148262795639544,0.2341151742234279,0,0,6.452775073028238,12.316856594910892,DLG5
GO_Biological_Process_2023,Positive Regulation Of Wound Healing (GO:0090303),1/40,0.148262795639544,0.2341151742234279,0,0,6.452775073028238,12.316856594910892,HBEGF
GO_Biological_Process_2023,Regulation Of Autophagosome Assembly (GO:2000785),1/40,0.148262795639544,0.2341151742234279,0,0,6.452775073028238,12.316856594910892,MOAP1
GO_Biological_Process_2023,Heart Development (GO:0007507),2/171,0.1495641215432152,0.2356860849728124,0,0,2.9966621150053103,5.693748132520943,HDAC9;MEF2D
GO_Biological_Process_2023,Negative Regulation Of Proteolysis (GO:0045861),1/41,0.1516765669633001,0.2370717073064589,0,0,6.291139240506329,11.865119271542625,EPHA4
GO_Biological_Process_2023,Regulation Of Microtubule-Based Process (GO:0032886),1/41,0.1516765669633001,0.2370717073064589,0,0,6.291139240506329,11.865119271542625,PHLDB1
GO_Biological_Process_2023,Non-Canonical Wnt Signaling Pathway (GO:0035567),1/41,0.1516765669633001,0.2370717073064589,0,0,6.291139240506329,11.865119271542625,RYK
GO_Biological_Process_2023,Cellular Response To Retinoic Acid (GO:0071300),1/41,0.1516765669633001,0.2370717073064589,0,0,6.291139240506329,11.865119271542625,WNT10B
GO_Biological_Process_2023,Cardiac Ventricle Morphogenesis (GO:0003208),1/42,0.1550768262210607,0.2394660228192684,0,0,6.1373880827415865,11.439076457528104,SMAD7
GO_Biological_Process_2023,Translational Elongation (GO:0006414),1/42,0.1550768262210607,0.2394660228192684,0,0,6.1373880827415865,11.439076457528104,EEF1A1
GO_Biological_Process_2023,Positive Regulation Of Neuron Differentiation (GO:0045666),1/42,0.1550768262210607,0.2394660228192684,0,0,6.1373880827415865,11.439076457528104,NRCAM
GO_Biological_Process_2023,Lysosome Localization (GO:0032418),1/42,0.1550768262210607,0.2394660228192684,0,0,6.1373880827415865,11.439076457528104,FCER1A
GO_Biological_Process_2023,Negative Regulation Of I-kappaB kinase/NF-kappaB Signaling (GO:0043124),1/42,0.1550768262210607,0.2394660228192684,0,0,6.1373880827415865,11.439076457528104,SIRT1
GO_Biological_Process_2023,Regulation Of Axonogenesis (GO:0050770),1/42,0.1550768262210607,0.2394660228192684,0,0,6.1373880827415865,11.439076457528104,EPHA4
GO_Biological_Process_2023,Regulation Of Primary Metabolic Process (GO:0080090),1/43,0.1584636262338361,0.2417827947893253,0,0,5.990958408679927,11.036724504327369,NR1D2
GO_Biological_Process_2023,Response To Amyloid-Beta (GO:1904645),1/43,0.1584636262338361,0.2417827947893253,0,0,5.990958408679927,11.036724504327369,EPHA4
GO_Biological_Process_2023,Ephrin Receptor Signaling Pathway (GO:0048013),1/43,0.1584636262338361,0.2417827947893253,0,0,5.990958408679927,11.036724504327369,EPHA4
GO_Biological_Process_2023,Intracellular Glucose Homeostasis (GO:0001678),1/43,0.1584636262338361,0.2417827947893253,0,0,5.990958408679927,11.036724504327369,SIRT1
GO_Biological_Process_2023,Negative Regulation Of BMP Signaling Pathway (GO:0030514),1/43,0.1584636262338361,0.2417827947893253,0,0,5.990958408679927,11.036724504327369,SMAD7
GO_Biological_Process_2023,Regulation Of Cell-Cell Adhesion (GO:0022407),1/43,0.1584636262338361,0.2417827947893253,0,0,5.990958408679927,11.036724504327369,SMAD7
GO_Biological_Process_2023,Regulation Of Insulin Receptor Signaling Pathway (GO:0046626),1/44,0.1618370196176481,0.2445042595009262,0,0,5.851339417132764,10.656257486403875,SIRT1
GO_Biological_Process_2023,Neural Crest Cell Development (GO:0014032),1/44,0.1618370196176481,0.2445042595009262,0,0,5.851339417132764,10.656257486403875,SOX8
GO_Biological_Process_2023,Bone Development (GO:0060348),1/44,0.1618370196176481,0.2445042595009262,0,0,5.851339417132764,10.656257486403875,SBDS
GO_Biological_Process_2023,Positive Regulation Of Cytokine-Mediated Signaling Pathway (GO:0001961),1/44,0.1618370196176481,0.2445042595009262,0,0,5.851339417132764,10.656257486403875,CXCR4
GO_Biological_Process_2023,Regulation Of Cell-Substrate Adhesion (GO:0010810),1/44,0.1618370196176481,0.2445042595009262,0,0,5.851339417132764,10.656257486403875,FBLN2
GO_Biological_Process_2023,Regulation Of Gene Expression (GO:0010468),7/1127,0.1639189071017119,0.2466728896223638,0,0,1.6095890410958904,2.9107541708897187,ZNF395;ZNF263;BTG1;LOC102723996;NR1D2;SSBP2;SIRT1
GO_Biological_Process_2023,Epidermal Growth Factor Receptor Signaling Pathway (GO:0007173),1/45,0.1651970587197885,0.2466728896223638,0,0,5.718066743383199,10.296043738978303,HBEGF
GO_Biological_Process_2023,Positive Regulation Of mRNA Catabolic Process (GO:0061014),1/45,0.1651970587197885,0.2466728896223638,0,0,5.718066743383199,10.296043738978303,BTG2
GO_Biological_Process_2023,Triglyceride Metabolic Process (GO:0006641),1/45,0.1651970587197885,0.2466728896223638,0,0,5.718066743383199,10.296043738978303,SIRT1
GO_Biological_Process_2023,Mitotic Nuclear Division (GO:0140014),1/45,0.1651970587197885,0.2466728896223638,0,0,5.718066743383199,10.296043738978303,NDE1
GO_Biological_Process_2023,Regulation Of Apoptotic Signaling Pathway (GO:2001233),1/45,0.1651970587197885,0.2466728896223638,0,0,5.718066743383199,10.296043738978303,NR4A2
GO_Biological_Process_2023,Regulation Of Nervous System Development (GO:0051960),1/46,0.1685437957976443,0.2478206098821959,0,0,5.590717299578059,9.954605622805229,ELAPOR2
GO_Biological_Process_2023,Response To Hydrogen Peroxide (GO:0042542),1/46,0.1685437957976443,0.2478206098821959,0,0,5.590717299578059,9.954605622805229,SIRT1
GO_Biological_Process_2023,Positive Regulation Of Cell-Cell Adhesion (GO:0022409),1/46,0.1685437957976443,0.2478206098821959,0,0,5.590717299578059,9.954605622805229,SMAD7
GO_Biological_Process_2023,Development Of Primary Male Sexual Characteristics (GO:0046546),1/46,0.1685437957976443,0.2478206098821959,0,0,5.590717299578059,9.954605622805229,SOX8
GO_Biological_Process_2023,Male Gonad Development (GO:0008584),1/46,0.1685437957976443,0.2478206098821959,0,0,5.590717299578059,9.954605622805229,SOX8
GO_Biological_Process_2023,Protein Sumoylation (GO:0016925),1/46,0.1685437957976443,0.2478206098821959,0,0,5.590717299578059,9.954605622805229,HDAC9
GO_Biological_Process_2023,Negative Regulation Of Cellular Metabolic Process (GO:0031324),1/46,0.1685437957976443,0.2478206098821959,0,0,5.590717299578059,9.954605622805229,SIRT1
GO_Biological_Process_2023,Negative Regulation Of Cold-Induced Thermogenesis (GO:0120163),1/46,0.1685437957976443,0.2478206098821959,0,0,5.590717299578059,9.954605622805229,WNT10B
GO_Biological_Process_2023,Regulation Of Interleukin-2 Production (GO:0032663),1/47,0.1718772828117214,0.2508038529074265,0,0,5.4689047881122725,9.630602032494144,HDAC9
GO_Biological_Process_2023,Regulation Of Wound Healing (GO:0061041),1/47,0.1718772828117214,0.2508038529074265,0,0,5.4689047881122725,9.630602032494144,HBEGF
GO_Biological_Process_2023,Epithelial To Mesenchymal Transition (GO:0001837),1/47,0.1718772828117214,0.2508038529074265,0,0,5.4689047881122725,9.630602032494144,DLG5
GO_Biological_Process_2023,Positive Regulation Of Smooth Muscle Cell Proliferation (GO:0048661),1/47,0.1718772828117214,0.2508038529074265,0,0,5.4689047881122725,9.630602032494144,MEF2D
GO_Biological_Process_2023,Cellular Response To Radiation (GO:0071478),1/48,0.1751975715630564,0.2546822921209647,0,0,5.35227578777269,9.322813204480116,SIRT1
GO_Biological_Process_2023,Negative Regulation Of ERK1 And ERK2 Cascade (GO:0070373),1/48,0.1751975715630564,0.2546822921209647,0,0,5.35227578777269,9.322813204480116,EPHA4
GO_Biological_Process_2023,Positive Regulation Of Nervous System Development (GO:0051962),1/49,0.1785047136614883,0.2580265503866251,0,0,5.2405063291139244,9.030127496356862,DLG5
GO_Biological_Process_2023,Unsaturated Fatty Acid Metabolic Process (GO:0033559),1/49,0.1785047136614883,0.2580265503866251,0,0,5.2405063291139244,9.030127496356862,GSTM2
GO_Biological_Process_2023,Negative Regulation Of T Cell Activation (GO:0050868),1/49,0.1785047136614883,0.2580265503866251,0,0,5.2405063291139244,9.030127496356862,DLG5
GO_Biological_Process_2023,Regulation Of Signal Transduction (GO:0009966),2/193,0.1806094145149352,0.2605790614671391,0,0,2.6485434286481406,4.532766249018118,GNG7;SIRT1
GO_Biological_Process_2023,Cell Chemotaxis (GO:0060326),1/50,0.181798760490535,0.2613144800321895,0,0,5.133298889175924,8.751529842637671,HBEGF
GO_Biological_Process_2023,Ribosome Assembly (GO:0042255),1/50,0.181798760490535,0.2613144800321895,0,0,5.133298889175924,8.751529842637671,SBDS
GO_Biological_Process_2023,Regulation Of Programmed Cell Death (GO:0043067),2/195,0.1834808130792359,0.2632401963767397,0,0,2.620831672645144,4.444000587626129,MOAP1;SIRT1
GO_Biological_Process_2023,SMAD Protein Signal Transduction (GO:0060395),1/51,0.1850797632262459,0.2635672924462651,0,0,5.030379746835443,8.486091643982048,SMAD7
GO_Biological_Process_2023,Regulation Of Release Of Sequestered Calcium Ion Into Cytosol (GO:0051279),1/51,0.1850797632262459,0.2635672924462651,0,0,5.030379746835443,8.486091643982048,GSTM2
GO_Biological_Process_2023,Regulation Of Smoothened Signaling Pathway (GO:0008589),1/51,0.1850797632262459,0.2635672924462651,0,0,5.030379746835443,8.486091643982048,DLG5
GO_Biological_Process_2023,Regulation Of Synapse Assembly (GO:0051963),1/51,0.1850797632262459,0.2635672924462651,0,0,5.030379746835443,8.486091643982048,DLG5
GO_Biological_Process_2023,Cartilage Development (GO:0051216),1/52,0.1883477728874134,0.2662489657176856,0,0,4.931496649292629,8.232961888238323,WNT10B
GO_Biological_Process_2023,Cell Cycle G1/S Phase Transition (GO:0044843),1/52,0.1883477728874134,0.2662489657176856,0,0,4.931496649292629,8.232961888238323,ZNF324
GO_Biological_Process_2023,Cellular Response To Ionizing Radiation (GO:0071479),1/52,0.1883477728874134,0.2662489657176856,0,0,4.931496649292629,8.232961888238323,SIRT1
GO_Biological_Process_2023,Regulation Of Cell Development (GO:0060284),1/52,0.1883477728874134,0.2662489657176856,0,0,4.931496649292629,8.232961888238323,HDAC9
GO_Biological_Process_2023,Negative Regulation Of Metabolic Process (GO:0009892),1/53,0.1916028402963843,0.2674094086895091,0,0,4.836416747809153,7.991359335788431,WNT10B
GO_Biological_Process_2023,Blood Vessel Morphogenesis (GO:0048514),1/53,0.1916028402963843,0.2674094086895091,0,0,4.836416747809153,7.991359335788431,SMAD7
GO_Biological_Process_2023,Positive Regulation Of NIK/NF-kappaB Signaling (GO:1901224),1/53,0.1916028402963843,0.2674094086895091,0,0,4.836416747809153,7.991359335788431,RTKN2
GO_Biological_Process_2023,Glycoprotein Metabolic Process (GO:0009100),1/53,0.1916028402963843,0.2674094086895091,0,0,4.836416747809153,7.991359335788431,MAN1C1
GO_Biological_Process_2023,Gonad Development (GO:0008406),1/53,0.1916028402963843,0.2674094086895091,0,0,4.836416747809153,7.991359335788431,SOX8
GO_Biological_Process_2023,Mitochondrial Transport (GO:0006839),1/53,0.1916028402963843,0.2674094086895091,0,0,4.836416747809153,7.991359335788431,PMAIP1
GO_Biological_Process_2023,"Regulation Of Alternative mRNA Splicing, Via Spliceosome (GO:0000381)",1/53,0.1916028402963843,0.2674094086895091,0,0,4.836416747809153,7.991359335788431,RBM11
GO_Biological_Process_2023,Regulation Of Translation (GO:0006417),2/202,0.1935829502645385,0.2675639595646993,0,0,2.528205128205128,4.151437144578219,EPHA4;BTG2
GO_Biological_Process_2023,Negative Regulation Of Cell Population Proliferation (GO:0008285),3/379,0.1937393672443692,0.2675639595646993,0,0,2.025145067698259,3.323752110386845,BTG2;BTG1;DLG5
GO_Biological_Process_2023,ERBB Signaling Pathway (GO:0038127),1/54,0.1948450160679214,0.2675639595646993,0,0,4.744924767136374,7.760565621373132,HBEGF
GO_Biological_Process_2023,Regulation Of Lipid Metabolic Process (GO:0019216),1/54,0.1948450160679214,0.2675639595646993,0,0,4.744924767136374,7.760565621373132,NR1D2
GO_Biological_Process_2023,Peptidyl-Tyrosine Modification (GO:0018212),1/54,0.1948450160679214,0.2675639595646993,0,0,4.744924767136374,7.760565621373132,EPHA4
GO_Biological_Process_2023,Endoplasmic Reticulum Organization (GO:0007029),1/54,0.1948450160679214,0.2675639595646993,0,0,4.744924767136374,7.760565621373132,CAMLG
GO_Biological_Process_2023,Mesenchymal Cell Differentiation (GO:0048762),1/54,0.1948450160679214,0.2675639595646993,0,0,4.744924767136374,7.760565621373132,DLG5
GO_Biological_Process_2023,Negative Regulation Of TOR Signaling (GO:0032007),1/54,0.1948450160679214,0.2675639595646993,0,0,4.744924767136374,7.760565621373132,SIRT1
GO_Biological_Process_2023,Regulation Of Blood Vessel Endothelial Cell Migration (GO:0043535),1/54,0.1948450160679214,0.2675639595646993,0,0,4.744924767136374,7.760565621373132,SIRT1
GO_Biological_Process_2023,Regulation Of Angiogenesis (GO:0045765),2/205,0.1979351978491446,0.270549157373633,0,0,2.4904635594290765,4.03409168855039,BTG1;SIRT1
GO_Biological_Process_2023,Response To Peptide Hormone (GO:0043434),1/55,0.1980743505869381,0.270549157373633,0,0,4.656821378340366,7.53991915108379,SIRT1
GO_Biological_Process_2023,Purine Ribonucleotide Biosynthetic Process (GO:0009152),1/55,0.1980743505869381,0.270549157373633,0,0,4.656821378340366,7.53991915108379,ADCY9
GO_Biological_Process_2023,DNA Damage Response (GO:0006974),3/384,0.1988364248219958,0.2711085295888559,0,0,1.998057061049187,3.22740717978795,MOAP1;BTG2;SIRT1
GO_Biological_Process_2023,Nucleotide-Excision Repair (GO:0006289),1/56,0.2012908940694444,0.273002993896654,0,0,4.571921749136939,7.328809688127374,SIRT1
GO_Biological_Process_2023,Cellular Response To Peptide (GO:1901653),1/56,0.2012908940694444,0.273002993896654,0,0,4.571921749136939,7.328809688127374,EPHA4
GO_Biological_Process_2023,Positive Regulation Of Cellular Metabolic Process (GO:0031325),1/56,0.2012908940694444,0.273002993896654,0,0,4.571921749136939,7.328809688127374,SIRT1
GO_Biological_Process_2023,Positive Regulation Of Multicellular Organismal Process (GO:0051240),3/387,0.2019105775723544,0.2733613277344024,0,0,1.9821428571428568,3.1712905446735795,CXCR4;SOX8;SIRT1
GO_Biological_Process_2023,Response To Organic Cyclic Compound (GO:0014070),1/58,0.2076858078344208,0.2806860917832506,0,0,4.41105929380413,6.932989285903756,PMAIP1
GO_Biological_Process_2023,DNA-templated Transcription Initiation (GO:0006352),1/59,0.2108642776050352,0.2834871144725036,0,0,4.334788302051506,6.747273926328725,RRN3P2
GO_Biological_Process_2023,Chordate Embryonic Development (GO:0043009),1/59,0.2108642776050352,0.2834871144725036,0,0,4.334788302051506,6.747273926328725,SOX8
GO_Biological_Process_2023,Microtubule Cytoskeleton Organization Involved In Mitosis (GO:1902850),1/59,0.2108642776050352,0.2834871144725036,0,0,4.334788302051506,6.747273926328725,SBDS
GO_Biological_Process_2023,Positive Regulation Of Cellular Process (GO:0048522),4/594,0.2140125525702423,0.2862420685479956,0,0,1.7243532560214094,2.658470951677249,EPHA4;RTKN2;SIRT1;HBEGF
GO_Biological_Process_2023,Response To Retinoic Acid (GO:0032526),1/60,0.2140301552862125,0.2862420685479956,0,0,4.261102767646428,6.569079488195031,WNT10B
GO_Biological_Process_2023,protein-DNA Complex Organization (GO:0071824),1/60,0.2140301552862125,0.2862420685479956,0,0,4.261102767646428,6.569079488195031,SIRT1
GO_Biological_Process_2023,Regulation Of Pathway-Restricted SMAD Protein Phosphorylation (GO:0060393),1/61,0.217183490122814,0.2894525197650676,0,0,4.189873417721519,6.397989945967852,SMAD7
GO_Biological_Process_2023,Positive Regulation Of Cell Junction Assembly (GO:1901890),1/61,0.217183490122814,0.2894525197650676,0,0,4.189873417721519,6.397989945967852,DLG5
GO_Biological_Process_2023,Proteasomal Protein Catabolic Process (GO:0010498),2/220,0.2198634410319419,0.2916168858817756,0,0,2.317337097153611,3.510183234734353,PMAIP1;SIRT1
GO_Biological_Process_2023,Regulation Of Embryonic Development (GO:0045995),1/62,0.2203243312058669,0.2916168858817756,0,0,4.1209794563187385,6.233618471311068,PHLDB1
GO_Biological_Process_2023,Phosphatidylinositol-Mediated Signaling (GO:0048015),1/62,0.2203243312058669,0.2916168858817756,0,0,4.1209794563187385,6.233618471311068,NYAP1
GO_Biological_Process_2023,Positive Regulation Of Apoptotic Signaling Pathway (GO:2001235),1/62,0.2203243312058669,0.2916168858817756,0,0,4.1209794563187385,6.233618471311068,PMAIP1
GO_Biological_Process_2023,G1/S Transition Of Mitotic Cell Cycle (GO:0000082),1/63,0.2234527274061944,0.2952493941157449,0,0,4.05430788076766,6.075604959014088,ZNF324
GO_Biological_Process_2023,Protein N-linked Glycosylation (GO:0006487),1/64,0.2265687274117796,0.2988530898450404,0,0,3.989752863170585,5.923613795969171,MAN1C1
GO_Biological_Process_2023,Regulation Of Cell Growth (GO:0001558),2/227,0.2301715046424912,0.3030854230651982,0,0,2.2444444444444445,3.2969330696256613,BTG1;SIRT1
GO_Biological_Process_2023,Apoptotic Process (GO:0006915),2/228,0.2316470468749762,0.3045069727296696,0,0,2.234399818470615,3.267900038720694,CXCR4;PMAIP1
GO_Biological_Process_2023,Response To Reactive Oxygen Species (GO:0000302),1/66,0.2327637325881963,0.3054527480551587,0,0,3.866601752677702,5.636466643543788,SIRT1
GO_Biological_Process_2023,Peptidyl-Tyrosine Phosphorylation (GO:0018108),1/67,0.2358428342152596,0.3082234012238235,0,0,3.807825086306099,5.500744718280825,EPHA4
GO_Biological_Process_2023,Extrinsic Apoptotic Signaling Pathway (GO:0097191),1/67,0.2358428342152596,0.3082234012238235,0,0,3.807825086306099,5.500744718280825,MOAP1
GO_Biological_Process_2023,Positive Regulation Of Phosphorylation (GO:0042327),2/231,0.2360774815615501,0.3082234012238235,0,0,2.204792296495353,3.182827611797586,RYK;SIRT1
GO_Biological_Process_2023,Intermediate Filament Organization (GO:0045109),1/68,0.2389097325251075,0.311392515782725,0,0,3.750802947288872,5.369910129778693,KLHL24
GO_Biological_Process_2023,Regulation Of Heart Contraction (GO:0008016),1/69,0.2419644752384694,0.3143085835445658,0,0,3.695457930007446,5.243723097063879,SMAD7
GO_Biological_Process_2023,Positive Regulation Of Phosphatidylinositol 3-Kinase Signaling (GO:0014068),1/69,0.2419644752384694,0.3143085835445658,0,0,3.695457930007446,5.243723097063879,SIRT1
GO_Biological_Process_2023,Inflammatory Response (GO:0006954),2/236,0.2434725528936132,0.3157342212060515,0,0,2.1571334648257725,3.0474925931692334,CXCR4;HDAC9
GO_Biological_Process_2023,Regulation Of G Protein-Coupled Receptor Signaling Pathway (GO:0008277),1/70,0.2450071099893035,0.3166562480365957,0,0,3.6417171161254815,5.121958765484162,GNG7
GO_Biological_Process_2023,Regulation Of Cellular Biosynthetic Process (GO:0031326),1/70,0.2450071099893035,0.3166562480365957,0,0,3.6417171161254815,5.121958765484162,SIRT1
GO_Biological_Process_2023,Regulation Of Cilium Assembly (GO:1902017),1/71,0.248037684133097,0.3173726773683055,0,0,3.5895117540687163,5.0044060859658055,CEP120
GO_Biological_Process_2023,Regulation Of Hydrolase Activity (GO:0051336),1/71,0.248037684133097,0.3173726773683055,0,0,3.5895117540687163,5.0044060859658055,EPHA4
GO_Biological_Process_2023,Positive Regulation Of Cell-Substrate Adhesion (GO:0010811),1/71,0.248037684133097,0.3173726773683055,0,0,3.5895117540687163,5.0044060859658055,FBLN2
GO_Biological_Process_2023,Protein Autoubiquitination (GO:0051865),1/71,0.248037684133097,0.3173726773683055,0,0,3.5895117540687163,5.0044060859658055,KLHL24
GO_Biological_Process_2023,Myeloid Leukocyte Differentiation (GO:0002573),1/71,0.248037684133097,0.3173726773683055,0,0,3.5895117540687163,5.0044060859658055,SIRT1
GO_Biological_Process_2023,Negative Regulation Of Cellular Response To Growth Factor Stimulus (GO:0090288),1/71,0.248037684133097,0.3173726773683055,0,0,3.5895117540687163,5.0044060859658055,SMAD7
GO_Biological_Process_2023,Plasma Membrane Organization (GO:0007009),1/72,0.2510562448216857,0.3189809227086591,0,0,3.538776965591014,4.890866788979064,CXCR4
GO_Biological_Process_2023,Response To Ionizing Radiation (GO:0010212),1/72,0.2510562448216857,0.3189809227086591,0,0,3.538776965591014,4.890866788979064,SIRT1
GO_Biological_Process_2023,Second-Messenger-Mediated Signaling (GO:0019932),1/72,0.2510562448216857,0.3189809227086591,0,0,3.538776965591014,4.890866788979064,CXCR4
GO_Biological_Process_2023,Negative Regulation Of Cell Adhesion (GO:0007162),1/72,0.2510562448216857,0.3189809227086591,0,0,3.538776965591014,4.890866788979064,EPHA4
GO_Biological_Process_2023,Protein Ubiquitination (GO:0016567),3/434,0.2513685814843269,0.3189809227086591,0,0,1.7617440564076294,2.43267779219208,MYLIP;KLHL24;SIRT1
GO_Biological_Process_2023,Cellular Response To Reactive Oxygen Species (GO:0034614),1/73,0.2540628391818678,0.3213393475836452,0,0,3.4894514767932487,4.781154446243804,SIRT1
GO_Biological_Process_2023,Positive Regulation Of Secretion By Cell (GO:1903532),1/73,0.2540628391818678,0.3213393475836452,0,0,3.4894514767932487,4.781154446243804,BAIAP3
GO_Biological_Process_2023,Negative Regulation Of Phosphorylation (GO:0042326),1/75,0.2600403158441355,0.3278213162035086,0,0,3.3947998631542937,4.572519075729248,SIRT1
GO_Biological_Process_2023,Positive Regulation Of Neurogenesis (GO:0050769),1/75,0.2600403158441355,0.3278213162035086,0,0,3.3947998631542937,4.572519075729248,SOX8
GO_Biological_Process_2023,Positive Regulation Of Endothelial Cell Proliferation (GO:0001938),1/77,0.2659704866749902,0.3331128733763314,0,0,3.3051299133910725,4.377214667761029,SIRT1
GO_Biological_Process_2023,Positive Regulation Of Response To Stimulus (GO:0048584),1/77,0.2659704866749902,0.3331128733763314,0,0,3.3051299133910725,4.377214667761029,SIRT1
GO_Biological_Process_2023,Positive Regulation Of Synaptic Transmission (GO:0050806),1/77,0.2659704866749902,0.3331128733763314,0,0,3.3051299133910725,4.377214667761029,BAIAP3
GO_Biological_Process_2023,Regulation Of T Cell Proliferation (GO:0042129),1/77,0.2659704866749902,0.3331128733763314,0,0,3.3051299133910725,4.377214667761029,DLG5
GO_Biological_Process_2023,Negative Regulation Of Protein Modification Process (GO:0031400),1/78,0.2689179480754235,0.3340838482552515,0,0,3.2620417557126418,4.284199185351186,SIRT1
GO_Biological_Process_2023,Cellular Response To Nutrient Levels (GO:0031669),1/78,0.2689179480754235,0.3340838482552515,0,0,3.2620417557126418,4.284199185351186,SIRT1
GO_Biological_Process_2023,Long-Chain Fatty Acid Metabolic Process (GO:0001676),1/78,0.2689179480754235,0.3340838482552515,0,0,3.2620417557126418,4.284199185351186,GSTM2
GO_Biological_Process_2023,Proteolysis Involved In Protein Catabolic Process (GO:0051603),1/78,0.2689179480754235,0.3340838482552515,0,0,3.2620417557126418,4.284199185351186,PMAIP1
GO_Biological_Process_2023,Regulation Of TOR Signaling (GO:0032006),1/78,0.2689179480754235,0.3340838482552515,0,0,3.2620417557126418,4.284199185351186,SIRT1
GO_Biological_Process_2023,Regulation Of Neuron Differentiation (GO:0045664),1/79,0.2718537213857286,0.3361021089157963,0,0,3.220058422590068,4.194097586216359,NRCAM
GO_Biological_Process_2023,Cellular Response To UV (GO:0034644),1/79,0.2718537213857286,0.3361021089157963,0,0,3.220058422590068,4.194097586216359,SIRT1
GO_Biological_Process_2023,Positive Regulation Of Protein Modification By Small Protein Conjugation Or Removal (GO:1903322),1/79,0.2718537213857286,0.3361021089157963,0,0,3.220058422590068,4.194097586216359,SMAD7
GO_Biological_Process_2023,Negative Regulation Of Protein Serine/Threonine Kinase Activity (GO:0071901),1/80,0.2747778524538188,0.3380866696591787,0,0,3.179137958660471,4.106785989770075,SIRT1
GO_Biological_Process_2023,Calcium Ion Transmembrane Transport (GO:0070588),1/80,0.2747778524538188,0.3380866696591787,0,0,3.179137958660471,4.106785989770075,TRPM5
GO_Biological_Process_2023,Positive Regulation Of Immune Response (GO:0050778),1/80,0.2747778524538188,0.3380866696591787,0,0,3.179137958660471,4.106785989770075,SIRT1
GO_Biological_Process_2023,Histone Modification (GO:0016570),1/81,0.2776903867521263,0.3405803945971055,0,0,3.1392405063291138,4.022147198204308,SIRT1
GO_Biological_Process_2023,Negative Regulation Of NF-kappaB Transcription Factor Activity (GO:0032088),1/81,0.2776903867521263,0.3405803945971055,0,0,3.1392405063291138,4.022147198204308,SIRT1
GO_Biological_Process_2023,Regulation Of Phosphorylation (GO:0042325),1/82,0.2805913698064633,0.3430441389207795,0,0,3.1003281762775434,3.940070255549172,SIRT1
GO_Biological_Process_2023,Cellular Response To Organic Substance (GO:0071310),1/82,0.2805913698064633,0.3430441389207795,0,0,3.1003281762775434,3.940070255549172,CXCR4
GO_Biological_Process_2023,Epigenetic Regulation Of Gene Expression (GO:0040029),1/83,0.283480846786432,0.3449315999664022,0,0,3.0623649274467426,3.860450049760919,HDAC9
GO_Biological_Process_2023,Positive Regulation Of Proteasomal Ubiquitin-Dependent Protein Catabolic Process (GO:0032436),1/83,0.283480846786432,0.3449315999664022,0,0,3.0623649274467426,3.860450049760919,SMAD7
GO_Biological_Process_2023,Positive Regulation Of Ubiquitin-Dependent Protein Catabolic Process (GO:2000060),1/83,0.283480846786432,0.3449315999664022,0,0,3.0623649274467426,3.860450049760919,SMAD7
GO_Biological_Process_2023,Positive Regulation Of Double-Strand Break Repair (GO:2000781),1/84,0.2863588627940088,0.3464398454925025,0,0,3.0253164556962027,3.783186937217848,SIRT1
GO_Biological_Process_2023,Positive Regulation Of Protein Ubiquitination (GO:0031398),1/84,0.2863588627940088,0.3464398454925025,0,0,3.0253164556962027,3.783186937217848,SMAD7
GO_Biological_Process_2023,Positive Regulation Of Signal Transduction (GO:0009967),2/266,0.2879589639917331,0.3464398454925025,0,0,1.9090909090909087,2.376698472536413,DLG5;SIRT1
GO_Biological_Process_2023,Regulation Of Kinase Activity (GO:0043549),1/85,0.2892254626868487,0.3464398454925025,0,0,2.9891500904159134,3.7081864002210687,RYK
GO_Biological_Process_2023,Regulation Of Osteoblast Differentiation (GO:0045667),1/85,0.2892254626868487,0.3464398454925025,0,0,2.9891500904159134,3.7081864002210687,HDAC9
GO_Biological_Process_2023,Calcium-Mediated Signaling (GO:0019722),1/85,0.2892254626868487,0.3464398454925025,0,0,2.9891500904159134,3.7081864002210687,CXCR4
GO_Biological_Process_2023,Positive Regulation Of Amide Metabolic Process (GO:0034250),1/85,0.2892254626868487,0.3464398454925025,0,0,2.9891500904159134,3.7081864002210687,EPHA4
GO_Biological_Process_2023,Positive Regulation Of Endothelial Cell Migration (GO:0010595),1/85,0.2892254626868487,0.3464398454925025,0,0,2.9891500904159134,3.7081864002210687,SIRT1
GO_Biological_Process_2023,Positive Regulation Of Protein Localization (GO:1903829),1/85,0.2892254626868487,0.3464398454925025,0,0,2.9891500904159134,3.7081864002210687,CEP120
GO_Biological_Process_2023,Mitotic Spindle Organization (GO:0007052),1/85,0.2892254626868487,0.3464398454925025,0,0,2.9891500904159134,3.7081864002210687,SBDS
GO_Biological_Process_2023,Glucose Homeostasis (GO:0042593),1/87,0.2949245927943992,0.3527169702315598,0,0,2.9193405946423314,3.564618715656691,SIRT1
GO_Biological_Process_2023,Regulation Of Double-Strand Break Repair (GO:2000779),1/88,0.2977572119385946,0.355000458884929,0,0,2.885639458751637,3.4958854005232074,SIRT1
GO_Biological_Process_2023,Positive Regulation Of Plasma Membrane Bounded Cell Projection Assembly (GO:0120034),1/88,0.2977572119385946,0.355000458884929,0,0,2.885639458751637,3.4958854005232074,CEP120
GO_Biological_Process_2023,Cellular Response To Chemical Stress (GO:0062197),1/89,0.3005785927562063,0.3572564726885976,0,0,2.8527042577675488,3.4290817971424112,RBM11
GO_Biological_Process_2023,Positive Regulation Of DNA Repair (GO:0045739),1/89,0.3005785927562063,0.3572564726885976,0,0,2.8527042577675488,3.4290817971424112,SIRT1
GO_Biological_Process_2023,Regulation Of Phosphatidylinositol 3-Kinase Signaling (GO:0014066),1/90,0.3033887793502783,0.3591078283140764,0,0,2.820509173659508,3.364134663979733,SIRT1
GO_Biological_Process_2023,Positive Regulation Of Proteasomal Protein Catabolic Process (GO:1901800),1/90,0.3033887793502783,0.3591078283140764,0,0,2.820509173659508,3.364134663979733,SMAD7
GO_Biological_Process_2023,Negative Regulation Of Apoptotic Process (GO:0043066),3/482,0.303537176078218,0.3591078283140764,0,0,1.5812976167882222,1.8853039571170185,NR4A2;SOX8;SIRT1
GO_Biological_Process_2023,Lymphocyte Differentiation (GO:0030098),1/91,0.3061878155088421,0.3611325615434042,0,0,2.789029535864979,3.300974284480818,HDAC9
GO_Biological_Process_2023,rRNA Metabolic Process (GO:0016072),1/91,0.3061878155088421,0.3611325615434042,0,0,2.789029535864979,3.300974284480818,SBDS
GO_Biological_Process_2023,B Cell Activation (GO:0042113),1/92,0.3089757449662489,0.3633063423226995,0,0,2.758241758241758,3.2395342594006693,HDAC9
GO_Biological_Process_2023,Positive Regulation Of Neuron Projection Development (GO:0010976),1/92,0.3089757449662489,0.3633063423226995,0,0,2.758241758241758,3.2395342594006693,GPC2
GO_Biological_Process_2023,Monoatomic Cation Transmembrane Transport (GO:0098655),2/281,0.3101444000857999,0.363790224560065,0,0,1.8050730631375795,2.1132302325059773,KCNH8;TRPM5
GO_Biological_Process_2023,Regulation Of Endothelial Cell Proliferation (GO:0001936),1/93,0.3117526111639569,0.363790224560065,0,0,2.728123280132086,3.1797513178046244,SIRT1
GO_Biological_Process_2023,Regulation Of Peptidyl-Serine Phosphorylation (GO:0033135),1/93,0.3117526111639569,0.363790224560065,0,0,2.728123280132086,3.1797513178046244,SMAD7
GO_Biological_Process_2023,Positive Regulation Of Cellular Component Biogenesis (GO:0044089),1/93,0.3117526111639569,0.363790224560065,0,0,2.728123280132086,3.1797513178046244,HRK
GO_Biological_Process_2023,Positive Regulation Of Protein Kinase B Signaling (GO:0051897),1/93,0.3117526111639569,0.363790224560065,0,0,2.728123280132086,3.1797513178046244,HBEGF
GO_Biological_Process_2023,Positive Regulation Of Cell Differentiation (GO:0045597),2/283,0.3130938978053684,0.364311107631336,0,0,1.7920430696231409,2.0810138503649944,BTG1;NRCAM
GO_Biological_Process_2023,"Regulation Of mRNA Splicing, Via Spliceosome (GO:0048024)",1/94,0.3145184575056975,0.364311107631336,0,0,2.698652511229073,3.121565136481931,RBM11
GO_Biological_Process_2023,"Retrograde Transport, Endosome To Golgi (GO:0042147)",1/94,0.3145184575056975,0.364311107631336,0,0,2.698652511229073,3.121565136481931,BAIAP3
GO_Biological_Process_2023,Transmembrane Receptor Protein Tyrosine Kinase Signaling Pathway (GO:0007169),2/284,0.3145677184228961,0.364311107631336,0,0,1.7855973813420625,2.0651431955585937,EPHA4;RYK
GO_Biological_Process_2023,Inorganic Cation Transmembrane Transport (GO:0098662),2/284,0.3145677184228961,0.364311107631336,0,0,1.7855973813420625,2.0651431955585937,KCNH8;TRPM5
GO_Biological_Process_2023,T Cell Receptor Signaling Pathway (GO:0050852),1/95,0.3172733271873974,0.3663411240346976,0,0,2.6698087799622945,3.0649181751127856,LOC102723996
GO_Biological_Process_2023,Positive Regulation Of Transmembrane Receptor Protein Serine/Threonine Kinase Signaling Pathway (GO:0090100),1/95,0.3172733271873974,0.3663411240346976,0,0,2.6698087799622945,3.0649181751127856,ELAPOR2
GO_Biological_Process_2023,Regulation Of Macroautophagy (GO:0016241),1/96,0.3200172631719549,0.3689554353511744,0,0,2.641572285143238,3.0097555210668694,SIRT1
GO_Biological_Process_2023,Regulation Of Defense Response (GO:0031347),1/97,0.3227503083951877,0.3709940017278017,0,0,2.613924050632912,2.9560247424777546,NR1D2
GO_Biological_Process_2023,Regulation Of Protein Localization (GO:0032880),1/97,0.3227503083951877,0.3709940017278017,0,0,2.613924050632912,2.9560247424777546,GPC2
GO_Biological_Process_2023,Protein Phosphorylation (GO:0006468),3/500,0.3232941621125627,0.3710644935291951,0,0,1.5226162167812067,1.7193270431922487,EPHA4;RYK;SMAD7
GO_Biological_Process_2023,DNA Repair (GO:0006281),2/291,0.3248654335095168,0.371899489845763,0,0,1.7417265548753438,1.9583002076722256,BTG2;SIRT1
GO_Biological_Process_2023,Positive Regulation Of Cold-Induced Thermogenesis (GO:0120162),1/98,0.3254725054176833,0.371899489845763,0,0,2.5868458828135195,2.903675755319197,CXCR4
GO_Biological_Process_2023,Positive Regulation Of Protein-Containing Complex Assembly (GO:0031334),1/98,0.3254725054176833,0.371899489845763,0,0,2.5868458828135195,2.903675755319197,HRK
GO_Biological_Process_2023,Cellular Response To Insulin Stimulus (GO:0032869),1/99,0.3281838968307512,0.3744412710131271,0,0,2.5603203306639117,2.852660692992061,HDAC9
GO_Biological_Process_2023,ncRNA Processing (GO:0034470),1/100,0.3308845249727721,0.3769632588208322,0,0,2.534330648254699,2.8029337896230078,SBDS
GO_Biological_Process_2023,rRNA Processing (GO:0006364),1/101,0.3335744319949784,0.3794655890593764,0,0,2.508860759493671,2.75445126797071,SBDS
GO_Biological_Process_2023,Protein Catabolic Process (GO:0030163),1/102,0.3362536600102222,0.3819483966733543,0,0,2.4838952249655346,2.707171233721936,PMAIP1
GO_Biological_Process_2023,Positive Regulation Of Kinase Activity (GO:0033674),1/104,0.3415802460386983,0.3874265622474321,0,0,2.435418458891484,2.616059891311161,RYK
GO_Biological_Process_2023,Negative Regulation Of MAPK Cascade (GO:0043409),1/105,0.344227687389332,0.3898543322568429,0,0,2.411879259980526,2.572153360737684,EPHA4
GO_Biological_Process_2023,Regulation Of Cellular Response To Stress (GO:0080135),1/107,0.3494910734322773,0.3943168544062806,0,0,2.3661332696441364,2.4874620971955177,SIRT1
GO_Biological_Process_2023,Positive Regulation Of Autophagy (GO:0010508),1/107,0.3494910734322773,0.3943168544062806,0,0,2.3661332696441364,2.4874620971955177,SIRT1
GO_Biological_Process_2023,Cellular Response To Cytokine Stimulus (GO:0071345),2/308,0.3497062349871045,0.3943168544062806,0,0,1.6435394670688788,1.726804143947537,CXCR4;SIRT1
GO_Biological_Process_2023,Positive Regulation Of DNA Metabolic Process (GO:0051054),1/108,0.352107100496036,0.3952851974911704,0,0,2.3439015734058914,2.446611075233223,SIRT1
GO_Biological_Process_2023,Response To Tumor Necrosis Factor (GO:0034612),1/108,0.352107100496036,0.3952851974911704,0,0,2.3439015734058914,2.446611075233223,SIRT1
GO_Biological_Process_2023,Positive Regulation Of Metabolic Process (GO:0009893),1/108,0.352107100496036,0.3952851974911704,0,0,2.3439015734058914,2.446611075233223,CXCR4
GO_Biological_Process_2023,Negative Regulation Of Developmental Process (GO:0051093),1/109,0.3547127381263195,0.3976298769958305,0,0,2.3220815752461323,2.40671449508126,ELAPOR2
GO_Biological_Process_2023,Adenylate Cyclase-Activating G Protein-Coupled Receptor Signaling Pathway (GO:0007189),1/110,0.3573080270815959,0.3999561467623686,0,0,2.300661944025084,2.3677424553608226,ADCY9
GO_Biological_Process_2023,Cytoskeleton Organization (GO:0007010),1/111,0.3598930079996321,0.4016802948500974,0,0,2.2796317606444187,2.329666239434918,CNTNAP1
GO_Biological_Process_2023,Mitotic Cell Cycle Phase Transition (GO:0044772),1/111,0.3598930079996321,0.4016802948500974,0,0,2.2796317606444187,2.329666239434918,ZNF324
GO_Biological_Process_2023,Calcium Ion Transport (GO:0006816),1/112,0.3624677212018948,0.4033830356067396,0,0,2.258980499486829,2.29245825980257,TRPM5
GO_Biological_Process_2023,Regulation Of Protein Serine/Threonine Kinase Activity (GO:0071900),1/112,0.3624677212018948,0.4033830356067396,0,0,2.258980499486829,2.29245825980257,SIRT1
GO_Biological_Process_2023,Positive Regulation Of Cellular Component Organization (GO:0051130),1/113,0.3650322070290576,0.4056499526088805,0,0,2.2386980108499097,2.2560920023156177,HRK
GO_Biological_Process_2023,Regulation Of Cytoskeleton Organization (GO:0051493),1/114,0.3675865055671711,0.4078990227722288,0,0,2.218774504312759,2.2205419772662376,PHLDB1
GO_Biological_Process_2023,Cellular Response To Oxidative Stress (GO:0034599),1/117,0.3751886763256423,0.4151368231574374,0,0,2.1610650371017024,2.1185487679966246,RBM11
GO_Biological_Process_2023,Positive Regulation Of Protein Serine/Threonine Kinase Activity (GO:0071902),1/117,0.3751886763256423,0.4151368231574374,0,0,2.1610650371017024,2.1185487679966246,SIRT1
GO_Biological_Process_2023,Positive Regulation Of Cell Cycle Process (GO:0090068),1/118,0.3777026238035576,0.4167192506527056,0,0,2.142486205777345,2.086027628877412,CEP120
GO_Biological_Process_2023,Positive Regulation Of Cell Projection Organization (GO:0031346),1/118,0.3777026238035576,0.4167192506527056,0,0,2.142486205777345,2.086027628877412,GPC2
GO_Biological_Process_2023,Regulation Of Protein Kinase Activity (GO:0045859),1/119,0.380206582168749,0.4176840881253828,0,0,2.124222269899163,2.054209043937956,SIRT1
GO_Biological_Process_2023,Regulation Of Protein-Containing Complex Assembly (GO:0043254),1/119,0.380206582168749,0.4176840881253828,0,0,2.124222269899163,2.054209043937956,HRK
GO_Biological_Process_2023,Cellular Response To Tumor Necrosis Factor (GO:0071356),1/119,0.380206582168749,0.4176840881253828,0,0,2.124222269899163,2.054209043937956,SIRT1
GO_Biological_Process_2023,Proteolysis (GO:0006508),2/330,0.3813975016849429,0.4183946915773482,0,0,1.531582238899312,1.4763122392726098,ADAM23;CXCR4
GO_Biological_Process_2023,Regulation Of Protein Catabolic Process (GO:0042176),1/122,0.3876589144154938,0.4234512857748789,0,0,2.0712417616905534,1.962769613859253,EEF1A1
GO_Biological_Process_2023,Positive Regulation Of Macromolecule Biosynthetic Process (GO:0010557),1/122,0.3876589144154938,0.4234512857748789,0,0,2.0712417616905534,1.962769613859253,SIRT1
GO_Biological_Process_2023,Potassium Ion Transport (GO:0006813),1/122,0.3876589144154938,0.4234512857748789,0,0,2.0712417616905534,1.962769613859253,KCNH8
GO_Biological_Process_2023,Positive Regulation Of Epithelial Cell Proliferation (GO:0050679),1/123,0.3901233071292889,0.4249360101734039,0,0,2.0541606142353186,1.9335658109257672,SIRT1
GO_Biological_Process_2023,Modulation Of Chemical Synaptic Transmission (GO:0050804),1/123,0.3901233071292889,0.4249360101734039,0,0,2.0541606142353186,1.9335658109257672,BAIAP3
GO_Biological_Process_2023,Enzyme-Linked Receptor Protein Signaling Pathway (GO:0007167),1/124,0.3925779051824973,0.427004821902886,0,0,2.037357209015128,1.904970301745509,RYK
GO_Biological_Process_2023,Response To Cytokine (GO:0034097),1/125,0.3950227471323997,0.4290571928599088,0,0,2.0208248264597795,1.8769662033399883,CXCR4
GO_Biological_Process_2023,Protein-Containing Complex Organization (GO:0043933),1/126,0.3974578711950818,0.4310932340606742,0,0,2.0045569620253163,1.8495372252890327,APBA1
GO_Biological_Process_2023,Cytosolic Transport (GO:0016482),1/127,0.3998833155654892,0.4331130558730439,0,0,1.9885473176612416,1.8226676429888853,BAIAP3
GO_Biological_Process_2023,Regulation Of DNA Repair (GO:0006282),1/129,0.4047053169148861,0.4377192527532312,0,0,1.9572784810126584,1.770546459536229,SIRT1
GO_Biological_Process_2023,Positive Regulation Of Peptidyl-Tyrosine Phosphorylation (GO:0050731),1/130,0.407101949410876,0.4396929762597804,0,0,1.9420076538121875,1.745266033497462,EPHA4
GO_Biological_Process_2023,Circulatory System Development (GO:0072359),1/132,0.4118666660043228,0.4442152400523482,0,0,1.9121654266112669,1.6961970655083851,HDAC9
GO_Biological_Process_2023,Antigen Receptor-Mediated Signaling Pathway (GO:0050851),1/134,0.4165935665617353,0.4486841074033256,0,0,1.8832207100028555,1.6490312788460195,LOC102723996
GO_Biological_Process_2023,Potassium Ion Transmembrane Transport (GO:0071805),1/137,0.423613659972373,0.454970537037367,0,0,1.8413998510796723,1.5816398687969306,KCNH8
GO_Biological_Process_2023,Protein Localization To Organelle (GO:0033365),1/137,0.423613659972373,0.454970537037367,0,0,1.8413998510796723,1.5816398687969306,CAMLG
GO_Biological_Process_2023,Ubiquitin-Dependent Protein Catabolic Process (GO:0006511),2/367,0.4331791979226711,0.4645952624861005,0,0,1.3737267298911136,1.1492649812019944,MYLIP;SIRT1
GO_Biological_Process_2023,Positive Regulation Of Transferase Activity (GO:0051347),1/143,0.4374045382455057,0.4684736628284038,0,0,1.7630593688714566,1.4578681420243478,RYK
GO_Biological_Process_2023,Ras Protein Signal Transduction (GO:0007265),1/144,0.4396711216352197,0.4702463039464311,0,0,1.750641763299991,1.4385518492183578,GARRE1
GO_Biological_Process_2023,Positive Regulation Of Protein Kinase Activity (GO:0045860),1/145,0.4419286870732894,0.4720043893879994,0,0,1.738396624472574,1.419586420128362,EPHA4
GO_Biological_Process_2023,Negative Regulation Of Response To External Stimulus (GO:0032102),1/146,0.4441772699947378,0.4737480175117245,0,0,1.7263203841117416,1.4009634389655992,EPHA4
GO_Biological_Process_2023,Protein Glycosylation (GO:0006486),1/147,0.4464169056968697,0.475477285984616,0,0,1.7144095717010577,1.3826747440198226,MAN1C1
GO_Biological_Process_2023,Defense Response To Symbiont (GO:0140546),1/148,0.4486476293292806,0.4771922917762334,0,0,1.702660811159907,1.3647124184243484,PMAIP1
GO_Biological_Process_2023,Negative Regulation Of Protein Phosphorylation (GO:0001933),1/149,0.4508694759251092,0.4788931311966974,0,0,1.6910708176530962,1.3470687811607656,SMAD7
GO_Biological_Process_2023,Negative Regulation Of Programmed Cell Death (GO:0043069),2/381,0.452185638760218,0.4796286292504934,0,0,1.32203504499019,1.0492496101329785,SOX8;SIRT1
GO_Biological_Process_2023,Positive Regulation Of NF-kappaB Transcription Factor Activity (GO:0051092),1/152,0.4574821014450705,0.4845781487758392,0,0,1.6572218962192975,1.295976553321364,RTKN2
GO_Biological_Process_2023,Epithelium Development (GO:0060429),1/154,0.4618467690715934,0.4885284256066786,0,0,1.635393397865475,1.263377561000728,SOX8
GO_Biological_Process_2023,Ribosome Biogenesis (GO:0042254),1/155,0.4640160810873489,0.4901488548848507,0,0,1.6246917639322702,1.2474969387201484,SBDS
GO_Biological_Process_2023,Peptide Biosynthetic Process (GO:0043043),1/158,0.4704723385378199,0.4962870073190445,0,0,1.593404821414174,1.2014560971906352,EEF1A1
GO_Biological_Process_2023,Protein Autophosphorylation (GO:0046777),1/162,0.478961356925254,0.5045497033911237,0,0,1.5535026338548628,1.1435882195511105,EPHA4
GO_Biological_Process_2023,Adenylate Cyclase-Modulating G Protein-Coupled Receptor Signaling Pathway (GO:0007188),1/163,0.481062526308971,0.5060698806177821,0,0,1.543834974214721,1.1297136316546703,ADCY9
GO_Biological_Process_2023,Positive Regulation Of Cellular Biosynthetic Process (GO:0031328),1/174,0.5036302895142346,0.529087011798424,0,0,1.4448671983610155,0.991052952821063,SIRT1
GO_Biological_Process_2023,Negative Regulation Of Cytokine Production (GO:0001818),1/178,0.511594124647583,0.5367201662400973,0,0,1.4119287706500752,0.9463081157837948,HDAC9
GO_Biological_Process_2023,Phosphorylation (GO:0016310),2/429,0.5145358884527119,0.539070978501547,0,0,1.1705398426709903,0.7778119874012172,EPHA4;RYK
GO_Biological_Process_2023,Endosomal Transport (GO:0016197),1/180,0.5155285924069083,0.5393761735522619,0,0,1.3960115974824978,0.9249449503574502,BAIAP3
GO_Biological_Process_2023,Macromolecule Biosynthetic Process (GO:0009059),1/183,0.5213716795807161,0.5447483989097427,0,0,1.3727917651968284,0.8940884248457778,EEF1A1
GO_Biological_Process_2023,Negative Regulation Of Macromolecule Metabolic Process (GO:0010605),1/186,0.527145164957789,0.5500334217809223,0,0,1.3503250085528566,0.8645851688620262,SIRT1
GO_Biological_Process_2023,Defense Response To Virus (GO:0051607),1/189,0.532849867215782,0.5552324497140059,0,0,1.3285752760570966,0.8363588215459095,PMAIP1
GO_Biological_Process_2023,Modification-Dependent Protein Catabolic Process (GO:0019941),1/192,0.538486595564156,0.5603466738685197,0,0,1.3075087812313606,0.8093383579101238,MYLIP
GO_Biological_Process_2023,DNA-templated Transcription (GO:0006351),1/199,0.5513790939872845,0.572213931546858,0,0,1.2608362102032988,0.7506170196471788,NR4A2
GO_Biological_Process_2023,Anterograde Trans-Synaptic Signaling (GO:0098916),1/199,0.5513790939872845,0.572213931546858,0,0,1.2608362102032988,0.7506170196471788,APBA1
GO_Biological_Process_2023,Regulation Of MAPK Cascade (GO:0043408),1/204,0.5603696271317814,0.5807604356662263,0,0,1.2294693521232152,0.7120578280679314,RYK
GO_Biological_Process_2023,Regulation Of GTPase Activity (GO:0043087),1/214,0.5778202719795819,0.5980400930717341,0,0,1.1711535032982707,0.6423688037520636,EPHA4
GO_Biological_Process_2023,Positive Regulation Of Protein Modification Process (GO:0031401),1/225,0.5962265648452338,0.6162610596317001,0,0,1.1130198915009042,0.575581031599832,SIRT1
GO_Biological_Process_2023,Cellular Response To Lipid (GO:0071396),1/228,0.601107408286266,0.6204719422444813,0,0,1.09814308816149,0.5589346748694266,WNT10B
GO_Biological_Process_2023,Regulation Of I-kappaB kinase/NF-kappaB Signaling (GO:0043122),1/232,0.6075246738976509,0.626255327382431,0,0,1.078908433338813,0.5376874923743494,SIRT1
GO_Biological_Process_2023,Translation (GO:0006412),1/234,0.6106949675376676,0.6286806292322173,0,0,1.0695387624273374,0.5274512539668612,EEF1A1
GO_Biological_Process_2023,Regulation Of Inflammatory Response (GO:0050727),1/240,0.6200548965529662,0.6374628548786511,0,0,1.042370637148456,0.4981981920511163,NR1D2
GO_Biological_Process_2023,Regulation Of Autophagy (GO:0010506),1/241,0.6215931306500271,0.6381910780639131,0,0,1.0379746835443038,0.4935253360448329,EEF1A1
GO_Biological_Process_2023,Regulation Of ERK1 And ERK2 Cascade (GO:0070372),1/244,0.6261710290305731,0.642034028432681,0,0,1.0250039068604468,0.4798368582053274,EPHA4
GO_Biological_Process_2023,Positive Regulation Of DNA-binding Transcription Factor Activity (GO:0051091),1/246,0.6291925330154854,0.6442730464566023,0,0,1.0165331955567036,0.4709781019850334,RTKN2
GO_Biological_Process_2023,Cytokine-Mediated Signaling Pathway (GO:0019221),1/257,0.6453847435625238,0.6599745582441234,0,0,0.9723101265822784,0.4257830036102896,SIRT1
GO_Biological_Process_2023,Cellular Component Assembly (GO:0022607),1/260,0.6496782767302133,0.6634828616275352,0,0,0.9609012267240116,0.4144155568583896,APBA1
GO_Biological_Process_2023,Regulation Of Protein Phosphorylation (GO:0001932),1/265,0.6567203705721107,0.669128390323526,0,0,0.9424626006904488,0.3963026647856387,SIRT1
GO_Biological_Process_2023,Positive Regulation Of Nucleic Acid-Templated Transcription (GO:1903508),2/557,0.6569465990822654,0.669128390323526,0,0,0.8946638946638946,0.3758953111323187,SOX8;NR1D2
GO_Biological_Process_2023,Negative Regulation Of Signal Transduction (GO:0009968),1/267,0.6594979023765035,0.6708384747718666,0,0,0.935281241077377,0.3893355898199371,NR4A2
GO_Biological_Process_2023,Chromatin Organization (GO:0006325),1/268,0.660878334139661,0.6713546089212673,0,0,0.9317309059877684,0.3859094492384965,SIRT1
GO_Biological_Process_2023,Chemical Synaptic Transmission (GO:0007268),1/273,0.6676980273059719,0.6773875765148977,0,0,0.9143708116157856,0.3693319839564605,APBA1
GO_Biological_Process_2023,DNA Metabolic Process (GO:0006259),1/288,0.6873549027601694,0.6964109620850728,0,0,0.8659198165218542,0.3246372551167907,BTG2
GO_Biological_Process_2023,Gene Expression (GO:0010467),1/296,0.6973644023506944,0.7056226650101105,0,0,0.8420939712508045,0.3035304051629775,EEF1A1
GO_Biological_Process_2023,Regulation Of Cell Cycle (GO:0051726),1/298,0.6998169195502434,0.7071737334219937,0,0,0.8363380641861654,0.2985195995514703,SIRT1
GO_Biological_Process_2023,Positive Regulation Of MAPK Cascade (GO:0043410),1/310,0.7141252107290809,0.7206854160769858,0,0,0.8033673343984269,0.2704913447586785,RYK
GO_Biological_Process_2023,Supramolecular Fiber Organization (GO:0097435),1/316,0.7210246532918078,0.7266945719284406,0,0,0.7878239903556359,0.2576830063047846,KLHL24
GO_Biological_Process_2023,Proteasome-Mediated Ubiquitin-Dependent Protein Catabolic Process (GO:0043161),1/319,0.7244124488725805,0.7291533680405947,0,0,0.780272271315978,0.2515553858097949,SIRT1
GO_Biological_Process_2023,Protein-Containing Complex Assembly (GO:0065003),1/328,0.7343339594600526,0.7381736141500398,0,0,0.7584484961096272,0.2342023488242925,APBA1
GO_Biological_Process_2023,Protein Modification Process (GO:0036211),2/711,0.7824073063712085,0.7845134526797345,0,0,0.6947669162055622,0.1704817821578397,EPHA4;RYK
GO_Biological_Process_2023,Positive Regulation Of Protein Phosphorylation (GO:0001934),1/377,0.7824731055986429,0.7845134526797345,0,0,0.6579585241044977,0.1613944145063724,SIRT1
GO_Biological_Process_2023,Cellular Response To Oxygen-Containing Compound (GO:1901701),1/406,0.8067918014936747,0.8078423116518695,0,0,0.6099390529770277,0.1309475924800232,WNT10B
GO_Biological_Process_2023,Organelle Organization (GO:0006996),1/418,0.8160507184301128,0.8160507184301128,0,0,0.5920225844640743,0.120345623380438,CNTNAP1
