Gene_set,Term,Overlap,P-value,Adjusted P-value,Old P-value,Old Adjusted P-value,Odds Ratio,Combined Score,Genes
Reactome_2022,Cell Cycle R-HSA-1640170,56/654,1.6567848311560458e-36,1.2144232812373817e-33,0,0,12.487365291713118,1028.8113552258487,YWHAE;FEN1;DSCC1;HJURP;MCM10;LMNB1;CDC20;NUF2;NEK2;OIP5;TK1;GTSE1;H2AC6;KIF23;ESCO2;TUBG1;CDC25A;PSMA5;H2BC12;H2BC15;H2BC11;BIRC5;KIF20A;PCNA;PSMD14;CDCA5;NCAPG;HMMR;TYMS;CENPA;NCAPH;SKA1;AURKB;CCNB2;CCNB1;CDC45;PRKAR2B;E2F1;E2F2;CLSPN;BUB1;GINS1;GINS2;CENPU;RRM2;H2BC5;UBE2C;GINS3;CDC6;HSPA2;TPX2;CENPF;RAD51;PSMC2;CENPM;SPC24
Reactome_2022,"Cell Cycle, Mitotic R-HSA-69278",50/523,9.294387623678956e-35,3.406393064078337e-32,0,0,13.62015503875969,1067.2898885995835,YWHAE;FEN1;MCM10;LMNB1;CDC20;NUF2;NEK2;TK1;GTSE1;H2AC6;KIF23;ESCO2;TUBG1;CDC25A;PSMA5;H2BC12;H2BC15;H2BC11;BIRC5;KIF20A;PCNA;PSMD14;CDCA5;NCAPG;HMMR;TYMS;CENPA;NCAPH;SKA1;AURKB;CCNB2;CCNB1;CDC45;PRKAR2B;E2F1;E2F2;BUB1;GINS1;GINS2;CENPU;RRM2;H2BC5;UBE2C;GINS3;CDC6;TPX2;CENPF;PSMC2;CENPM;SPC24
Reactome_2022,M Phase R-HSA-68886,32/380,1.4948540328047022e-20,3.4350173310723837e-18,0,0,10.64696223316913,486.0303475254464,YWHAE;PSMD14;CDCA5;NCAPG;CENPA;NCAPH;SKA1;AURKB;LMNB1;CDC20;CCNB2;CCNB1;PRKAR2B;NUF2;NEK2;BUB1;CENPU;H2BC5;H2AC6;UBE2C;KIF23;TUBG1;PSMA5;H2BC12;CENPF;H2BC15;PSMC2;H2BC11;CENPM;BIRC5;KIF20A;SPC24
Reactome_2022,Cell Cycle Checkpoints R-HSA-69620,28/271,1.874497861431041e-20,3.4350173310723837e-18,0,0,13.101636520241172,595.1203659204331,YWHAE;PSMD14;MCM10;CENPA;SKA1;AURKB;CDC20;CCNB2;CCNB1;CDC45;NUF2;CLSPN;GTSE1;BUB1;CENPU;H2BC5;UBE2C;CDC6;CDC25A;PSMA5;H2BC12;CENPF;H2BC15;PSMC2;H2BC11;CENPM;BIRC5;SPC24
Reactome_2022,Mitotic Prometaphase R-HSA-68877,20/186,3.152910573495177e-15,4.622166900743929e-13,0,0,13.14190093708166,438.8139911004526,YWHAE;CENPU;CDCA5;NCAPG;TUBG1;CENPA;NCAPH;SKA1;AURKB;CDC20;CCNB2;CCNB1;CENPF;PRKAR2B;NUF2;BIRC5;CENPM;NEK2;BUB1;SPC24
Reactome_2022,RHO GTPase Effectors R-HSA-195258,22/269,3.8289200700602654e-14,4.677664018923623e-12,0,0,9.784060410317062,302.2649319009643,YWHAE;CENPU;H2BC5;H2AC6;KIF14;IQGAP3;CENPA;SKA1;AURKB;MYLK;CDC20;H2BC12;CENPF;H2BC15;CTTN;NUF2;H2BC11;CENPM;BIRC5;MYL9;BUB1;SPC24
Reactome_2022,DNA Replication R-HSA-69306,17/155,2.9302605997635633e-13,3.0684014566095594e-11,0,0,13.23568543597054,381.9622246767499,GINS1;GINS2;FEN1;PCNA;H2AC6;PSMD14;H2BC5;UBE2C;GINS3;MCM10;CDC6;H2BC12;PSMA5;H2BC15;CDC45;H2BC11;PSMC2
Reactome_2022,G2/M Checkpoints R-HSA-69481,16/148,1.8787685967571253e-12,1.7214217267787162e-10,0,0,12.956521739130435,349.83132858760234,YWHAE;PSMD14;H2BC5;MCM10;CDC6;CDC25A;H2BC12;PSMA5;CCNB2;CCNB1;H2BC15;CDC45;H2BC11;PSMC2;CLSPN;GTSE1
Reactome_2022,Mitotic Anaphase R-HSA-68882,19/232,2.2327366810565265e-12,1.766492446454227e-10,0,0,9.653023111041945,258.96930653868185,CENPU;PSMD14;UBE2C;CDCA5;CENPA;SKA1;AURKB;LMNB1;CDC20;PSMA5;CCNB2;CENPF;CCNB1;NUF2;PSMC2;CENPM;BIRC5;BUB1;SPC24
Reactome_2022,Mitotic Metaphase And Anaphase R-HSA-2555396,19/233,2.4099487673318244e-12,1.766492446454227e-10,0,0,9.607425001290856,257.0122193149595,CENPU;PSMD14;UBE2C;CDCA5;CENPA;SKA1;AURKB;LMNB1;CDC20;PSMA5;CCNB2;CENPF;CCNB1;NUF2;PSMC2;CENPM;BIRC5;BUB1;SPC24
Reactome_2022,Resolution Of Sister Chromatid Cohesion R-HSA-2500257,14/106,2.985849330067453e-12,1.9896614172176759e-10,0,0,16.12388966806919,427.8818671090991,CENPU;CDCA5;CENPA;SKA1;AURKB;CDC20;CCNB2;CCNB1;CENPF;NUF2;BIRC5;CENPM;BUB1;SPC24
Reactome_2022,Signaling By Rho GTPases R-HSA-194315,29/644,1.1720504787137624e-11,7.159275007476566e-10,0,0,5.290400798744829,133.15770185333756,YWHAE;KIF14;IQGAP3;CENPA;SKA1;RHOBTB1;AURKB;MYLK;LMNB1;CDC20;RACGAP1;NUF2;ECT2;BUB1;CENPU;H2BC5;H2AC6;CAV1;H2BC12;CENPF;H2BC15;CTTN;H2BC11;CENPM;ELMO2;BIRC5;PDE5A;MYL9;SPC24
Reactome_2022,Separation Of Sister Chromatids R-HSA-2467813,16/170,1.5934668874911018e-11,8.984701757930597e-10,0,0,11.093167701863354,275.80414764687856,CENPU;PSMD14;UBE2C;CDCA5;CENPA;SKA1;AURKB;CDC20;PSMA5;CENPF;NUF2;PSMC2;BIRC5;CENPM;BUB1;SPC24
Reactome_2022,"Signaling By Rho GTPases, Miro GTPases And RHOBTB3 R-HSA-9716542",29/660,2.1171520195723064e-11,1.1084803073903575e-09,0,0,5.15195410607872,126.62660448658576,YWHAE;KIF14;IQGAP3;CENPA;SKA1;RHOBTB1;AURKB;MYLK;LMNB1;CDC20;RACGAP1;NUF2;ECT2;BUB1;CENPU;H2BC5;H2AC6;CAV1;H2BC12;CENPF;H2BC15;CTTN;H2BC11;CENPM;ELMO2;BIRC5;PDE5A;MYL9;SPC24
Reactome_2022,S Phase R-HSA-69242,15/161,8.111044095206728e-11,3.963596881191021e-09,0,0,10.914846353202517,253.60874081896904,GINS1;GINS2;FEN1;PCNA;PSMD14;UBE2C;CDCA5;GINS3;ESCO2;CDC6;CDC25A;PSMA5;CDC45;PSMC2;E2F1
Reactome_2022,Deposition Of New CENPA-containing Nucleosomes At Centromere R-HSA-606279,10/53,1.0705658109380518e-10,4.9045296213599505e-09,0,0,24.18237454100367,555.1708203893505,H2BC12;CENPU;H2BC15;H2AC6;H2BC5;H2BC11;HJURP;CENPM;OIP5;CENPA
Reactome_2022,Chromosome Maintenance R-HSA-73886,13/118,1.8753020537085416e-10,8.085861208049181e-09,0,0,13.039724980901452,292.0517790688059,CENPU;FEN1;PCNA;H2AC6;H2BC5;DSCC1;HJURP;CENPA;H2BC12;H2BC15;H2BC11;CENPM;OIP5
Reactome_2022,Mitotic G1 Phase And G1/S Transition R-HSA-453279,14/147,2.6309934287302177e-10,1.0713989906995833e-08,0,0,11.130164119977362,245.514607544794,PCNA;RRM2;PSMD14;MCM10;CDC6;TYMS;CDC25A;PSMA5;CCNB1;CDC45;PSMC2;E2F1;E2F2;TK1
Reactome_2022,G1/S-Specific Transcription R-HSA-69205,8/29,3.115053684905673e-10,1.2017549215978202e-08,0,0,39.24404761904762,859.036683068409,PCNA;CDC45;RRM2;E2F1;TK1;CDC6;TYMS;CDC25A
Reactome_2022,Mitotic G2-G2/M Phases R-HSA-453274,15/184,5.36176981178287e-10,1.9650886360184226e-08,0,0,9.418359187589957,201.04953955463932,YWHAE;PSMD14;HMMR;TUBG1;CDC25A;PSMA5;CCNB2;TPX2;CCNB1;CENPF;PRKAR2B;PSMC2;E2F1;NEK2;GTSE1
Reactome_2022,G1/S Transition R-HSA-69206,13/129,5.765990429883133e-10,2.012605231002065e-08,0,0,11.796607044071546,250.95953177073187,PCNA;RRM2;PSMD14;MCM10;CDC6;TYMS;CDC25A;PSMA5;CCNB1;CDC45;PSMC2;E2F1;TK1
Reactome_2022,Mitotic Spindle Checkpoint R-HSA-69618,12/110,1.072553453237664e-09,3.573553096469126e-08,0,0,12.832392531480677,265.0302726159517,CDC20;CENPU;CENPF;UBE2C;NUF2;BIRC5;CENPM;CENPA;BUB1;SKA1;AURKB;SPC24
Reactome_2022,Unattached Kinetochores Signal Amplification Via A MAD2 Inhibitory Signal R-HSA-141444,11/93,2.263654467279146e-09,7.214168367459193e-08,0,0,13.995225190347142,278.59294559873604,CDC20;CENPU;CENPF;NUF2;BIRC5;CENPM;CENPA;BUB1;AURKB;SKA1;SPC24
Reactome_2022,EML4 And NUDC In Mitotic Spindle Formation R-HSA-9648025,11/97,3.567259571330776e-09,1.089500527410608e-07,0,0,13.341577457856529,259.51326916582286,CDC20;CENPU;CENPF;NUF2;BIRC5;CENPM;CENPA;BUB1;SKA1;AURKB;SPC24
Reactome_2022,G2/M Transition R-HSA-69275,14/182,4.372822099671557e-09,1.2821114396237006e-07,0,0,8.795698924731182,169.2983572896969,YWHAE;PSMD14;HMMR;TUBG1;CDC25A;PSMA5;CCNB2;TPX2;CCNB1;CENPF;PRKAR2B;PSMC2;NEK2;GTSE1
Reactome_2022,DNA Replication Pre-Initiation R-HSA-69002,12/127,5.6542821454350254e-09,1.5940726202322592e-07,0,0,10.92599444958372,207.49395094180483,H2BC12;PSMA5;H2BC15;CDC45;H2AC6;PSMD14;H2BC5;UBE2C;H2BC11;PSMC2;MCM10;CDC6
Reactome_2022,Signal Transduction R-HSA-162582,54/2465,1.3752356775221602e-08,3.73351019119905e-07,0,0,2.667585211615711,48.28877588692803,YWHAE;CXCL9;SPARC;ITGB5;ITGB3;ITGA2B;KIF14;MYLK;LMNB1;CDC20;CASP3;NUF2;JAK3;DLGAP5;RGS6;CPT1A;H2AC6;KREMEN1;PSMA5;H2BC12;KEL;H2BC15;CTTN;H2BC11;ELMO2;BIRC5;PDE5A;MYL9;RGS18;PSMD14;IQGAP3;CENPA;SKA1;RHOBTB1;AURKB;RACGAP1;PRKAR2B;E2F1;ECT2;BUB1;CENPU;H2BC5;EGF;SMOX;CAV1;PPBP;GNG11;CENPF;SCD;PSMC2;CENPM;SPC24;PF4;BCL2L1
Reactome_2022,RHO GTPases Activate Formins R-HSA-5663220,11/119,3.1232435764208644e-08,7.894267384539631e-07,0,0,10.611992945326278,183.39443173438093,CDC20;CENPU;CENPF;NUF2;BIRC5;CENPM;CENPA;BUB1;SKA1;AURKB;SPC24
Reactome_2022,Synthesis Of DNA R-HSA-69239,11/119,3.1232435764208644e-08,7.894267384539631e-07,0,0,10.611992945326278,183.39443173438093,PSMA5;GINS1;GINS2;FEN1;PCNA;CDC45;PSMD14;UBE2C;GINS3;PSMC2;CDC6
Reactome_2022,Diseases Of Programmed Cell Death R-HSA-9645723,9/71,3.6408401277586854e-08,8.895786045490386e-07,0,0,15.00101334234082,256.94435126920393,YWHAE;H2BC12;H2BC15;H2AC6;H2BC5;PRDX1;H2BC11;CDC25A;LMNB1
Reactome_2022,Assembly Of Pre-Replicative Complex R-HSA-68867,10/110,1.5719933977299747e-07,3.717003743664746e-06,0,0,10.36842105263158,162.4291041002556,H2BC12;PSMA5;H2BC15;H2AC6;PSMD14;H2BC5;UBE2C;H2BC11;PSMC2;CDC6
Reactome_2022,Kinesins R-HSA-983189,7/42,1.8054455978466818e-07,4.135598822567555e-06,0,0,20.48186528497409,318.02782558404823,KIF18B;RACGAP1;KIFC1;KIF23;KIF11;KIF20A;KIF15
Reactome_2022,RUNX1 Regulates Genes Involved In Megakaryocyte Differentiation And Platelet Function R-HSA-8936459,8/66,3.038208268425197e-07,6.748505032592937e-06,0,0,14.182471264367816,212.8339025491534,H2BC12;H2BC15;H2AC6;H2BC5;ITGA2B;H2BC11;MYL9;PF4
Reactome_2022,DNA Strand Elongation R-HSA-69190,6/31,5.545240890163118e-07,1.1954886977910488e-05,0,0,24.463917525773194,352.4065382588108,GINS1;GINS2;FEN1;PCNA;CDC45;GINS3
Reactome_2022,Ub-specific Processing Proteases R-HSA-5689880,12/201,8.969791480276244e-07,1.8785306157264248e-05,0,0,6.623100303951368,92.22159328163175,CDC20;H2AC11;PSMA5;H2BC12;H2BC15;H2BC5;H2AC6;PSMD14;PSMC2;H2BC11;CLSPN;CDC25A
Reactome_2022,COPI-dependent Golgi-to-ER Retrograde Traffic R-HSA-6811434,8/78,1.1195459282332934e-06,2.2795199038750116e-05,0,0,11.74404761904762,160.9238386488789,KIF18B;RACGAP1;KIFC1;KIF23;KIF11;KIF20A;COPG1;KIF15
Reactome_2022,Hemostasis R-HSA-109582,20/576,1.444711176339332e-06,2.862089979072244e-05,0,0,3.84572342126299,51.71575464214948,SPARC;GUCY1B1;EGF;CAV1;ITGB3;ITGA2B;KIF23;PPBP;KIF11;GNG11;CLU;KIF15;P2RX7;KIF18B;RACGAP1;PRKAR2B;KIFC1;PDE5A;KIF20A;PF4
Reactome_2022,Condensation Of Prometaphase Chromosomes R-HSA-2514853,4/10,1.9440565830475138e-06,3.7499828299311255e-05,0,0,67.3265306122449,885.3932781130271,CCNB2;CCNB1;NCAPG;NCAPH
Reactome_2022,Meiotic Synapsis R-HSA-1221632,7/60,2.2200904251466413e-06,4.172631491365354e-05,0,0,13.513442174210578,175.91748523818214,H2BC12;H2BC15;H2AC6;H2BC5;H2BC11;HSPA2;LMNB1
Reactome_2022,APC/C-mediated Degradation Of Cell Cycle Proteins R-HSA-174143,8/87,2.583958097821003e-06,4.735103214256988e-05,0,0,10.401371308016875,133.82600066417413,CDC20;PSMA5;CCNB1;PSMD14;UBE2C;PSMC2;NEK2;AURKB
Reactome_2022,RHO GTPases Activate PKNs R-HSA-5625740,7/62,2.7797607005621315e-06,4.918474997093775e-05,0,0,13.020725388601036,166.5760371840454,YWHAE;H2BC12;H2BC15;H2AC6;H2BC5;H2BC11;MYL9
Reactome_2022,Meiosis R-HSA-1500620,8/88,2.8182257827822448e-06,4.918474997093775e-05,0,0,10.270833333333334,131.2551185801281,H2BC12;H2BC15;RAD51;H2AC6;H2BC5;H2BC11;HSPA2;LMNB1
Reactome_2022,Unwinding Of DNA R-HSA-176974,4/11,3.031048397200008e-06,5.166880174761874e-05,0,0,57.70553935860058,733.2413213987782,GINS1;GINS2;CDC45;GINS3
Reactome_2022,Telomere Maintenance R-HSA-157579,8/92,3.944342308095956e-06,6.5709157087144e-05,0,0,9.779761904761903,121.6918104221198,H2BC12;FEN1;H2BC15;PCNA;H2AC6;H2BC5;DSCC1;H2BC11
Reactome_2022,Condensation Of Prophase Chromosomes R-HSA-2299718,6/43,4.155483667201026e-06,6.768821173463004e-05,0,0,16.5196433546949,204.6962509645269,H2BC12;CCNB1;H2BC15;H2AC6;H2BC5;H2BC11
Reactome_2022,RUNX1 Regulates Transcription Of Genes Involved In Differentiation Of HSCs R-HSA-8939236,8/98,6.336139502076565e-06,0.00010096500554395918,0,0,9.125,109.21932308768216,H2BC12;PSMA5;H2BC15;H2AC6;PSMD14;H2BC5;H2BC11;PSMC2
Reactome_2022,Signaling By NOTCH R-HSA-157118,11/203,6.55693466309227e-06,0.00010226027889460924,0,0,5.943783068783069,70.93897568466866,PSMA5;H2BC12;H2BC15;H2BC5;H2AC6;PSMD14;EGF;PSMC2;H2BC11;E2F1;DLGAP5
Reactome_2022,Transcriptional Regulation By RUNX1 R-HSA-8878171,11/204,6.870851981526099e-06,0.00010492363546788812,0,0,5.912684705430819,70.29131102318841,PSMA5;H2BC12;H2BC15;H2BC5;H2AC6;PSMD14;PSMC2;ITGA2B;H2BC11;MYL9;PF4
Reactome_2022,Base Excision Repair R-HSA-73884,7/72,7.65311132295012e-06,0.00011448429795351914,0,0,11.011956954962136,129.72523881491503,H2BC12;FEN1;H2BC15;PCNA;H2AC6;H2BC5;H2BC11
Reactome_2022,APC/C:Cdc20 Mediated Degradation Of Mitotic Proteins R-HSA-176409,7/75,1.0054206562231908e-05,0.00014739466820231978,0,0,10.52453520268211,121.11129352209151,CDC20;PSMA5;CCNB1;PSMD14;UBE2C;PSMC2;NEK2
Reactome_2022,Activation Of APC/C And APC/C:Cdc20 Mediated Degradation Of Mitotic Proteins R-HSA-176814,7/76,1.0981296088327086e-05,0.00015782921632830893,0,0,10.37148006307727,118.43521951233538,CDC20;PSMA5;CCNB1;PSMD14;UBE2C;PSMC2;NEK2
Reactome_2022,RNA Polymerase I Promoter Opening R-HSA-73728,5/32,1.5377155419858243e-05,0.00021675874851454023,0,0,18.77777777777778,208.10711759419505,H2BC12;H2BC15;H2AC6;H2BC5;H2BC11
Reactome_2022,Polo-like Kinase Mediated Events R-HSA-156711,4/16,1.6073421914510297e-05,0.00022229845779879337,0,0,33.6530612244898,371.4740483715657,CCNB2;CCNB1;CENPF;CDC25A
Reactome_2022,Golgi-to-ER Retrograde Transport R-HSA-8856688,8/112,1.699386550853364e-05,0.00022648188032282107,0,0,7.891025641025641,86.66443692204982,KIF18B;RACGAP1;KIFC1;KIF23;KIF20A;KIF11;COPG1;KIF15
Reactome_2022,Mitotic Prophase R-HSA-68875,8/112,1.699386550853364e-05,0.00022648188032282107,0,0,7.891025641025641,86.66443692204982,H2BC12;CCNB2;CCNB1;H2BC15;H2AC6;H2BC5;H2BC11;LMNB1
Reactome_2022,Packaging Of Telomere Ends R-HSA-171306,5/33,1.7976601477623105e-05,0.0002331929030190163,0,0,18.106227106227102,197.83659620108145,H2BC12;H2BC15;H2AC6;H2BC5;H2BC11
Reactome_2022,Reproduction R-HSA-1474165,8/113,1.813369095782255e-05,0.0002331929030190163,0,0,7.815476190476191,85.32732898188942,H2BC12;H2BC15;RAD51;H2AC6;H2BC5;H2BC11;HSPA2;LMNB1
Reactome_2022,Meiotic Recombination R-HSA-912446,6/56,1.986743975303061e-05,0.000251083333430542,0,0,12.216494845360824,132.26100624841683,H2BC12;H2BC15;RAD51;H2AC6;H2BC5;H2BC11
Reactome_2022,DNA Methylation R-HSA-5334118,5/34,2.0905707910418636e-05,0.000259726845734523,0,0,17.480990274093724,188.3662067044033,H2BC12;H2BC15;H2AC6;H2BC5;H2BC11
Reactome_2022,Deubiquitination R-HSA-5688426,12/279,2.561464608740877e-05,0.0003129020654726625,0,0,4.669615108773607,49.36878781819704,CDC20;H2AC11;PSMA5;H2BC12;H2BC15;H2BC5;H2AC6;PSMD14;PSMC2;H2BC11;CLSPN;CDC25A
Reactome_2022,Homology Directed Repair R-HSA-5693538,8/119,2.640838623892112e-05,0.0003129020654726625,0,0,7.390765765765765,77.91218842123995,H2BC12;FEN1;H2BC15;PCNA;RAD51;H2BC5;H2BC11;CLSPN
Reactome_2022,Role Of GTSE1 In G2/M Progression After G2 Checkpoint R-HSA-8852276,6/59,2.6893356241170177e-05,0.0003129020654726625,0,0,11.523244504960124,121.26637633957364,PSMA5;CCNB2;CCNB1;PSMD14;PSMC2;GTSE1
Reactome_2022,Transcriptional Regulation Of Granulopoiesis R-HSA-9616222,6/59,2.6893356241170177e-05,0.0003129020654726625,0,0,11.523244504960124,121.26637633957364,H2BC12;H2BC15;H2AC6;H2BC5;H2BC11;E2F1
Reactome_2022,Activated PKN1 Stimulates Transcription Of Androgen Receptor Regulated KLK2 And KLK3 R-HSA-5625886,5/36,2.7868095991564837e-05,0.000314266374797185,0,0,16.351530190239867,171.49530707153963,H2BC12;H2BC15;H2AC6;H2BC5;H2BC11
Reactome_2022,Activation Of ATR In Response To Replication Stress R-HSA-176187,5/36,2.7868095991564837e-05,0.000314266374797185,0,0,16.351530190239867,171.49530707153963,CDC45;MCM10;CLSPN;CDC6;CDC25A
Reactome_2022,HDACs Deacetylate Histones R-HSA-3214815,6/60,2.963485145494461e-05,0.00032912645631021813,0,0,11.309278350515465,117.91686334351428,H2AC11;H2BC12;H2BC15;H2AC6;H2BC5;H2BC11
Reactome_2022,TCF Dependent Signaling In Response To WNT R-HSA-201681,10/198,3.176174533401661e-05,0.0003395411297028683,0,0,5.490481522956327,56.8662786038628,PSMA5;H2BC12;H2BC15;H2BC5;H2AC6;PSMD14;CAV1;PSMC2;H2BC11;KREMEN1
Reactome_2022,Cleavage Of Damaged Purine R-HSA-110331,5/37,3.19622618683464e-05,0.0003395411297028683,0,0,15.83974358974359,163.95646784574072,H2BC12;H2BC15;H2AC6;H2BC5;H2BC11
Reactome_2022,SIRT1 Negatively Regulates rRNA Expression R-HSA-427359,5/37,3.19622618683464e-05,0.0003395411297028683,0,0,15.83974358974359,163.95646784574072,H2BC12;H2BC15;H2AC6;H2BC5;H2BC11
Reactome_2022,DNA Damage/Telomere Stress Induced Senescence R-HSA-2559586,6/61,3.2596478724807664e-05,0.0003413316986469145,0,0,11.103092783505154,114.70945231270328,H2BC12;H2BC15;H2AC6;H2BC5;H2BC11;LMNB1
Reactome_2022,Transcription Of E2F Targets Under Negative Control By DREAM Complex R-HSA-1362277,4/19,3.343535939158139e-05,0.000345184766676467,0,0,26.918367346938776,277.4179092680899,PCNA;E2F1;CDC6;CDC25A
Reactome_2022,Pre-NOTCH Transcription And Translation R-HSA-1912408,6/62,3.579115113132364e-05,0.00036437380248972536,0,0,10.904270986745214,111.6358531355786,H2BC12;H2BC15;H2AC6;H2BC5;H2BC11;E2F1
Reactome_2022,Assembly Of ORC Complex At Origin Of Replication R-HSA-68616,5/38,3.65078559882961e-05,0.0003665788827317951,0,0,15.35897435897436,156.9377402487027,H2BC12;H2BC15;H2AC6;H2BC5;H2BC11
Reactome_2022,Oxidative Stress Induced Senescence R-HSA-2559580,7/93,4.124241764738496e-05,0.0004085228666963943,0,0,8.314134233040125,83.93985902496969,H2BC12;H2BC15;H2AC6;H2BC5;H2BC11;E2F1;E2F2
Reactome_2022,Cellular Senescence R-HSA-2559583,9/165,4.362905205704335e-05,0.000426401268770837,0,0,5.9335481272654045,59.57156111975208,H2BC12;H2BC15;H2AC6;H2BC5;UBE2C;H2BC11;E2F1;E2F2;LMNB1
Reactome_2022,Deregulated CDK5 Triggers Neurodegenerative Pathways In Alzheimers Disease Models R-HSA-8862803,4/21,5.082545165940558e-05,0.0004901981061361091,0,0,23.74909963985594,234.8100391955592,YWHAE;PRDX1;CDC25A;LMNB1
Reactome_2022,PRC2 Methylates Histones And DNA R-HSA-212300,5/42,5.9898599003834606e-05,0.0005557680135419084,0,0,13.695772695772696,133.16204547949982,H2BC12;H2BC15;H2AC6;H2BC5;H2BC11
Reactome_2022,Cleavage Of Damaged Pyrimidine R-HSA-110329,5/42,5.9898599003834606e-05,0.0005557680135419084,0,0,13.695772695772696,133.16204547949982,H2BC12;H2BC15;H2AC6;H2BC5;H2BC11
Reactome_2022,Defective Pyroptosis R-HSA-9710421,5/42,5.9898599003834606e-05,0.0005557680135419084,0,0,13.695772695772696,133.16204547949982,H2BC12;H2BC15;H2AC6;H2BC5;H2BC11
Reactome_2022,Smooth Muscle Contraction R-HSA-445355,5/43,6.723327393029232e-05,0.0006160248723863033,0,0,13.334682860998653,128.110862510313,GUCY1B1;ITGB5;PDE5A;MYL9;MYLK
Reactome_2022,Factors Involved In Megakaryocyte Development And Platelet Production R-HSA-983231,8/136,6.858657007506935e-05,0.0006206661217904425,0,0,6.403645833333333,61.39440252181436,KIF18B;RACGAP1;PRKAR2B;KIFC1;KIF23;KIF20A;KIF11;KIF15
Reactome_2022,DNA Repair R-HSA-73894,12/310,7.100339313137289e-05,0.0006347010629914186,0,0,4.17720976724261,39.90397799864745,H2BC12;FEN1;PCNA;H2BC15;RAD51;H2BC5;H2AC6;H2BC11;PCLAF;FANCA;CLSPN;DTL
Reactome_2022,"Base-Excision Repair, AP Site Formation R-HSA-73929",5/44,7.524121289207404e-05,0.0006644796271071116,0,0,12.992110453648916,123.35763887867834,H2BC12;H2BC15;H2AC6;H2BC5;H2BC11
Reactome_2022,Apoptosis R-HSA-109581,9/178,7.85288375881484e-05,0.0006852575946680093,0,0,5.473496700641284,51.73573516681382,YWHAE;PSMA5;PSMD14;CASP3;PSMC2;E2F1;CLSPN;BCL2L1;LMNB1
Reactome_2022,AURKA Activation By TPX2 R-HSA-8854518,6/72,8.373603081935455e-05,0.000710380631124203,0,0,9.24742268041237,86.81333560855745,YWHAE;TPX2;PRKAR2B;NEK2;HMMR;TUBG1
Reactome_2022,ERCC6 (CSB) And EHMT2 (G9a) Positively Regulate rRNA Expression R-HSA-427389,5/45,8.396387888701343e-05,0.000710380631124203,0,0,12.666666666666666,118.87823562147146,H2BC12;H2BC15;H2AC6;H2BC5;H2BC11
Reactome_2022,MHC Class II Antigen Presentation R-HSA-2132295,7/104,8.431530001064893e-05,0.000710380631124203,0,0,7.367181240318359,69.1111383360861,CTSA;LAG3;RACGAP1;KIF23;KIF20A;KIF11;KIF15
Reactome_2022,Defective Intrinsic Pathway For Apoptosis R-HSA-9734009,4/24,8.814271911404375e-05,0.0007341887853476599,0,0,20.18367346938776,188.4459421090328,YWHAE;PRDX1;CDC25A;LMNB1
Reactome_2022,APC/C:Cdh1 Mediated Degradation Of Cdc20 And APC/C:Cdh1 Targets In Late Mitosis/Early G1 R-HSA-174178,6/73,9.0483142653988e-05,0.0007369349285041466,0,0,9.108939836897983,84.80739062557714,CDC20;PSMA5;PSMD14;UBE2C;PSMC2;AURKB
Reactome_2022,APC:Cdc20 Mediated Degradation Of Cell Cycle Proteins Before Cycle Checkpoint Satisfied R-HSA-179419,6/73,9.0483142653988e-05,0.0007369349285041466,0,0,9.108939836897983,84.80739062557714,CDC20;PSMA5;PSMD14;UBE2C;PSMC2;NEK2
Reactome_2022,Protein Ubiquitination R-HSA-8852135,6/76,0.00011335566980135825,0.0009130736919164352,0,0,8.71723122238586,79.19587272258161,H2BC12;H2BC15;PCNA;H2BC5;UBE2C;H2BC11
Reactome_2022,Inhibition Of DNA Recombination At Telomere R-HSA-9670095,5/48,0.00011485363419992406,0.000915083846397221,0,0,11.781156827668456,106.876910968206,H2BC12;H2BC15;H2AC6;H2BC5;H2BC11
Reactome_2022,G2/M DNA Damage Checkpoint R-HSA-69473,6/77,0.00012192284108863171,0.000960961747505022,0,0,8.59401771453463,77.4503375178538,YWHAE;H2BC12;CCNB1;H2BC15;H2BC5;H2BC11
Reactome_2022,DNA Double-Strand Break Repair R-HSA-5693532,8/149,0.00012989454716143828,0.0010107355807863,0,0,5.809397163120567,51.98706136867632,H2BC12;FEN1;H2BC15;PCNA;RAD51;H2BC5;H2BC11;CLSPN
Reactome_2022,Pre-NOTCH Expression And Processing R-HSA-1912422,6/78,0.0001309957437581262,0.0010107355807863,0,0,8.474226804123711,75.76251738674904,H2BC12;H2BC15;H2AC6;H2BC5;H2BC11;E2F1
Reactome_2022,G0 And Early G1 R-HSA-1538133,4/27,0.00014220084233688404,0.001085762681593,0,0,17.54835847382431,155.44809947118517,PCNA;E2F1;CDC6;CDC25A
Reactome_2022,HDR Thru Homologous Recombination (HRR) Or Single Strand Annealing (SSA) R-HSA-5693567,7/114,0.00015016516549446412,0.0011275070354533,0,0,6.67526996271367,58.767573256253904,H2BC12;H2BC15;PCNA;RAD51;H2BC5;H2BC11;CLSPN
Reactome_2022,Regulation Of APC/C Activators Between G1/S And Early Anaphase R-HSA-176408,6/80,0.00015074446040167684,0.0011275070354533,0,0,8.244357759821677,72.54972558970206,CDC20;PSMA5;CCNB1;PSMD14;UBE2C;PSMC2
Reactome_2022,Senescence-Associated Secretory Phenotype (SASP) R-HSA-2559582,6/81,0.00016146440379841284,0.0011954889695377,0,0,8.1340206185567,71.01997108520867,H2BC12;H2BC15;H2AC6;H2BC5;UBE2C;H2BC11
Reactome_2022,Signaling By WNT R-HSA-195721,11/294,0.0001912946404777712,0.001402189714702,0,0,4.013816441378279,34.365074959639855,PSMA5;H2BC12;H2BC15;H2BC5;H2AC6;PSMD14;CAV1;PSMC2;H2BC11;KREMEN1;GNG11
Reactome_2022,ECM Proteoglycans R-HSA-3000178,5/55,0.00022050262506885927,0.0016002814274799,0,0,10.128205128205128,85.27544560100635,SPARC;ITGB5;ITGB3;ITGA2B;ITGA7
Reactome_2022,Regulation Of PLK1 Activity At G2/M Transition R-HSA-2565942,6/87,0.0002390922544006224,0.0017091913088453,0,0,7.529209621993127,62.78352722931161,YWHAE;CCNB2;CCNB1;PRKAR2B;NEK2;TUBG1
Reactome_2022,E3 Ubiquitin Ligases Ubiquitinate Target Proteins R-HSA-8866654,5/56,0.00024017285785957223,0.0017091913088453,0,0,9.929110105580694,82.75070939715789,H2BC12;H2BC15;PCNA;H2BC5;H2BC11
Reactome_2022,Programmed Cell Death R-HSA-5357801,9/208,0.00025439637681101305,0.001793005232716,0,0,4.641242863532321,38.41378944014526,PSMA5;YWHAE;PSMD14;CASP3;PSMC2;E2F1;CLSPN;BCL2L1;LMNB1
Reactome_2022,Platelet Degranulation R-HSA-114608,7/125,0.00026537848498707224,0.001852594566624,0,0,6.049617985421972,49.81469306650155,SPARC;EGF;ITGB3;ITGA2B;PPBP;CLU;PF4
Reactome_2022,Metabolism Of Polyamines R-HSA-351202,5/58,0.00028348784410563496,0.0019603451861267,0,0,9.553459119496855,78.0359148140527,PSMA5;NQO1;PSMD14;SMOX;PSMC2
Reactome_2022,Signaling By Nuclear Receptors R-HSA-9006931,10/260,0.00030030916789058995,0.0020473804640672,0,0,4.11578947368421,33.38192567626217,H2BC12;CPT1A;H2BC15;H2BC5;H2AC6;EGF;SCD;CAV1;H2BC11;GNG11
Reactome_2022,HCMV Late Events R-HSA-9610379,6/91,0.000305349958813985,0.0020473804640672,0,0,7.173438447543966,58.06218405120952,H2AC11;H2BC12;H2BC15;H2AC6;H2BC5;H2BC11
Reactome_2022,B-WICH Complex Positively Regulates rRNA Expression R-HSA-5250924,5/59,0.00030724672721336934,0.0020473804640672,0,0,9.376068376068377,75.83232332652554,H2BC12;H2BC15;H2AC6;H2BC5;H2BC11
Reactome_2022,RNA Polymerase I Promoter Escape R-HSA-73772,5/59,0.00030724672721336934,0.0020473804640672,0,0,9.376068376068377,75.83232332652554,H2BC12;H2BC15;H2AC6;H2BC5;H2BC11
Reactome_2022,Formation Of beta-catenin:TCF Transactivating Complex R-HSA-201722,5/60,0.0003324843108549847,0.0021955945933036,0,0,9.205128205128204,73.72311591006364,H2BC12;H2BC15;H2AC6;H2BC5;H2BC11
Reactome_2022,Response To Elevated Platelet Cytosolic Ca2+ R-HSA-76005,7/130,0.0003371468635276646,0.0022065058121944,0,0,5.802224188044989,46.38873553467045,SPARC;EGF;ITGB3;ITGA2B;PPBP;CLU;PF4
Reactome_2022,HCMV Early Events R-HSA-9609690,6/96,0.00040752456417382895,0.0026435000490213,0,0,6.77319587628866,52.86756640129645,H2AC11;H2BC12;H2BC15;H2AC6;H2BC5;H2BC11
Reactome_2022,Intra-Golgi And Retrograde Golgi-to-ER Traffic R-HSA-6811442,8/181,0.00048609009624393166,0.0031254740398842,0,0,4.727119460500964,36.06374539515151,KIF18B;RACGAP1;KIFC1;KIF23;KIF20A;KIF11;COPG1;KIF15
Reactome_2022,Disease R-HSA-1643685,32/1736,0.0005349257636407051,0.003409570302162,0,0,2.02280348759222,15.238552556688791,YWHAE;FEN1;PSMD14;ITGB3;ITGA2B;LMNB1;H2AC11;MUC1;PRKAR2B;PRDX1;E2F1;E2F2;JAK3;MPDU1;CTSA;H2BC5;H2AC6;UBE2C;EGF;CAV1;KREMEN1;GNG11;CDC25A;PSMA5;H2BC12;P2RX7;H2BC15;RAD51;PSMC2;H2BC11;ELMO2;BCL2L1
Reactome_2022,APC/C:Cdc20 Mediated Degradation Of Securin R-HSA-174154,5/67,0.0005556717726770651,0.0035112707704507,0,0,8.16294458229942,61.18398606775132,CDC20;PSMA5;PSMD14;UBE2C;PSMC2
Reactome_2022,ESR-mediated Signaling R-HSA-8939211,8/188,0.0006243441343839183,0.0039114893205419,0,0,4.541666666666667,33.51209016742436,H2BC12;H2BC15;H2AC6;H2BC5;EGF;CAV1;H2BC11;GNG11
Reactome_2022,Signaling By Interleukins R-HSA-449147,13/453,0.0006661234011107618,0.0041378682458829,0,0,3.0588235294117645,22.37234424217549,PSMD14;BATF;LMNB1;PSMA5;MUC1;CASP3;PSMC2;TIFA;LCN2;BIRC5;ALPK1;JAK3;BCL2L1
Reactome_2022,HATs Acetylate Histones R-HSA-3214847,6/106,0.0006906224202832534,0.0042540019669548,0,0,6.092783505154639,44.34277452972727,H2AC11;H2BC12;H2BC15;H2AC6;H2BC5;H2BC11
Reactome_2022,Interleukin-4 And Interleukin-13 Signaling R-HSA-6785807,6/107,0.0007256543016025789,0.0044325383589557,0,0,6.032152699806063,43.60303471011706,MUC1;LCN2;BIRC5;JAK3;BCL2L1;BATF
Reactome_2022,CDK-mediated Phosphorylation And Removal Of Cdc6 R-HSA-69017,5/72,0.0007732638317856864,0.0046459212188435,0,0,7.55185610409491,54.10822023534692,PSMA5;PSMD14;UBE2C;PSMC2;CDC6
Reactome_2022,Cdc20:Phospho-APC/C Mediated Degradation Of Cyclin A R-HSA-174184,5/72,0.0007732638317856864,0.0046459212188435,0,0,7.55185610409491,54.10822023534692,CDC20;PSMA5;PSMD14;UBE2C;PSMC2
Reactome_2022,Generic Transcription Pathway R-HSA-212436,24/1190,0.0008407990904091311,0.0050106157176414,0,0,2.179245283018868,15.43157977802244,YWHAE;PCNA;RRM2;H2BC5;H2AC6;PSMD14;UBE2C;CAV1;ITGA2B;AURKB;PSMA5;H2BC12;TPX2;CCNB1;H2BC15;RAD51;PRDX1;PSMC2;H2BC11;E2F1;BIRC5;MYL9;E2F7;PF4
Reactome_2022,Initiation Of Nuclear Envelope (NE) Reformation R-HSA-2995383,3/19,0.0008481701801219675,0.0050137801776564,0,0,18.82994923857868,133.17348392535672,CCNB2;CCNB1;LMNB1
Reactome_2022,Positive Epigenetic Regulation Of rRNA Expression R-HSA-5250913,5/74,0.0008760638830943262,0.0050964668754614,0,0,7.332218506131549,51.61934285779443,H2BC12;H2BC15;H2AC6;H2BC5;H2BC11
Reactome_2022,NoRC Negatively Regulates rRNA Expression R-HSA-427413,5/74,0.0008760638830943262,0.0050964668754614,0,0,7.332218506131549,51.61934285779443,H2BC12;H2BC15;H2AC6;H2BC5;H2BC11
Reactome_2022,Immune System R-HSA-168256,34/1943,0.000886695266173055,0.0051176978748413,0,0,1.9195503859334664,13.490617753573623,PSMD14;ITGB5;KIF11;CLU;KIF15;LMNB1;CDC20;MUC1;RACGAP1;CASP3;TIFA;GBP2;JAK3;GBP1;CTSA;LAG3;UBE2C;GGH;KIF23;LILRB1;PPBP;PDCD1LG2;BATF;TREML1;PSMA5;P2RX7;PSMC2;LCN2;ELMO2;BIRC5;KIF20A;ALPK1;CFB;BCL2L1
Reactome_2022,G2/M DNA Replication Checkpoint R-HSA-69478,2/5,0.0009754681839454336,0.005586079522125,0,0,66.65656565656566,462.1028413784856,CCNB2;CCNB1
Reactome_2022,Transcriptional Regulation By Small RNAs R-HSA-5578749,5/76,0.0009887099209859827,0.0056180183882381,0,0,7.124954857349223,49.29834337305474,H2BC12;H2BC15;H2AC6;H2BC5;H2BC11
Reactome_2022,Negative Epigenetic Regulation Of rRNA Expression R-HSA-5250941,5/77,0.0010489037290013,0.0059142033335229,0,0,7.0256410256410255,48.19596578027063,H2BC12;H2BC15;H2AC6;H2BC5;H2BC11
Reactome_2022,RNA Polymerase I Promoter Clearance R-HSA-73854,5/78,0.001111774407674,0.0061737169759477,0,0,6.929048120828943,47.12998547368564,H2BC12;H2BC15;H2AC6;H2BC5;H2BC11
Reactome_2022,Nuclear Events Mediated By NFE2L2 R-HSA-9759194,5/78,0.001111774407674,0.0061737169759477,0,0,6.929048120828943,47.12998547368564,PSMA5;NQO1;PSMD14;PRDX1;PSMC2
Reactome_2022,RHO GTPases Activate PAKs R-HSA-5627123,3/21,0.0011471485105092,0.006322254572957,0,0,16.736040609137056,113.3109608085056,CTTN;MYL9;MYLK
Reactome_2022,Amyloid Fiber Formation R-HSA-977225,5/79,0.0011773948684188,0.0063928180633405,0,0,6.835065835065835,46.09876674157659,H2BC12;H2BC15;H2AC6;H2BC5;H2BC11
Reactome_2022,RNA Polymerase I Transcription R-HSA-73864,5/79,0.0011773948684188,0.0063928180633405,0,0,6.835065835065835,46.09876674157659,H2BC12;H2BC15;H2AC6;H2BC5;H2BC11
Reactome_2022,Processing Of DNA Double-Strand Break Ends R-HSA-5693607,5/80,0.0012458385137188,0.0067147031658522,0,0,6.743589743589744,45.1007672259829,H2BC12;H2BC15;H2BC5;H2BC11;CLSPN
Reactome_2022,HCMV Infection R-HSA-9609646,6/121,0.0013754871973422,0.0073593585084077,0,0,5.294038547736441,34.88214091728728,H2AC11;H2BC12;H2BC15;H2AC6;H2BC5;H2BC11
Reactome_2022,Cyclin E Associated Events During G1/S Transition R-HSA-69202,5/82,0.0013914912536232,0.007391036876129,0,0,6.567765567765568,43.19868504699028,PSMA5;PSMD14;PSMC2;E2F1;CDC25A
Reactome_2022,TP53 Regulates Transcription Of Cell Cycle Genes R-HSA-6791312,4/49,0.0014462766378052,0.0075032914401861,0,0,8.959183673469388,58.58197746978076,CCNB1;PCNA;E2F1;E2F7
Reactome_2022,RNA Polymerase II Transcription R-HSA-73857,25/1312,0.0014509384379812,0.0075032914401861,0,0,2.0549450549450547,13.43018533103531,YWHAE;PCNA;PSMD14;ITGA2B;AURKB;CCNB1;PRDX1;E2F1;E2F7;RRM2;H2BC5;H2AC6;UBE2C;CAV1;CPSF2;PSMA5;H2BC12;TPX2;H2BC15;RAD51;PSMC2;H2BC11;BIRC5;MYL9;PF4
Reactome_2022,Phosphorylation Of Emi1 R-HSA-176417,2/6,0.0014535707837741,0.0075032914401861,0,0,49.98989898989899,326.6206097208578,CDC20;CCNB1
Reactome_2022,NADE Modulates Death Signaling R-HSA-205025,2/6,0.0014535707837741,0.0075032914401861,0,0,49.98989898989899,326.6206097208578,YWHAE;CASP3
Reactome_2022,Cyclin A:Cdk2-associated Events At S Phase Entry R-HSA-69656,5/84,0.0015493286238675,0.0079402256730966,0,0,6.40084388185654,41.41303482134472,PSMA5;PSMD14;PSMC2;E2F1;CDC25A
Reactome_2022,Regulation Of Ornithine Decarboxylase (ODC) R-HSA-350562,4/50,0.0015598806233641,0.0079402256730966,0,0,8.763975155279503,56.64285082988862,PSMA5;NQO1;PSMD14;PSMC2
Reactome_2022,Ubiquitin Mediated Degradation Of Phosphorylated Cdc25A R-HSA-69601,4/51,0.0016795486223,0.0084322543845613,0,0,8.577073382544507,54.80089627367308,PSMA5;PSMD14;PSMC2;CDC25A
Reactome_2022,Nonhomologous End-Joining (NHEJ) R-HSA-5693571,4/51,0.0016795486223,0.0084322543845613,0,0,8.577073382544507,54.80089627367308,H2BC12;H2BC15;H2BC5;H2BC11
Reactome_2022,APC/C:Cdc20 Mediated Degradation Of Cyclin B R-HSA-174048,3/24,0.0017076659731305,0.008515096314998,0,0,14.343002175489485,91.40261395182884,CDC20;CCNB1;UBE2C
Reactome_2022,Cyclin A/B1/B2 Associated Events During G2/M Transition R-HSA-69273,3/25,0.0019263332020576,0.0095405556561367,0,0,13.690355329949238,85.59397680666795,CCNB2;CCNB1;CDC25A
Reactome_2022,"Activation Of NIMA Kinases NEK9, NEK6, NEK7 R-HSA-2980767",2/7,0.0020216133697869,0.0099452523493545,0,0,39.98989898989899,248.09171029141777,CCNB2;CCNB1
Reactome_2022,SCF-beta-TrCP Mediated Degradation Of Emi1 R-HSA-174113,4/54,0.0020765932331265,0.0101476189325451,0,0,8.061224489795919,49.79439807569174,CDC20;PSMA5;PSMD14;PSMC2
Reactome_2022,Switching Of Origins To A Post-Replicative State R-HSA-69052,5/90,0.0021019951537622,0.0102037248192566,0,0,5.947209653092006,36.66376433556312,PSMA5;PSMD14;UBE2C;PSMC2;CDC6
Reactome_2022,APC-Cdc20 Mediated Degradation Of Nek2A R-HSA-179409,3/26,0.0021616710096346,0.0104243740135673,0,0,13.094460384021188,80.35905008065508,CDC20;UBE2C;NEK2
Reactome_2022,Activation Of HOX Genes During Differentiation R-HSA-5619507,5/91,0.0022064516446075,0.0105707781405054,0,0,5.877757901013715,35.950540003303175,H2BC12;H2BC15;H2AC6;H2BC5;H2BC11
Reactome_2022,Intrinsic Pathway For Apoptosis R-HSA-109606,4/55,0.0022221695468688,0.0105769498562003,0,0,7.902761104441777,48.28011150302565,YWHAE;CASP3;E2F1;BCL2L1
Reactome_2022,Cellular Responses To Stress R-HSA-2262752,16/722,0.0025266879816679,0.0119487889713718,0,0,2.351767459046681,14.065558840485046,YWHAE;NQO1;H2BC5;H2AC6;PSMD14;UBE2C;HSPA2;LMNB1;PSMA5;H2BC12;H2BC15;PRDX1;PSMC2;H2BC11;E2F1;E2F2
Reactome_2022,UCH Proteinases R-HSA-5689603,5/95,0.0026623763793661,0.0125097556799705,0,0,5.615384615384615,33.29101085304574,H2AC11;PSMA5;H2AC6;PSMD14;PSMC2
Reactome_2022,Adaptive Immune System R-HSA-1280218,16/733,0.0029315918450808,0.0136577094516335,0,0,2.314353283609241,13.497793696846218,CTSA;LAG3;PSMD14;ITGB5;UBE2C;KIF23;LILRB1;KIF11;PDCD1LG2;KIF15;CDC20;TREML1;PSMA5;RACGAP1;PSMC2;KIF20A
Reactome_2022,Post-translational Protein Modification R-HSA-597592,25/1383,0.002943953742644,0.0136577094516335,0,0,1.9400378708184305,11.306544185070353,PCNA;PSMD14;AURKB;CDC20;H2AC11;MUC1;CLSPN;APOL1;DCAF13;MPDU1;CTSA;H2BC5;H2AC6;UBE2C;CDC25A;PSMA5;TTLL7;H2BC12;H2BC15;PSMC2;H2BC11;BIRC5;FAM20A;COPG1;DTL
Reactome_2022,Hedgehog Off State R-HSA-5610787,5/98,0.003046494595945,0.0139158068963187,0,0,5.433416046319272,31.47992845042133,PSMA5;PSMD14;PRKAR2B;SMOX;PSMC2
Reactome_2022,Cellular Responses To Stimuli R-HSA-8953897,16/736,0.0030509207398161,0.0139158068963187,0,0,2.3043478260869565,13.347501224204024,YWHAE;NQO1;H2BC5;H2AC6;PSMD14;UBE2C;HSPA2;LMNB1;PSMA5;H2BC12;H2BC15;PRDX1;PSMC2;H2BC11;E2F1;E2F2
Reactome_2022,Recruitment And ATM-mediated Phosphorylation Of Repair And Signal Proteins At DNA Double Strand Breaks R-HSA-5693565,4/60,0.0030565414874588,0.0139158068963187,0,0,7.19533527696793,41.66438194796197,H2BC12;H2BC15;H2BC5;H2BC11
Reactome_2022,DNA Double Strand Break Response R-HSA-5693606,4/61,0.0032458250655199,0.014686356623618,0,0,7.0687432867884,40.50662547348915,H2BC12;H2BC15;H2BC5;H2BC11
Reactome_2022,KEAP1-NFE2L2 Pathway R-HSA-9755511,5/100,0.0033238214487381,0.0149470007480065,0,0,5.318488529014845,30.350700013257832,PSMA5;NQO1;PSMD14;PRDX1;PSMC2
Reactome_2022,Metalloprotease DUBs R-HSA-5689901,3/31,0.00360273455,0.0161024660070122,0,0,10.753444525018129,60.49954695168429,H2AC11;PSMD14;H2AC6
Reactome_2022,Autodegradation Of Cdh1 By Cdh1:APC/C R-HSA-174084,4/63,0.0036480462723588,0.0162061691978124,0,0,6.828433068142512,38.33184278744158,PSMA5;PSMD14;UBE2C;PSMC2
Reactome_2022,Activation Of Pre-Replicative Complex R-HSA-68962,3/32,0.0039464456405227,0.0174261726174888,0,0,10.382110974969368,57.46436072810552,CDC45;MCM10;CDC6
Reactome_2022,"Platelet Activation, Signaling And Aggregation R-HSA-76002",8/254,0.0041367790080325,0.0181572395981307,0,0,3.311991869918699,18.17567421459369,SPARC;EGF;ITGB3;ITGA2B;PPBP;GNG11;CLU;PF4
Reactome_2022,Telomere C-strand (Lagging Strand) Synthesis R-HSA-174417,3/33,0.0043094538934011,0.0187057419469869,0,0,10.03553299492386,54.6629871343117,FEN1;PCNA;DSCC1
Reactome_2022,Integrin Cell Surface Interactions R-HSA-216083,4/66,0.004312783613971,0.0187057419469869,0,0,6.497037524687294,35.3839821166775,ITGB5;ITGB3;ITGA2B;ITGA7
Reactome_2022,G1/S DNA Damage Checkpoints R-HSA-69615,4/67,0.0045513311689118,0.0196242690988962,0,0,6.393586005830904,34.476360946346375,PSMA5;PSMD14;PSMC2;CDC25A
Reactome_2022,Gene Silencing By RNA R-HSA-211000,5/108,0.0046165456406343,0.0197890523659941,0,0,4.9034105053522525,26.371073964885344,H2BC12;H2BC15;H2AC6;H2BC5;H2BC11
Reactome_2022,Transcriptional Regulation By E2F6 R-HSA-8953750,3/34,0.0046920695585813,0.0199958545723261,0,0,9.711314884558703,52.07091984713094,RRM2;RAD51;E2F1
Reactome_2022,Cytokine Signaling In Immune System R-HSA-1280215,15/702,0.0047801199222585,0.0202533404798583,0,0,2.2557535701640505,12.05314469189969,PSMD14;BATF;LMNB1;PSMA5;MUC1;CASP3;PSMC2;TIFA;LCN2;BIRC5;ALPK1;GBP2;JAK3;GBP1;BCL2L1
Reactome_2022,Vesicle-mediated Transport R-HSA-5653656,14/637,0.0049803422302554,0.020932939416265,0,0,2.316902259272683,12.284810456511478,YWHAE;SPARC;EGF;KIF23;KIF11;KIF15;DAB2;KIF18B;RACGAP1;CTTN;KIFC1;KIF20A;COPG1;APOL1
Reactome_2022,Orc1 Removal From Chromatin R-HSA-68949,4/69,0.0050547479900121,0.020932939416265,0,0,6.196232339089482,32.76212791134876,PSMA5;PSMD14;PSMC2;CDC6
Reactome_2022,RHOB GTPase Cycle R-HSA-9013026,4/69,0.0050547479900121,0.020932939416265,0,0,6.196232339089482,32.76212791134876,RACGAP1;CAV1;ECT2;IQGAP3
Reactome_2022,Loss Of Nlp From Mitotic Centrosomes R-HSA-380259,4/69,0.0050547479900121,0.020932939416265,0,0,6.196232339089482,32.76212791134876,YWHAE;PRKAR2B;NEK2;TUBG1
Reactome_2022,Alpha-protein Kinase 1 Signaling Pathway R-HSA-9645460,2/11,0.0051570205394645,0.0211178550582543,0,0,22.21212121212121,117.00004466783103,TIFA;ALPK1
Reactome_2022,Establishment Of Sister Chromatid Cohesion R-HSA-2468052,2/11,0.0051570205394645,0.0211178550582543,0,0,22.21212121212121,117.00004466783103,CDCA5;ESCO2
Reactome_2022,Gene Expression (Transcription) R-HSA-74160,25/1449,0.0053483008202299,0.0217794694512698,0,0,1.8434991974317816,9.643300743965344,YWHAE;PCNA;PSMD14;ITGA2B;AURKB;CCNB1;PRDX1;E2F1;E2F7;RRM2;H2BC5;H2AC6;UBE2C;CAV1;CPSF2;PSMA5;H2BC12;TPX2;H2BC15;RAD51;PSMC2;H2BC11;BIRC5;MYL9;PF4
Reactome_2022,Aberrant Regulation Of Mitotic Cell Cycle Due To RB1 Defects R-HSA-9687139,3/36,0.0055172885597211,0.022343494554009,0,0,9.121827411167512,47.43230522818489,UBE2C;E2F1;E2F2
Reactome_2022,Interleukin-1 Signaling R-HSA-9020702,5/114,0.005795880075899,0.0233427477782086,0,0,4.632086567866384,23.85806188105049,PSMA5;PSMD14;TIFA;PSMC2;ALPK1
Reactome_2022,RAF/MAP Kinase Cascade R-HSA-5673001,8/271,0.0060663335595174,0.0242984836017829,0,0,3.0952154626109,15.80107766922982,PSMA5;PSMD14;EGF;ITGB3;PSMC2;ITGA2B;JAK3;BCL2L1
Reactome_2022,Epigenetic Regulation Of Gene Expression R-HSA-212165,5/116,0.0062321827707386,0.0248271194073447,0,0,4.548163548163548,23.095704770902916,H2BC12;H2BC15;H2AC6;H2BC5;H2BC11
Reactome_2022,Apoptotic Cleavage Of Cellular Proteins R-HSA-111465,3/38,0.0064242870484076,0.0253172172391549,0,0,8.599709934735316,43.40849457481817,CASP3;CLSPN;LMNB1
Reactome_2022,Diseases Of Mitotic Cell Cycle R-HSA-9675126,3/38,0.0064242870484076,0.0253172172391549,0,0,8.599709934735316,43.40849457481817,UBE2C;E2F1;E2F2
Reactome_2022,MAPK1/MAPK3 Signaling R-HSA-5684996,8/277,0.0068895307695934,0.0270054869203848,0,0,3.0252478314745974,15.058934349324902,PSMA5;PSMD14;EGF;ITGB3;PSMC2;ITGA2B;JAK3;BCL2L1
Reactome_2022,Estrogen-dependent Gene Expression R-HSA-9018519,5/119,0.0069291682629882,0.0270163847700554,0,0,4.427800269905533,22.01509154079102,H2BC12;H2BC15;H2AC6;H2BC5;H2BC11
Reactome_2022,Chk1/Chk2(Cds1) Mediated Inactivation Of Cyclin B:Cdk1 Complex R-HSA-75035,2/13,0.0072181010363148,0.0277008798932921,0,0,18.171717171717173,89.6077061786221,YWHAE;CCNB1
Reactome_2022,SARS-CoV-2 Targets Host Intracellular Signaling And Regulatory Pathways R-HSA-9755779,2/13,0.0072181010363148,0.0277008798932921,0,0,18.171717171717173,89.6077061786221,YWHAE;CAV1
Reactome_2022,Mitotic Telophase/Cytokinesis R-HSA-68884,2/13,0.0072181010363148,0.0277008798932921,0,0,18.171717171717173,89.6077061786221,KIF23;KIF20A
Reactome_2022,Metabolism Of Proteins R-HSA-392499,30/1890,0.0075325892901657,0.0287572289046432,0,0,1.7020872865275145,8.320681670661488,PCNA;PSMD14;SRP54;MRPL14;AURKB;CDC20;H2AC11;MUC1;CLSPN;APOL1;RGS6;DCAF13;MPDU1;CTSA;H2BC5;H2AC6;UBE2C;GNG11;CDC25A;PSMA5;TTLL7;H2BC12;H2BC15;PPA1;PSMC2;H2BC11;BIRC5;FAM20A;COPG1;DTL
Reactome_2022,Removal Of Flap Intermediate R-HSA-69166,2/14,0.0083660270881822,0.0314476813109619,0,0,16.656565656565657,79.67795051677446,FEN1;PCNA
Reactome_2022,TP53 Regulates Transcription Of Genes Involved In G1 Cell Cycle Arrest R-HSA-6804116,2/14,0.0083660270881822,0.0314476813109619,0,0,16.656565656565657,79.67795051677446,E2F1;E2F7
Reactome_2022,Golgi Cisternae Pericentriolar Stack Reorganization R-HSA-162658,2/14,0.0083660270881822,0.0314476813109619,0,0,16.656565656565657,79.67795051677446,CCNB2;CCNB1
Reactome_2022,Recruitment Of NuMA To Mitotic Centrosomes R-HSA-380320,4/80,0.0084964288884178,0.0317749100776034,0,0,5.296455424274973,25.254078548459987,YWHAE;PRKAR2B;NEK2;TUBG1
Reactome_2022,Centrosome Maturation R-HSA-380287,4/81,0.0088693778840417,0.033001289284277,0,0,5.227405247813411,24.700277159233604,YWHAE;PRKAR2B;NEK2;TUBG1
Reactome_2022,Transcriptional Regulation By TP53 R-HSA-3700989,9/354,0.0094965125183098,0.0347993872567825,0,0,2.6571818802640563,12.374046025588743,YWHAE;TPX2;CCNB1;PCNA;PRDX1;E2F1;BIRC5;AURKB;E2F7
Reactome_2022,Processive Synthesis On Lagging Strand R-HSA-69183,2/15,0.0095900084936835,0.0347993872567825,0,0,15.374514374514376,71.44588341233826,FEN1;PCNA
Reactome_2022,Depolymerisation Of Nuclear Lamina R-HSA-4419969,2/15,0.0095900084936835,0.0347993872567825,0,0,15.374514374514376,71.44588341233826,CCNB1;LMNB1
Reactome_2022,GRB2:SOS Provides Linkage To MAPK Signaling For Integrins R-HSA-354194,2/15,0.0095900084936835,0.0347993872567825,0,0,15.374514374514376,71.44588341233826,ITGB3;ITGA2B
Reactome_2022,p130Cas Linkage To MAPK Signaling For Integrins R-HSA-372708,2/15,0.0095900084936835,0.0347993872567825,0,0,15.374514374514376,71.44588341233826,ITGB3;ITGA2B
Reactome_2022,Platelet Homeostasis R-HSA-418346,4/83,0.0096469883387525,0.0348337066616039,0,0,5.094549212089899,23.6443607545466,P2RX7;GUCY1B1;PDE5A;GNG11
Reactome_2022,SUMOylation Of DNA Replication Proteins R-HSA-4615885,3/45,0.0102691253206439,0.0368983767648628,0,0,7.163886874546773,32.800668633723014,PCNA;BIRC5;AURKB
Reactome_2022,Hedgehog On State R-HSA-5632684,4/85,0.0104676198849292,0.0374281237836736,0,0,4.968253968253968,22.65259800022629,PSMA5;PSMD14;SMOX;PSMC2
Reactome_2022,Signaling By Hedgehog R-HSA-5358351,5/135,0.0115840016535314,0.0412188020001871,0,0,3.8796844181459567,17.296138661286985,PSMA5;PSMD14;PRKAR2B;SMOX;PSMC2
Reactome_2022,Regulation Of mRNA Stability By Proteins That Bind AU-rich Elements R-HSA-450531,4/88,0.0117810854608779,0.0417175634919011,0,0,4.790087463556851,21.274023659747563,PSMA5;PSMD14;PSMC2;ENPP2
Reactome_2022,Cross-presentation Of Soluble Exogenous Antigens (Endosomes) R-HSA-1236978,3/48,0.0122470965035044,0.0425893179207389,0,0,6.685279187817259,29.431716933517144,PSMA5;PSMD14;PSMC2
Reactome_2022,DNA Damage Bypass R-HSA-73893,3/48,0.0122470965035044,0.0425893179207389,0,0,6.685279187817259,29.431716933517144,PCNA;PCLAF;DTL
Reactome_2022,Aberrant Regulation Of Mitotic G1/S Transition In Cancer Due To RB1 Defects R-HSA-9659787,2/17,0.0122596808748648,0.0425893179207389,0,0,13.323232323232324,58.64139939765107,E2F1;E2F2
Reactome_2022,Removal Of Flap Intermediate From C-strand R-HSA-174437,2/17,0.0122596808748648,0.0425893179207389,0,0,13.323232323232324,58.64139939765107,FEN1;PCNA
Reactome_2022,Regulation Of Activated PAK-2p34 By Proteasome Mediated Degradation R-HSA-211733,3/49,0.0129514996055504,0.0447804208059833,0,0,6.539615978812624,28.42472661929245,PSMA5;PSMD14;PSMC2
Reactome_2022,Extension Of Telomeres R-HSA-180786,3/50,0.0136786260429923,0.0469332520874437,0,0,6.400151204233719,27.468942123223947,FEN1;PCNA;DSCC1
Reactome_2022,TP53 Regulates Transcription Of Genes Involved In G2 Cell Cycle Arrest R-HSA-6804114,2/18,0.0137022045657748,0.0469332520874437,0,0,12.48989898989899,53.58414643474309,CCNB1;PCNA
Reactome_2022,Autodegradation Of E3 Ubiquitin Ligase COP1 R-HSA-349425,3/51,0.0144285702203611,0.0485144127134163,0,0,6.266497461928934,26.5608314530226,PSMA5;PSMD14;PSMC2
Reactome_2022,GSK3B And BTRC:CUL1-mediated-degradation Of NFE2L2 R-HSA-9762114,3/51,0.0144285702203611,0.0485144127134163,0,0,6.266497461928934,26.5608314530226,PSMA5;PSMD14;PSMC2
Reactome_2022,Ubiquitin-dependent Degradation Of Cyclin D R-HSA-75815,3/51,0.0144285702203611,0.0485144127134163,0,0,6.266497461928934,26.5608314530226,PSMA5;PSMD14;PSMC2
Reactome_2022,Vpu Mediated Degradation Of CD4 R-HSA-180534,3/51,0.0144285702203611,0.0485144127134163,0,0,6.266497461928934,26.5608314530226,PSMA5;PSMD14;PSMC2
Reactome_2022,MAPK Family Signaling Cascades R-HSA-5683057,8/318,0.0149599782683554,0.0496634245792811,0,0,2.6196236559139785,11.00864556916716,PSMA5;PSMD14;EGF;ITGB3;PSMC2;ITGA2B;JAK3;BCL2L1
Reactome_2022,Apoptotic Execution Phase R-HSA-75153,3/52,0.0152014163710364,0.0496634245792811,0,0,6.1382989744121,25.69717025640832,CASP3;CLSPN;LMNB1
Reactome_2022,RHOD GTPase Cycle R-HSA-9013405,3/52,0.0152014163710364,0.0496634245792811,0,0,6.1382989744121,25.69717025640832,RACGAP1;CAV1;LMNB1
Reactome_2022,Regulation Of Apoptosis R-HSA-169911,3/52,0.0152014163710364,0.0496634245792811,0,0,6.1382989744121,25.69717025640832,PSMA5;PSMD14;PSMC2
Reactome_2022,Processive Synthesis On C-strand Of Telomere R-HSA-174414,2/19,0.0152144484017713,0.0496634245792811,0,0,11.754604872251932,49.19901329869125,FEN1;PCNA
Reactome_2022,RHO GTPases Activate CIT R-HSA-5625900,2/19,0.0152144484017713,0.0496634245792811,0,0,11.754604872251932,49.19901329869125,KIF14;MYL9
Reactome_2022,Metabolism Of Nucleotides R-HSA-15869,4/95,0.0152445709827261,0.0496634245792811,0,0,4.4200493384166855,18.491417143603503,RRM2;TK1;TYMS;GART
Reactome_2022,Vif-mediated Degradation Of APOBEC3G R-HSA-180585,3/53,0.0159972388139271,0.0511460701660286,0,0,6.01522842639594,24.875009582390742,PSMA5;PSMD14;PSMC2
Reactome_2022,Negative Regulation Of NOTCH4 Signaling R-HSA-9604323,3/53,0.0159972388139271,0.0511460701660286,0,0,6.01522842639594,24.875009582390742,PSMA5;PSMD14;PSMC2
Reactome_2022,Nuclear Envelope Breakdown R-HSA-2980766,3/53,0.0159972388139271,0.0511460701660286,0,0,6.01522842639594,24.875009582390742,CCNB2;CCNB1;LMNB1
Reactome_2022,Anchoring Of Basal Body To Plasma Membrane R-HSA-5620912,4/97,0.0163398709129806,0.0511460701660286,0,0,4.324555628703094,17.79185795383184,YWHAE;PRKAR2B;NEK2;TUBG1
Reactome_2022,Infectious Disease R-HSA-5663205,17/961,0.0164599161242023,0.0511460701660286,0,0,1.855561730110216,7.620471346421735,YWHAE;FEN1;H2BC5;H2AC6;PSMD14;CAV1;GNG11;H2AC11;PSMA5;H2BC12;P2RX7;H2BC15;PRKAR2B;PSMC2;H2BC11;ELMO2;JAK3
Reactome_2022,Phosphorylation Of APC/C R-HSA-176412,2/20,0.0167948882548689,0.0511460701660286,0,0,11.1010101010101,45.36628383483138,CCNB1;UBE2C
Reactome_2022,Conversion From APC/C:Cdc20 To APC/C:Cdh1 In Late Anaphase R-HSA-176407,2/20,0.0167948882548689,0.0511460701660286,0,0,11.1010101010101,45.36628383483138,CDC20;UBE2C
Reactome_2022,Diseases Associated With N-glycosylation Of Proteins R-HSA-3781860,2/20,0.0167948882548689,0.0511460701660286,0,0,11.1010101010101,45.36628383483138,CTSA;MPDU1
Reactome_2022,Signal Transduction By L1 R-HSA-445144,2/20,0.0167948882548689,0.0511460701660286,0,0,11.1010101010101,45.36628383483138,ITGB3;ITGA2B
Reactome_2022,Signaling By Hippo R-HSA-2028269,2/20,0.0167948882548689,0.0511460701660286,0,0,11.1010101010101,45.36628383483138,YWHAE;CASP3
Reactome_2022,Syndecan Interactions R-HSA-3000170,2/20,0.0167948882548689,0.0511460701660286,0,0,11.1010101010101,45.36628383483138,ITGB5;ITGB3
Reactome_2022,Lagging Strand Synthesis R-HSA-69186,2/20,0.0167948882548689,0.0511460701660286,0,0,11.1010101010101,45.36628383483138,FEN1;PCNA
Reactome_2022,AUF1 (hnRNP D0) Binds And Destabilizes mRNA R-HSA-450408,3/54,0.0168161021964705,0.0511460701660286,0,0,5.896984174380412,24.09164757699128,PSMA5;PSMD14;PSMC2
Reactome_2022,Regulation Of RUNX3 Expression And Activity R-HSA-8941858,3/54,0.0168161021964705,0.0511460701660286,0,0,5.896984174380412,24.09164757699128,PSMA5;PSMD14;PSMC2
Reactome_2022,Degradation Of AXIN R-HSA-4641257,3/54,0.0168161021964705,0.0511460701660286,0,0,5.896984174380412,24.09164757699128,PSMA5;PSMD14;PSMC2
Reactome_2022,FBXL7 Down-Regulates AURKA During Mitotic Entry And In Early Mitosis R-HSA-8854050,3/54,0.0168161021964705,0.0511460701660286,0,0,5.896984174380412,24.09164757699128,PSMA5;PSMD14;PSMC2
Reactome_2022,Degradation Of DVL R-HSA-4641258,3/55,0.0176580617409628,0.0530916673154058,0,0,5.783287778211636,23.34460456181631,PSMA5;PSMD14;PSMC2
Reactome_2022,Hh Mutants Are Degraded By ERAD R-HSA-5362768,3/55,0.0176580617409628,0.0530916673154058,0,0,5.783287778211636,23.34460456181631,PSMA5;PSMD14;PSMC2
Reactome_2022,Membrane Trafficking R-HSA-199991,12/599,0.017673078888075,0.0530916673154058,0,0,2.0892022182754,8.431420058916935,YWHAE;DAB2;KIF18B;RACGAP1;CTTN;KIFC1;EGF;KIF23;KIF20A;KIF11;COPG1;KIF15
Reactome_2022,PCNA-Dependent Long Patch Base Excision Repair R-HSA-5651801,2/21,0.0184420232483939,0.0540935411238944,0,0,10.516214779372676,41.9925427496273,FEN1;PCNA
Reactome_2022,Inactivation Of APC/C Via Direct Inhibition Of APC/C Complex R-HSA-141430,2/21,0.0184420232483939,0.0540935411238944,0,0,10.516214779372676,41.9925427496273,CDC20;UBE2C
Reactome_2022,Inflammasomes R-HSA-622312,2/21,0.0184420232483939,0.0540935411238944,0,0,10.516214779372676,41.9925427496273,P2RX7;BCL2L1
Reactome_2022,Nitric Oxide Stimulates Guanylate Cyclase R-HSA-392154,2/21,0.0184420232483939,0.0540935411238944,0,0,10.516214779372676,41.9925427496273,GUCY1B1;PDE5A
Reactome_2022,Interleukin-1 Family Signaling R-HSA-446652,5/152,0.0184798517236557,0.0540935411238944,0,0,3.4280481423338567,13.681594622050351,PSMA5;PSMD14;TIFA;PSMC2;ALPK1
Reactome_2022,Chemokine Receptors Bind Chemokines R-HSA-380108,3/56,0.018523163468073,0.0540935411238944,0,0,5.6738818120869645,22.631601044641528,CXCL9;PPBP;PF4
Reactome_2022,Stabilization Of P53 R-HSA-69541,3/56,0.018523163468073,0.0540935411238944,0,0,5.6738818120869645,22.631601044641528,PSMA5;PSMD14;PSMC2
Reactome_2022,E2F Mediated Regulation Of DNA Replication R-HSA-113510,2/22,0.0201543754357544,0.0586236396603493,0,0,9.98989898989899,39.00390099361183,CCNB1;E2F1
Reactome_2022,Hh Mutants Abrogate Ligand Secretion R-HSA-5387390,3/58,0.0203229330271079,0.05864846420815,0,0,5.467005076142132,21.29948088737429,PSMA5;PSMD14;PSMC2
Reactome_2022,NIK To Noncanonical NF-kB Signaling R-HSA-5676590,3/58,0.0203229330271079,0.05864846420815,0,0,5.467005076142132,21.29948088737429,PSMA5;PSMD14;PSMC2
Reactome_2022,Antigen processing-Cross Presentation R-HSA-1236975,4/104,0.0205564585653846,0.0590897416801057,0,0,4.020408163265306,15.617597552926842,PSMA5;PSMD14;ITGB5;PSMC2
Reactome_2022,SCF(Skp2)-mediated Degradation Of P27/P21 R-HSA-187577,3/59,0.0212576490223405,0.0601616090091722,0,0,5.369108049311095,20.676641778420727,PSMA5;PSMD14;PSMC2
Reactome_2022,Degradation Of GLI1 By Proteasome R-HSA-5610780,3/59,0.0212576490223405,0.0601616090091722,0,0,5.369108049311095,20.676641778420727,PSMA5;PSMD14;PSMC2
Reactome_2022,Degradation Of GLI2 By Proteasome R-HSA-5610783,3/59,0.0212576490223405,0.0601616090091722,0,0,5.369108049311095,20.676641778420727,PSMA5;PSMD14;PSMC2
Reactome_2022,GLI3 Is Processed To GLI3R By Proteasome R-HSA-5610785,3/59,0.0212576490223405,0.0601616090091722,0,0,5.369108049311095,20.676641778420727,PSMA5;PSMD14;PSMC2
Reactome_2022,RHOBTB1 GTPase Cycle R-HSA-9013422,2/23,0.02193048949736,0.0618271107752496,0,0,9.513708513708512,36.34120010270031,PDE5A;RHOBTB1
Reactome_2022,Defective CFTR Causes Cystic Fibrosis R-HSA-5678895,3/60,0.0222156039824466,0.0623909491154537,0,0,5.274646005877639,20.080368230600836,PSMA5;PSMD14;PSMC2
Reactome_2022,Dectin-1 Mediated Noncanonical NF-kB Signaling R-HSA-5607761,3/61,0.0231968013804758,0.0648979214194229,0,0,5.183441274286714,19.50912983009035,PSMA5;PSMD14;PSMC2
Reactome_2022,Asymmetric Localization Of PCP Proteins R-HSA-4608870,3/62,0.0242012368323431,0.0674505954300666,0,0,5.095328228512432,18.96150754157799,PSMA5;PSMD14;PSMC2
Reactome_2022,Polymerase Switching On C-strand Of Telomere R-HSA-174411,2/25,0.0256682933201663,0.0709994679384223,0,0,8.685551163812033,31.810820468950148,PCNA;DSCC1
Reactome_2022,Resolution Of AP Sites Via Multiple-Nucleotide Patch Replacement Pathway R-HSA-110373,2/25,0.0256682933201663,0.0709994679384223,0,0,8.685551163812033,31.810820468950148,FEN1;PCNA
Reactome_2022,Oxygen-dependent Proline Hydroxylation Of Hypoxia-inducible Factor Alpha R-HSA-1234176,3/64,0.0262797663190797,0.0721463247636158,0,0,4.927768993925272,17.931934435559224,PSMA5;PSMD14;PSMC2
Reactome_2022,Hedgehog Ligand Biogenesis R-HSA-5358346,3/64,0.0262797663190797,0.0721463247636158,0,0,4.927768993925272,17.931934435559224,PSMA5;PSMD14;PSMC2
Reactome_2022,Regulation Of RAS By GAPs R-HSA-5658442,3/65,0.0273538141573354,0.0745012587538601,0,0,4.848043229081382,17.447619395780233,PSMA5;PSMD14;PSMC2
Reactome_2022,p53-Dependent G1 DNA Damage Response R-HSA-69563,3/65,0.0273538141573354,0.0745012587538601,0,0,4.848043229081382,17.447619395780233,PSMA5;PSMD14;PSMC2
Reactome_2022,Extracellular Matrix Organization R-HSA-1474244,7/291,0.0274424827606306,0.0745012587538601,0,0,2.492373932715464,8.961736733531554,SPARC;ITGB5;ITGB3;CASP3;ITGA2B;MMP19;ITGA7
Reactome_2022,Activation Of NF-kappaB In B Cells R-HSA-1169091,3/66,0.0284510080327513,0.0769542025387702,0,0,4.7708484408992025,16.982177034654356,PSMA5;PSMD14;PSMC2
Reactome_2022,Regulation Of PTEN Stability And Activity R-HSA-8948751,3/67,0.0295713073395418,0.0795942237671398,0,0,4.696065989847716,16.534616995789808,PSMA5;PSMD14;PSMC2
Reactome_2022,Integrin Signaling R-HSA-354192,2/27,0.0296442334084981,0.0795942237671398,0,0,7.98989898989899,28.11236101024157,ITGB3;ITGA2B
Reactome_2022,Transcriptional Regulation By RUNX2 R-HSA-8878166,4/119,0.0316752226302636,0.0842368333576436,0,0,3.4933451641526174,12.059797873871938,PSMA5;CCNB1;PSMD14;PSMC2
Reactome_2022,Interconversion Of Nucleotide Di- And Triphosphates R-HSA-499943,2/28,0.0317180982356202,0.0842368333576436,0,0,7.682206682206682,26.51027997028578,RRM2;TYMS
Reactome_2022,Molecules Associated With Elastic Fibres R-HSA-2129379,2/28,0.0317180982356202,0.0842368333576436,0,0,7.682206682206682,26.51027997028578,ITGB5;ITGB3
Reactome_2022,Neddylation R-HSA-8951664,6/237,0.0322281906616632,0.085282540631766,0,0,2.620029455081001,8.999575130077547,PSMA5;PSMD14;PSMC2;BIRC5;DTL;DCAF13
Reactome_2022,Chromatin Modifying Enzymes R-HSA-3247509,6/238,0.0327975891711892,0.0864770966276319,0,0,2.6086029150373267,8.914640298793538,H2AC11;H2BC12;H2BC15;H2BC5;H2AC6;H2BC11
Reactome_2022,RHO GTPase Cycle R-HSA-9012999,9/441,0.0337629857384995,0.0886077930537954,0,0,2.112565445026178,7.15819599383807,RACGAP1;CAV1;KIF14;ELMO2;PDE5A;ECT2;IQGAP3;RHOBTB1;LMNB1
Reactome_2022,Activation Of G Protein Gated Potassium Channels R-HSA-1296041,2/29,0.0338474516440146,0.0886077930537954,0,0,7.397306397306397,25.046477343523872,KCNJ10;GNG11
Reactome_2022,Regulation Of RUNX2 Expression And Activity R-HSA-8939902,3/72,0.0355175071354049,0.0926488709261629,0,0,4.354667843743103,14.534703522115317,PSMA5;PSMD14;PSMC2
Reactome_2022,Activation Of BH3-only Proteins R-HSA-114452,2/30,0.0360309884965366,0.0933240797454464,0,0,7.132756132756133,23.70482996930019,YWHAE;E2F1
Reactome_2022,Recognition Of DNA Damage By PCNA-containing Replication Complex R-HSA-110314,2/30,0.0360309884965366,0.0933240797454464,0,0,7.132756132756133,23.70482996930019,PCNA;DTL
Reactome_2022,Cellular Response To Chemical Stress R-HSA-9711123,5/182,0.0363298735514335,0.0937668919478899,0,0,2.842677096914385,9.423801237706154,PSMA5;NQO1;PSMD14;PRDX1;PSMC2
Reactome_2022,RHOC GTPase Cycle R-HSA-9013106,3/73,0.0367752254746638,0.0939241821356397,0,0,4.292240754169688,14.17697453700434,RACGAP1;CAV1;IQGAP3
Reactome_2022,Cellular Response To Hypoxia R-HSA-1234174,3/73,0.0367752254746638,0.0939241821356397,0,0,4.292240754169688,14.17697453700434,PSMA5;PSMD14;PSMC2
Reactome_2022,Extra-nuclear Estrogen Signaling R-HSA-9009391,3/73,0.0367752254746638,0.0939241821356397,0,0,4.292240754169688,14.17697453700434,EGF;CAV1;GNG11
Reactome_2022,G Alpha (I) Signaling Events R-HSA-418594,7/312,0.0378444374445345,0.0963193494682076,0,0,2.3182706192134543,7.590646891658293,RGS18;CXCL9;PRKAR2B;PPBP;GNG11;RGS6;PF4
Reactome_2022,"Cell Death Signaling Via NRAGE, NRIF And NADE R-HSA-204998",3/74,0.0380555884306284,0.096521613562805,0,0,4.231572174161721,13.83177100318916,YWHAE;CASP3;ECT2
Reactome_2022,Cilium Assembly R-HSA-5617833,5/186,0.0393015741334146,0.0991401570365245,0,0,2.779288851112056,8.995142537647066,YWHAE;PRKAR2B;SMOX;NEK2;TUBG1
Reactome_2022,Nuclear Envelope (NE) Reassembly R-HSA-2995410,3/75,0.0393585070908985,0.0991401570365245,0,0,4.1725888324873095,13.498504866555718,CCNB2;CCNB1;LMNB1
Reactome_2022,Glucagon Signaling In Metabolic Regulation R-HSA-163359,2/32,0.0405554933220173,0.1014579406315313,0,0,6.656565656565657,21.334852328849312,PRKAR2B;GNG11
Reactome_2022,Termination Of Translesion DNA Synthesis R-HSA-5656169,2/32,0.0405554933220173,0.1014579406315313,0,0,6.656565656565657,21.334852328849312,PCNA;PCLAF
Reactome_2022,ABC Transporter Disorders R-HSA-5619084,3/77,0.0420316296186853,0.104793144593525,0,0,4.059404582247222,12.865604326296657,PSMA5;PSMD14;PSMC2
Reactome_2022,Oncogene Induced Senescence R-HSA-2559585,2/33,0.0428939515536669,0.1062204948947225,0,0,6.4415118931247966,20.28447846195992,E2F1;E2F2
Reactome_2022,Signaling By High-Kinase Activity BRAF Mutants R-HSA-6802948,2/33,0.0428939515536669,0.1062204948947225,0,0,6.4415118931247966,20.28447846195992,ITGB3;ITGA2B
Reactome_2022,FCERI Mediated NF-kB Activation R-HSA-2871837,3/78,0.0434016299293596,0.107115807199396,0,0,4.00507614213198,12.564958299367063,PSMA5;PSMD14;PSMC2
Reactome_2022,Downstream Signaling Events Of B Cell Receptor (BCR) R-HSA-1168372,3/79,0.044793779119631,0.1101806714586896,0,0,3.952177397809244,12.274222046062532,PSMA5;PSMD14;PSMC2
Reactome_2022,Muscle Contraction R-HSA-397014,5/196,0.0473638797466086,0.1158167961669914,0,0,2.632433883742784,8.02864791763926,GUCY1B1;ITGB5;PDE5A;MYL9;MYLK
Reactome_2022,Signaling By NOTCH4 R-HSA-9013694,3/81,0.047644064808467,0.1158167961669914,0,0,3.850449043342445,11.720756163276285,PSMA5;PSMD14;PSMC2
Reactome_2022,RHOBTB GTPase Cycle R-HSA-9706574,2/35,0.0477171520360592,0.1158167961669914,0,0,6.05050505050505,18.408446001894514,PDE5A;RHOBTB1
Reactome_2022,Inwardly Rectifying K+ Channels R-HSA-1296065,2/35,0.0477171520360592,0.1158167961669914,0,0,6.05050505050505,18.408446001894514,KCNJ10;GNG11
Reactome_2022,Activation Of NOXA And Translocation To Mitochondria R-HSA-111448,1/5,0.049014519870416,0.117795551032836,0,0,24.86934673366834,74.99696447567176,E2F1
Reactome_2022,G2 Phase R-HSA-68911,1/5,0.049014519870416,0.117795551032836,0,0,24.86934673366834,74.99696447567176,E2F1
Reactome_2022,NOSTRIN Mediated eNOS Trafficking R-HSA-203641,1/5,0.049014519870416,0.117795551032836,0,0,24.86934673366834,74.99696447567176,CAV1
Reactome_2022,Platelet Aggregation (Plug Formation) R-HSA-76009,2/36,0.0501995008461569,0.1198574401310522,0,0,5.872251931075461,17.568310863627904,ITGB3;ITGA2B
Reactome_2022,Nuclear Pore Complex (NPC) Disassembly R-HSA-3301854,2/36,0.0501995008461569,0.1198574401310522,0,0,5.872251931075461,17.568310863627904,CCNB2;CCNB1
Reactome_2022,Degradation Of Beta-Catenin By Destruction Complex R-HSA-195253,3/84,0.0520826238943719,0.1239498808914761,0,0,3.707275803722504,10.954717877625804,PSMA5;PSMD14;PSMC2
Reactome_2022,Cooperation Of PDCL (PhLP1) And TRiC/CCT In G-protein Beta Folding R-HSA-6814122,2/37,0.0527274511453542,0.1246749086759505,0,0,5.704184704184704,16.785242657704043,GNG11;RGS6
Reactome_2022,MAP2K And MAPK Activation R-HSA-5674135,2/37,0.0527274511453542,0.1246749086759505,0,0,5.704184704184704,16.785242657704043,ITGB3;ITGA2B
Reactome_2022,C-type Lectin Receptors (CLRs) R-HSA-5621481,4/141,0.0533069082548428,0.1256397548257228,0,0,2.929092805005214,8.58719016819202,PSMA5;MUC1;PSMD14;PSMC2
Reactome_2022,Beta-catenin Independent WNT Signaling R-HSA-3858494,4/142,0.0544414921275498,0.1279026081073527,0,0,2.907719609582964,8.463292126596956,PSMA5;PSMD14;PSMC2;GNG11
Reactome_2022,Resolution Of Abasic Sites (AP Sites) R-HSA-73933,2/38,0.0552998529270401,0.1290916948901925,0,0,5.545454545454546,16.054007893661755,FEN1;PCNA
Reactome_2022,Signaling By RAF1 Mutants R-HSA-9656223,2/38,0.0552998529270401,0.1290916948901925,0,0,5.545454545454546,16.054007893661755,ITGB3;ITGA2B
Reactome_2022,Elastic Fibre Formation R-HSA-1566948,2/39,0.0579155744332589,0.1336451515507974,0,0,5.395304395304395,15.369975594462096,ITGB5;ITGB3
Reactome_2022,Translesion Synthesis By Y Family DNA Polymerases Bypasses Lesions On DNA Template R-HSA-110313,2/39,0.0579155744332589,0.1336451515507974,0,0,5.395304395304395,15.369975594462096,PCNA;PCLAF
Reactome_2022,PCP/CE Pathway R-HSA-4086400,3/88,0.0582996390300356,0.1336451515507974,0,0,3.532099134069872,10.038788675236006,PSMA5;PSMD14;PSMC2
Reactome_2022,Activation Of C3 And C5 R-HSA-174577,1/6,0.0585267307609904,0.1336451515507974,0,0,19.894472361809044,56.46591775214154,CFB
Reactome_2022,Activation Of Caspases Thru Apoptosome-Mediated Cleavage R-HSA-111459,1/6,0.0585267307609904,0.1336451515507974,0,0,19.894472361809044,56.46591775214154,CASP3
Reactome_2022,Signaling By LRP5 Mutants R-HSA-5339717,1/6,0.0585267307609904,0.1336451515507974,0,0,19.894472361809044,56.46591775214154,KREMEN1
Reactome_2022,Metal Sequestration By Antimicrobial Proteins R-HSA-6799990,1/6,0.0585267307609904,0.1336451515507974,0,0,19.894472361809044,56.46591775214154,LCN2
Reactome_2022,ER-Phagosome Pathway R-HSA-1236974,3/89,0.0599063264776533,0.1363706127581363,0,0,3.490851139180734,9.82665226973149,PSMA5;PSMD14;PSMC2
Reactome_2022,RHOA GTPase Cycle R-HSA-8980692,4/147,0.0603095808388597,0.1368635379408178,0,0,2.805337519623234,7.878129210447092,RACGAP1;CAV1;ECT2;IQGAP3
Reactome_2022,MAPK6/MAPK4 Signaling R-HSA-5687128,3/90,0.0615336873024211,0.1392104715823292,0,0,3.450551374059163,9.62072552614985,PSMA5;PSMD14;PSMC2
Reactome_2022,CDC42 GTPase Cycle R-HSA-9013148,4/149,0.0627473419326677,0.1413986928413874,0,0,2.7663617171006334,7.659057108220177,RACGAP1;CAV1;ECT2;IQGAP3
Reactome_2022,Paradoxical Activation Of RAF Signaling By Kinase Inactive BRAF R-HSA-6802955,2/41,0.0632725392250683,0.1413986928413874,0,0,5.118104118104118,14.127522570834804,ITGB3;ITGA2B
Reactome_2022,Binding And Uptake Of Ligands By Scavenger Receptors R-HSA-2173782,2/41,0.0632725392250683,0.1413986928413874,0,0,5.118104118104118,14.127522570834804,SPARC;APOL1
Reactome_2022,Non-integrin membrane-ECM Interactions R-HSA-3000171,2/41,0.0632725392250683,0.1413986928413874,0,0,5.118104118104118,14.127522570834804,ITGB5;ITGB3
Reactome_2022,Diseases Of Signal Transduction By Growth Factor Receptors And Second Messengers R-HSA-5663202,8/424,0.0636749381782363,0.1418654397709642,0,0,1.9415064102564104,5.34683920424457,PSMA5;PSMD14;EGF;ITGB3;PSMC2;ITGA2B;KREMEN1;BCL2L1
Reactome_2022,Activation Of GABAB Receptors R-HSA-991365,2/42,0.0660116079502312,0.1448697863099385,0,0,4.98989898989899,13.5621695873434,KCNJ10;GNG11
Reactome_2022,RHOF GTPase Cycle R-HSA-9035034,2/42,0.0660116079502312,0.1448697863099385,0,0,4.98989898989899,13.5621695873434,CAV1;LMNB1
Reactome_2022,RND1 GTPase Cycle R-HSA-9696273,2/42,0.0660116079502312,0.1448697863099385,0,0,4.98989898989899,13.5621695873434,CAV1;KIF14
Reactome_2022,Glucagon-like Peptide-1 (GLP1) Regulates Insulin Secretion R-HSA-381676,2/42,0.0660116079502312,0.1448697863099385,0,0,4.98989898989899,13.5621695873434,PRKAR2B;GNG11
Reactome_2022,Vasopressin Regulates Renal Water Homeostasis Via Aquaporins R-HSA-432040,2/42,0.0660116079502312,0.1448697863099385,0,0,4.98989898989899,13.5621695873434,PRKAR2B;GNG11
Reactome_2022,VEGFA-VEGFR2 Pathway R-HSA-4420097,3/93,0.0665382374289198,0.1455896359265618,0,0,3.33502538071066,9.037847070802028,ITGB3;CAV1;ELMO2
Reactome_2022,SMAC (DIABLO) Binds To IAPs R-HSA-111463,1/7,0.0679442688885301,0.1477838252085833,0,0,16.57788944723618,44.57906348265406,CASP3
Reactome_2022,Terminal Pathway Of Complement R-HSA-166665,1/7,0.0679442688885301,0.1477838252085833,0,0,16.57788944723618,44.57906348265406,CLU
Reactome_2022,Downstream TCR Signaling R-HSA-202424,3/94,0.0682467043328599,0.148002468272149,0,0,3.298209404808389,8.854459164365215,PSMA5;PSMD14;PSMC2
Reactome_2022,RND2 GTPase Cycle R-HSA-9696270,2/43,0.0687896467784887,0.1483023855548007,0,0,4.867947770386794,13.030045670347697,CAV1;KIF14
Reactome_2022,GPER1 Signaling R-HSA-9634597,2/43,0.0687896467784887,0.1483023855548007,0,0,4.867947770386794,13.030045670347697,PRKAR2B;GNG11
Reactome_2022,Transcriptional Regulation By RUNX3 R-HSA-8878159,3/95,0.0699750364747784,0.1499757360702123,0,0,3.2621937762083424,8.676185118672581,PSMA5;PSMD14;PSMC2
Reactome_2022,P75 NTR Receptor-Mediated Signaling R-HSA-193704,3/95,0.0699750364747784,0.1499757360702123,0,0,3.2621937762083424,8.676185118672581,YWHAE;CASP3;ECT2
Reactome_2022,TGF-beta Receptor Signaling Activates SMADs R-HSA-2173789,2/44,0.0716056114889121,0.1530230706162467,0,0,4.751803751803752,12.52851945708889,ITGB5;ITGB3
Reactome_2022,Regulation Of Complement Cascade R-HSA-977606,2/45,0.0744584746361064,0.1581972808935246,0,0,4.641061780596664,12.055221541075596,CLU;CFB
Reactome_2022,TAK1-dependent IKK And NF-kappa-B Activation R-HSA-445989,2/45,0.0744584746361064,0.1581972808935246,0,0,4.641061780596664,12.055221541075596,TIFA;ALPK1
Reactome_2022,CLEC7A (Dectin-1) Signaling R-HSA-5607764,3/99,0.0770835823208496,0.1609019780987936,0,0,3.125634517766497,8.010579186959143,PSMA5;PSMD14;PSMC2
Reactome_2022,POLB-Dependent Long Patch Base Excision Repair R-HSA-110362,1/8,0.0772680713380291,0.1609019780987936,0,0,14.208901651112706,36.38152974515558,FEN1
Reactome_2022,CDC6 Association With ORC:origin Complex R-HSA-68689,1/8,0.0772680713380291,0.1609019780987936,0,0,14.208901651112706,36.38152974515558,CDC6
Reactome_2022,Regulation Of Cytoskeletal Remodeling And Cell Spreading By IPP Complex Components R-HSA-446388,1/8,0.0772680713380291,0.1609019780987936,0,0,14.208901651112706,36.38152974515558,LIMS1
Reactome_2022,Cross-presentation Of Particulate Exogenous Antigens (Phagosomes) R-HSA-1236973,1/8,0.0772680713380291,0.1609019780987936,0,0,14.208901651112706,36.38152974515558,ITGB5
Reactome_2022,"SMAC, XIAP-regulated Apoptotic Response R-HSA-111469",1/8,0.0772680713380291,0.1609019780987936,0,0,14.208901651112706,36.38152974515558,CASP3
Reactome_2022,Inhibition Of Signaling By Overexpressed EGFR R-HSA-5638303,1/8,0.0772680713380291,0.1609019780987936,0,0,14.208901651112706,36.38152974515558,EGF
Reactome_2022,TNFR2 Non-Canonical NF-kB Pathway R-HSA-5668541,3/100,0.0789086435328542,0.1638527923784196,0,0,3.0932544874143075,7.855209980826792,PSMA5;PSMD14;PSMC2
Reactome_2022,Cyclin D Associated Events In G1 R-HSA-69231,2/47,0.0802708691611082,0.1662105850143851,0,0,4.434343434343434,11.184959505346583,E2F1;E2F2
Reactome_2022,ABC-family Proteins Mediated Transport R-HSA-382556,3/102,0.0826150134639867,0.1701033844637704,0,0,3.030456852791878,7.5566376689451715,PSMA5;PSMD14;PSMC2
Reactome_2022,Signaling By VEGF R-HSA-194138,3/102,0.0826150134639867,0.1701033844637704,0,0,3.030456852791878,7.5566376689451715,CAV1;ITGB3;ELMO2
Reactome_2022,RMTs Methylate Histone Arginines R-HSA-3214858,2/49,0.0862189382580095,0.1737090833424265,0,0,4.24521813883516,10.404458354124063,H2AC11;H2AC6
Reactome_2022,Signaling By NOTCH3 R-HSA-9012852,2/49,0.0862189382580095,0.1737090833424265,0,0,4.24521813883516,10.404458354124063,EGF;DLGAP5
Reactome_2022,Activation Of PUMA And Translocation To Mitochondria R-HSA-139915,1/9,0.0864990660572792,0.1737090833424265,0,0,12.4321608040201,30.429226090981548,E2F1
Reactome_2022,BH3-only Proteins Associate With And Inactivate Anti-Apoptotic BCL-2 Members R-HSA-111453,1/9,0.0864990660572792,0.1737090833424265,0,0,12.4321608040201,30.429226090981548,BCL2L1
Reactome_2022,E2F-enabled Inhibition Of Pre-Replication Complex Formation R-HSA-113507,1/9,0.0864990660572792,0.1737090833424265,0,0,12.4321608040201,30.429226090981548,CCNB1
Reactome_2022,EGFR Interacts With Phospholipase C-gamma R-HSA-212718,1/9,0.0864990660572792,0.1737090833424265,0,0,12.4321608040201,30.429226090981548,EGF
Reactome_2022,Formation Of Annular Gap Junctions R-HSA-196025,1/9,0.0864990660572792,0.1737090833424265,0,0,12.4321608040201,30.429226090981548,DAB2
Reactome_2022,Interleukin-9 Signaling R-HSA-8985947,1/9,0.0864990660572792,0.1737090833424265,0,0,12.4321608040201,30.429226090981548,JAK3
Reactome_2022,NR1H2 And NR1H3 Regulate Gene Expression Linked To Lipogenesis R-HSA-9029558,1/9,0.0864990660572792,0.1737090833424265,0,0,12.4321608040201,30.429226090981548,SCD
Reactome_2022,Aquaporin-mediated Transport R-HSA-445717,2/50,0.0892414542606553,0.1787267376313124,0,0,4.156565656565657,10.043965211617904,PRKAR2B;GNG11
Reactome_2022,Signaling By Non-Receptor Tyrosine Kinases R-HSA-9006927,2/52,0.0953787922697506,0.186443564142027,0,0,3.98989898989899,9.375859760148904,EGF;ELMO2
Reactome_2022,Purine Ribonucleoside Monophosphate Biosynthesis R-HSA-73817,1/10,0.0956381720564831,0.186443564142027,0,0,11.050251256281408,25.93696464958489,GART
Reactome_2022,Caspase Activation Via Dependence Receptors In Absence Of Ligand R-HSA-418889,1/10,0.0956381720564831,0.186443564142027,0,0,11.050251256281408,25.93696464958489,CASP3
Reactome_2022,STAT5 Activation Downstream Of FLT3 ITD Mutants R-HSA-9702518,1/10,0.0956381720564831,0.186443564142027,0,0,11.050251256281408,25.93696464958489,BCL2L1
Reactome_2022,Gap Junction Degradation R-HSA-190873,1/10,0.0956381720564831,0.186443564142027,0,0,11.050251256281408,25.93696464958489,DAB2
Reactome_2022,Glucocorticoid Biosynthesis R-HSA-194002,1/10,0.0956381720564831,0.186443564142027,0,0,11.050251256281408,25.93696464958489,HSD11B1
Reactome_2022,HuR (ELAVL1) Binds And Stabilizes mRNA R-HSA-450520,1/10,0.0956381720564831,0.186443564142027,0,0,11.050251256281408,25.93696464958489,ENPP2
Reactome_2022,Zinc Influx Into Cells By SLC39 Gene Family R-HSA-442380,1/10,0.0956381720564831,0.186443564142027,0,0,11.050251256281408,25.93696464958489,SLC39A8
Reactome_2022,Interleukin-21 Signaling R-HSA-9020958,1/10,0.0956381720564831,0.186443564142027,0,0,11.050251256281408,25.93696464958489,JAK3
Reactome_2022,MASTL Facilitates Mitotic Progression R-HSA-2465910,1/10,0.0956381720564831,0.186443564142027,0,0,11.050251256281408,25.93696464958489,CCNB1
Reactome_2022,Innate Immune System R-HSA-168249,15/1035,0.0961167649375934,0.1864656427220071,0,0,1.492845786963434,3.4965307506210124,CTSA;PSMD14;GGH;PPBP;CLU;PSMA5;P2RX7;MUC1;PSMC2;TIFA;LCN2;ELMO2;ALPK1;CFB;BCL2L1
Reactome_2022,Signaling By B Cell Receptor (BCR) R-HSA-983705,3/109,0.0961582714173515,0.1864656427220071,0,0,2.829326692845513,6.625603466421482,PSMA5;PSMD14;PSMC2
Reactome_2022,"Nucleotide-binding Domain, Leucine Rich Repeat Containing NLR Signaling Pathways R-HSA-168643",2/53,0.0984917971521169,0.190486773911614,0,0,3.9114676173499694,9.065929283683165,P2RX7;BCL2L1
Reactome_2022,RHOJ GTPase Cycle R-HSA-9013409,2/54,0.1016331727713355,0.1960450411615497,0,0,3.836052836052836,8.77069478933889,CAV1;IQGAP3
Reactome_2022,RAC1 GTPase Cycle R-HSA-9013149,4/178,0.1036693890276315,0.1985010357989948,0,0,2.3019000703729766,5.217367910182412,RACGAP1;CAV1;ECT2;IQGAP3
Reactome_2022,Apoptotic Cleavage Of Cell Adhesion Proteins R-HSA-351906,1/11,0.1046862992439068,0.1985010357989948,0,0,9.944723618090451,22.4431232477853,CASP3
Reactome_2022,Pyrimidine Salvage R-HSA-73614,1/11,0.1046862992439068,0.1985010357989948,0,0,9.944723618090451,22.4431232477853,TK1
Reactome_2022,RHO GTPases Activate IQGAPs R-HSA-5626467,1/11,0.1046862992439068,0.1985010357989948,0,0,9.944723618090451,22.4431232477853,IQGAP3
Reactome_2022,Carnitine Metabolism R-HSA-200425,1/11,0.1046862992439068,0.1985010357989948,0,0,9.944723618090451,22.4431232477853,CPT1A
Reactome_2022,eNOS Activation R-HSA-203615,1/11,0.1046862992439068,0.1985010357989948,0,0,9.944723618090451,22.4431232477853,CAV1
Reactome_2022,Complement Cascade R-HSA-166658,2/55,0.1048020475500832,0.1985010357989948,0,0,3.763483895559368,8.489222766072233,CLU;CFB
Reactome_2022,TCR Signaling R-HSA-202403,3/116,0.1105391091889974,0.2088277500915853,0,0,2.6531153137774584,5.843183735135943,PSMA5;PSMD14;PSMC2
Reactome_2022,Signaling By ERBB4 R-HSA-1236394,2/57,0.111218880351375,0.2095718233870382,0,0,3.6262626262626254,7.964197874788815,SPARC;EGF
Reactome_2022,PECAM1 Interactions R-HSA-210990,1/12,0.1136443487055952,0.2098269712876607,0,0,9.040201005025123,19.659557478207127,ITGB3
Reactome_2022,CREB1 Phosphorylation Thru Activation Of Adenylate Cyclase R-HSA-442720,1/12,0.1136443487055952,0.2098269712876607,0,0,9.040201005025123,19.659557478207127,PRKAR2B
Reactome_2022,Caspase-mediated Cleavage Of Cytoskeletal Proteins R-HSA-264870,1/12,0.1136443487055952,0.2098269712876607,0,0,9.040201005025123,19.659557478207127,CASP3
Reactome_2022,Scavenging Of Heme From Plasma R-HSA-2168880,1/12,0.1136443487055952,0.2098269712876607,0,0,9.040201005025123,19.659557478207127,APOL1
Reactome_2022,GRB2 Events In EGFR Signaling R-HSA-179812,1/12,0.1136443487055952,0.2098269712876607,0,0,9.040201005025123,19.659557478207127,EGF
Reactome_2022,HDR Thru MMEJ (alt-NHEJ) R-HSA-5685939,1/12,0.1136443487055952,0.2098269712876607,0,0,9.040201005025123,19.659557478207127,FEN1
Reactome_2022,Hyaluronan Uptake And Degradation R-HSA-2160916,1/12,0.1136443487055952,0.2098269712876607,0,0,9.040201005025123,19.659557478207127,HMMR
Reactome_2022,Interleukin-2 Signaling R-HSA-9020558,1/12,0.1136443487055952,0.2098269712876607,0,0,9.040201005025123,19.659557478207127,JAK3
Reactome_2022,RHOQ GTPase Cycle R-HSA-9013406,2/59,0.1177356082636544,0.2162912302186936,0,0,3.4986709197235517,7.484754897547597,CAV1;IQGAP3
Reactome_2022,GABA Receptor Activation R-HSA-977443,2/59,0.1177356082636544,0.2162912302186936,0,0,3.4986709197235517,7.484754897547597,KCNJ10;GNG11
Reactome_2022,Nucleotide Biosynthesis R-HSA-8956320,1/13,0.1225132126107664,0.2211876473982556,0,0,8.28643216080402,17.397665920944878,GART
Reactome_2022,"PTK6 Regulates RHO GTPases, RAS GTPase And MAP Kinases R-HSA-8849471",1/13,0.1225132126107664,0.2211876473982556,0,0,8.28643216080402,17.397665920944878,ELMO2
Reactome_2022,Apoptosis Induced DNA Fragmentation R-HSA-140342,1/13,0.1225132126107664,0.2211876473982556,0,0,8.28643216080402,17.397665920944878,CASP3
Reactome_2022,Cytochrome C-Mediated Apoptotic Response R-HSA-111461,1/13,0.1225132126107664,0.2211876473982556,0,0,8.28643216080402,17.397665920944878,CASP3
Reactome_2022,SHC1 Events In EGFR Signaling R-HSA-180336,1/13,0.1225132126107664,0.2211876473982556,0,0,8.28643216080402,17.397665920944878,EGF
Reactome_2022,ERBB2 Activates PTK6 Signaling R-HSA-8847993,1/13,0.1225132126107664,0.2211876473982556,0,0,8.28643216080402,17.397665920944878,EGF
Reactome_2022,Inhibition Of Replication Initiation Of Damaged DNA By RB1/E2F1 R-HSA-113501,1/13,0.1225132126107664,0.2211876473982556,0,0,8.28643216080402,17.397665920944878,E2F1
Reactome_2022,Signaling By BRAF And RAF1 Fusions R-HSA-6802952,2/62,0.1276839186856092,0.2299565415148687,0,0,3.323232323232323,6.839868307696459,ITGB3;ITGA2B
Reactome_2022,Constitutive Signaling By EGFRvIII R-HSA-5637810,1/14,0.1312937743788508,0.2324597502891247,0,0,7.648627754155393,15.529145947074284,EGF
Reactome_2022,DCC Mediated Attractive Signaling R-HSA-418885,1/14,0.1312937743788508,0.2324597502891247,0,0,7.648627754155393,15.529145947074284,ABLIM3
Reactome_2022,TP53 Regulates Transcription Of Additional Cell Death Genes With Uncertain Roles In P53-Dependent Apoptosis R-HSA-6803205,1/14,0.1312937743788508,0.2324597502891247,0,0,7.648627754155393,15.529145947074284,BIRC5
Reactome_2022,Interleukin-15 Signaling R-HSA-8983432,1/14,0.1312937743788508,0.2324597502891247,0,0,7.648627754155393,15.529145947074284,JAK3
Reactome_2022,Leading Strand Synthesis R-HSA-69109,1/14,0.1312937743788508,0.2324597502891247,0,0,7.648627754155393,15.529145947074284,PCNA
Reactome_2022,Mismatch Repair (MMR) Directed By MSH2:MSH3 (MutSbeta) R-HSA-5358606,1/14,0.1312937743788508,0.2324597502891247,0,0,7.648627754155393,15.529145947074284,PCNA
Reactome_2022,Mismatch Repair (MMR) Directed By MSH2:MSH6 (MutSalpha) R-HSA-5358565,1/14,0.1312937743788508,0.2324597502891247,0,0,7.648627754155393,15.529145947074284,PCNA
Reactome_2022,Peptide Ligand-Binding Receptors R-HSA-375276,4/196,0.1338866309236116,0.2364792782337525,0,0,2.084183673469388,4.19079707112378,CXCL9;KEL;PPBP;PF4
Reactome_2022,Activation Of BAD And Translocation To Mitochondria R-HSA-111447,1/15,0.139986908731619,0.2408694931931379,0,0,7.101938262742283,13.963876250165317,YWHAE
Reactome_2022,Signaling By ERBB2 ECD Mutants R-HSA-9665348,1/15,0.139986908731619,0.2408694931931379,0,0,7.101938262742283,13.963876250165317,EGF
Reactome_2022,EPHA-mediated Growth Cone Collapse R-HSA-3928663,1/15,0.139986908731619,0.2408694931931379,0,0,7.101938262742283,13.963876250165317,MYL9
Reactome_2022,ERBB2 Regulates Cell Motility R-HSA-6785631,1/15,0.139986908731619,0.2408694931931379,0,0,7.101938262742283,13.963876250165317,EGF
Reactome_2022,Signaling By FLT3 ITD And TKD Mutants R-HSA-9703648,1/15,0.139986908731619,0.2408694931931379,0,0,7.101938262742283,13.963876250165317,BCL2L1
Reactome_2022,Elevation Of Cytosolic Ca2+ Levels R-HSA-139853,1/15,0.139986908731619,0.2408694931931379,0,0,7.101938262742283,13.963876250165317,P2RX7
Reactome_2022,GRB2 Events In ERBB2 Signaling R-HSA-1963640,1/15,0.139986908731619,0.2408694931931379,0,0,7.101938262742283,13.963876250165317,EGF
Reactome_2022,cGMP Effects R-HSA-418457,1/15,0.139986908731619,0.2408694931931379,0,0,7.101938262742283,13.963876250165317,PDE5A
Reactome_2022,Metabolism Of Nitric Oxide: NOS3 Activation And Regulation R-HSA-202131,1/15,0.139986908731619,0.2408694931931379,0,0,7.101938262742283,13.963876250165317,CAV1
Reactome_2022,Mismatch Repair R-HSA-5358508,1/15,0.139986908731619,0.2408694931931379,0,0,7.101938262742283,13.963876250165317,PCNA
Reactome_2022,Negative Regulation Of TCF-dependent Signaling By WNT Ligand Antagonists R-HSA-3772470,1/15,0.139986908731619,0.2408694931931379,0,0,7.101938262742283,13.963876250165317,KREMEN1
Reactome_2022,Fc Epsilon Receptor (FCERI) Signaling R-HSA-2454202,3/130,0.1415370182821212,0.2423986785065301,0,0,2.3589671849394462,4.612238445645575,PSMA5;PSMD14;PSMC2
Reactome_2022,Host Interactions Of HIV Factors R-HSA-162909,3/130,0.1415370182821212,0.2423986785065301,0,0,2.3589671849394462,4.612238445645575,PSMA5;PSMD14;PSMC2
Reactome_2022,Organelle Biogenesis And Maintenance R-HSA-1852241,5/275,0.1423260201169462,0.2431817546520316,0,0,1.8547008547008548,3.6159895833650615,YWHAE;PRKAR2B;SMOX;NEK2;TUBG1
Reactome_2022,HDR Thru Homologous Recombination (HRR) R-HSA-5685942,2/67,0.1446753520694938,0.2466210071324162,0,0,3.0668220668220667,5.928973623253177,PCNA;RAD51
Reactome_2022,PI3K Events In ERBB2 Signaling R-HSA-1963642,1/16,0.1485934818111902,0.2486735665926996,0,0,6.628140703517588,12.636822082241835,EGF
Reactome_2022,PKA Activation In Glucagon Signaling R-HSA-164378,1/16,0.1485934818111902,0.2486735665926996,0,0,6.628140703517588,12.636822082241835,PRKAR2B
Reactome_2022,Cell-extracellular Matrix Interactions R-HSA-446353,1/16,0.1485934818111902,0.2486735665926996,0,0,6.628140703517588,12.636822082241835,LIMS1
Reactome_2022,Early Phase Of HIV Life Cycle R-HSA-162594,1/16,0.1485934818111902,0.2486735665926996,0,0,6.628140703517588,12.636822082241835,FEN1
Reactome_2022,NLRP3 Inflammasome R-HSA-844456,1/16,0.1485934818111902,0.2486735665926996,0,0,6.628140703517588,12.636822082241835,P2RX7
Reactome_2022,Transcription Of E2F Targets Under Negative Control By P107 (RBL1) And P130 (RBL2) In Complex With HDAC1 R-HSA-1362300,1/16,0.1485934818111902,0.2486735665926996,0,0,6.628140703517588,12.636822082241835,E2F1
Reactome_2022,Translesion Synthesis By REV1 R-HSA-110312,1/16,0.1485934818111902,0.2486735665926996,0,0,6.628140703517588,12.636822082241835,PCNA
Reactome_2022,Hyaluronan Metabolism R-HSA-2142845,1/16,0.1485934818111902,0.2486735665926996,0,0,6.628140703517588,12.636822082241835,HMMR
Reactome_2022,Cell Surface Interactions At Vascular Wall R-HSA-202733,3/134,0.1508793106612941,0.2519237692818419,0,0,2.286472662455923,4.32434865075451,CAV1;ITGB3;PF4
Reactome_2022,Signaling By GPCR R-HSA-372790,10/689,0.1538081388302001,0.2562303767330379,0,0,1.482133167971475,2.774626367076153,RGS18;CXCL9;KEL;PRKAR2B;SMOX;PPBP;ECT2;GNG11;RGS6;PF4
Reactome_2022,PKA Activation R-HSA-163615,1/17,0.157114351192228,0.2564918027258422,0,0,6.21356783919598,11.499955704952034,PRKAR2B
Reactome_2022,FOXO-mediated Transcription Of Cell Cycle Genes R-HSA-9617828,1/17,0.157114351192228,0.2564918027258422,0,0,6.21356783919598,11.499955704952034,CAV1
Reactome_2022,Formation Of Senescence-Associated Heterochromatin Foci (SAHF) R-HSA-2559584,1/17,0.157114351192228,0.2564918027258422,0,0,6.21356783919598,11.499955704952034,LMNB1
Reactome_2022,GAB1 Signalosome R-HSA-180292,1/17,0.157114351192228,0.2564918027258422,0,0,6.21356783919598,11.499955704952034,EGF
Reactome_2022,Translesion Synthesis By POLI R-HSA-5656121,1/17,0.157114351192228,0.2564918027258422,0,0,6.21356783919598,11.499955704952034,PCNA
Reactome_2022,Translesion Synthesis By POLK R-HSA-5655862,1/17,0.157114351192228,0.2564918027258422,0,0,6.21356783919598,11.499955704952034,PCNA
Reactome_2022,Vitamin B5 (Pantothenate) Metabolism R-HSA-199220,1/17,0.157114351192228,0.2564918027258422,0,0,6.21356783919598,11.499955704952034,ENPP2
Reactome_2022,Zinc Transporters R-HSA-435354,1/17,0.157114351192228,0.2564918027258422,0,0,6.21356783919598,11.499955704952034,SLC39A8
Reactome_2022,Metabolism Of Folate And Pterines R-HSA-196757,1/17,0.157114351192228,0.2564918027258422,0,0,6.21356783919598,11.499955704952034,MTHFD2
Reactome_2022,PTEN Regulation R-HSA-6807070,3/139,0.1628249548680123,0.2646356805282773,0,0,2.2018512988951926,3.9965352685762503,PSMA5;PSMD14;PSMC2
Reactome_2022,Death Receptor Signaling R-HSA-73887,3/139,0.1628249548680123,0.2646356805282773,0,0,2.2018512988951926,3.9965352685762503,YWHAE;CASP3;ECT2
Reactome_2022,Activation Of SMO R-HSA-5635838,1/18,0.1655503660358053,0.2655326439917841,0,0,5.847768253029855,10.51709310132786,SMOX
Reactome_2022,RORA Activates Gene Expression R-HSA-1368082,1/18,0.1655503660358053,0.2655326439917841,0,0,5.847768253029855,10.51709310132786,CPT1A
Reactome_2022,Constitutive Signaling By Ligand-Responsive EGFR Cancer Variants R-HSA-1236382,1/18,0.1655503660358053,0.2655326439917841,0,0,5.847768253029855,10.51709310132786,EGF
Reactome_2022,Defective GALNT12 Causes CRCS1 R-HSA-5083636,1/18,0.1655503660358053,0.2655326439917841,0,0,5.847768253029855,10.51709310132786,MUC1
Reactome_2022,Defective GALNT3 Causes HFTC R-HSA-5083625,1/18,0.1655503660358053,0.2655326439917841,0,0,5.847768253029855,10.51709310132786,MUC1
Reactome_2022,G Beta:Gamma Signaling Thru BTK R-HSA-8964315,1/18,0.1655503660358053,0.2655326439917841,0,0,5.847768253029855,10.51709310132786,GNG11
Reactome_2022,RHOG GTPase Cycle R-HSA-9013408,2/74,0.1691768732048807,0.2707568734916541,0,0,2.767676767676768,4.917637208774679,CAV1;ELMO2
Reactome_2022,Clathrin-mediated Endocytosis R-HSA-8856828,3/142,0.1701252400646478,0.2716814835890781,0,0,2.1540006573421464,3.815209920769243,DAB2;CTTN;EGF
Reactome_2022,Diseases Of Glycosylation R-HSA-3781865,3/143,0.1725795861644545,0.2735417062723883,0,0,2.1385061638868748,3.7571345929995696,CTSA;MUC1;MPDU1
Reactome_2022,PKA-mediated Phosphorylation Of CREB R-HSA-111931,1/19,0.1739023671527052,0.2735417062723883,0,0,5.522613065326633,9.66049300943,PRKAR2B
Reactome_2022,Prostacyclin Signaling Thru Prostacyclin Receptor R-HSA-392851,1/19,0.1739023671527052,0.2735417062723883,0,0,5.522613065326633,9.66049300943,GNG11
Reactome_2022,RAS Processing R-HSA-9648002,1/19,0.1739023671527052,0.2735417062723883,0,0,5.522613065326633,9.66049300943,BCL2L1
Reactome_2022,RHO GTPases Activate ROCKs R-HSA-5627117,1/19,0.1739023671527052,0.2735417062723883,0,0,5.522613065326633,9.66049300943,MYL9
Reactome_2022,Defective C1GALT1C1 Causes TNPS R-HSA-5083632,1/19,0.1739023671527052,0.2735417062723883,0,0,5.522613065326633,9.66049300943,MUC1
Reactome_2022,Translesion Synthesis By POLH R-HSA-110320,1/19,0.1739023671527052,0.2735417062723883,0,0,5.522613065326633,9.66049300943,PCNA
Reactome_2022,Class I MHC Mediated Antigen Processing And Presentation R-HSA-983169,6/378,0.1788587225053293,0.2807354252599709,0,0,1.6152311273694713,2.780069663858327,CDC20;PSMA5;PSMD14;ITGB5;UBE2C;PSMC2
Reactome_2022,Biosynthesis Of N-glycan Precursor (Dolichol LLO) And Transfer To Protein R-HSA-446193,2/77,0.1798830098073791,0.2811189053486631,0,0,2.656565656565657,4.557201796283064,CTSA;MPDU1
Reactome_2022,Regulation Of Insulin Secretion R-HSA-422356,2/77,0.1798830098073791,0.2811189053486631,0,0,2.656565656565657,4.557201796283064,PRKAR2B;GNG11
Reactome_2022,Aberrant Regulation Of Mitotic Exit In Cancer Due To RB1 Defects R-HSA-9687136,1/20,0.182171186958547,0.2811189053486631,0,0,5.231684739486909,8.908556962758436,UBE2C
Reactome_2022,Apoptotic Factor-Mediated Response R-HSA-111471,1/20,0.182171186958547,0.2811189053486631,0,0,5.231684739486909,8.908556962758436,CASP3
Reactome_2022,Processing Of Intronless Pre-mRNAs R-HSA-77595,1/20,0.182171186958547,0.2811189053486631,0,0,5.231684739486909,8.908556962758436,CPSF2
Reactome_2022,Sema4D Induced Cell Migration And Growth-Cone Collapse R-HSA-416572,1/20,0.182171186958547,0.2811189053486631,0,0,5.231684739486909,8.908556962758436,MYL9
Reactome_2022,G Beta:Gamma Signaling Thru CDC42 R-HSA-8964616,1/20,0.182171186958547,0.2811189053486631,0,0,5.231684739486909,8.908556962758436,GNG11
Reactome_2022,G Beta:Gamma Signaling Thru PLC Beta R-HSA-418217,1/20,0.182171186958547,0.2811189053486631,0,0,5.231684739486909,8.908556962758436,GNG11
Reactome_2022,Oncogenic MAPK Signaling R-HSA-6802957,2/78,0.1834746263330842,0.2819431888933978,0,0,2.621477937267411,4.445184817601474,ITGB3;ITGA2B
Reactome_2022,G Alpha (12/13) Signaling Events R-HSA-416482,2/78,0.1834746263330842,0.2819431888933978,0,0,2.621477937267411,4.445184817601474,ECT2;GNG11
Reactome_2022,Neutrophil Degranulation R-HSA-6798695,7/468,0.1896243004775816,0.288886454097057,0,0,1.521506524451238,2.529824920122278,CTSA;PSMA5;PSMD14;PSMC2;LCN2;GGH;PPBP
Reactome_2022,PD-1 Signaling R-HSA-389948,1/21,0.1903576498347592,0.288886454097057,0,0,4.969849246231155,8.244237447277422,PDCD1LG2
Reactome_2022,Presynaptic Function Of Kainate Receptors R-HSA-500657,1/21,0.1903576498347592,0.288886454097057,0,0,4.969849246231155,8.244237447277422,GNG11
Reactome_2022,SHC1 Events In ERBB2 Signaling R-HSA-1250196,1/21,0.1903576498347592,0.288886454097057,0,0,4.969849246231155,8.244237447277422,EGF
Reactome_2022,Signaling By ERBB2 TMD/JMD Mutants R-HSA-9665686,1/21,0.1903576498347592,0.288886454097057,0,0,4.969849246231155,8.244237447277422,EGF
Reactome_2022,Initial Triggering Of Complement R-HSA-166663,1/21,0.1903576498347592,0.288886454097057,0,0,4.969849246231155,8.244237447277422,CFB
Reactome_2022,Intracellular Signaling By Second Messengers R-HSA-9006925,5/306,0.1928387489930575,0.2920471136609734,0,0,1.6610443819746146,2.7339145042671533,PSMA5;PSMD14;PRKAR2B;EGF;PSMC2
Reactome_2022,Regulation Of HSF1-mediated Heat Shock Response R-HSA-3371453,2/81,0.1943101337404015,0.2928472472610031,0,0,2.521544559519243,4.131045868969444,YWHAE;HSPA2
Reactome_2022,TP53 Regulates Metabolic Genes R-HSA-5628897,2/81,0.1943101337404015,0.2928472472610031,0,0,2.521544559519243,4.131045868969444,YWHAE;PRDX1
Reactome_2022,Antigen Processing: Ubiquitination And Proteasome Degradation R-HSA-983168,5/307,0.1945656335826855,0.2928472472610031,0,0,1.6554593309560195,2.7099632932924136,CDC20;PSMA5;PSMD14;UBE2C;PSMC2
Reactome_2022,HIV Infection R-HSA-162906,4/229,0.1970479916598075,0.2959757743578666,0,0,1.7755102040816326,2.883975370736881,PSMA5;FEN1;PSMD14;PSMC2
Reactome_2022,ADP Signaling Thru P2Y Purinoceptor 12 R-HSA-392170,1/22,0.1984625719282345,0.2962791552411321,0,0,4.732950466618808,7.653913334056085,GNG11
Reactome_2022,Common Pathway Of Fibrin Clot Formation R-HSA-140875,1/22,0.1984625719282345,0.2962791552411321,0,0,4.732950466618808,7.653913334056085,PF4
Reactome_2022,Laminin Interactions R-HSA-3000157,1/22,0.1984625719282345,0.2962791552411321,0,0,4.732950466618808,7.653913334056085,ITGA7
Reactome_2022,Nucleotide Salvage R-HSA-8956321,1/23,0.2064867613185778,0.3063862268148129,0,0,4.517587939698492,7.126580711797677,TK1
Reactome_2022,BBSome-mediated Cargo-Targeting To Cilium R-HSA-5620922,1/23,0.2064867613185778,0.3063862268148129,0,0,4.517587939698492,7.126580711797677,SMOX
Reactome_2022,Triglyceride Catabolism R-HSA-163560,1/23,0.2064867613185778,0.3063862268148129,0,0,4.517587939698492,7.126580711797677,CAV1
Reactome_2022,Other Interleukin Signaling R-HSA-449836,1/24,0.2144310182188985,0.3118609848302631,0,0,4.320952589032117,6.653261007649563,CASP3
Reactome_2022,Cytosolic tRNA Aminoacylation R-HSA-379716,1/24,0.2144310182188985,0.3118609848302631,0,0,4.320952589032117,6.653261007649563,PPA1
Reactome_2022,DARPP-32 Events R-HSA-180024,1/24,0.2144310182188985,0.3118609848302631,0,0,4.320952589032117,6.653261007649563,PRKAR2B
Reactome_2022,Sema4D In Semaphorin Signaling R-HSA-400685,1/24,0.2144310182188985,0.3118609848302631,0,0,4.320952589032117,6.653261007649563,MYL9
Reactome_2022,Signaling By EGFR In Cancer R-HSA-1643713,1/24,0.2144310182188985,0.3118609848302631,0,0,4.320952589032117,6.653261007649563,EGF
Reactome_2022,Signaling By ERBB2 KD Mutants R-HSA-9664565,1/24,0.2144310182188985,0.3118609848302631,0,0,4.320952589032117,6.653261007649563,EGF
Reactome_2022,Estrogen-dependent Nuclear Events Downstream Of ESR-membrane Signaling R-HSA-9634638,1/24,0.2144310182188985,0.3118609848302631,0,0,4.320952589032117,6.653261007649563,EGF
Reactome_2022,G-protein Activation R-HSA-202040,1/24,0.2144310182188985,0.3118609848302631,0,0,4.320952589032117,6.653261007649563,GNG11
Reactome_2022,Thromboxane Signaling Thru TP Receptor R-HSA-428930,1/24,0.2144310182188985,0.3118609848302631,0,0,4.320952589032117,6.653261007649563,GNG11
Reactome_2022,Impaired BRCA2 Binding To PALB2 R-HSA-9709603,1/24,0.2144310182188985,0.3118609848302631,0,0,4.320952589032117,6.653261007649563,RAD51
Reactome_2022,RAC2 GTPase Cycle R-HSA-9013404,2/87,0.2162052764803214,0.3138187478417339,0,0,2.342840166369578,3.588122897733772,RACGAP1;CAV1
Reactome_2022,Opioid Signaling R-HSA-111885,2/88,0.2198775013707891,0.3145619050992678,0,0,2.315480385247827,3.5072227118932733,PRKAR2B;GNG11
Reactome_2022,ADP Signaling Thru P2Y Purinoceptor 1 R-HSA-418592,1/25,0.2222961348450487,0.3145619050992678,0,0,4.14070351758794,6.226561570384656,GNG11
Reactome_2022,Basigin Interactions R-HSA-210991,1/25,0.2222961348450487,0.3145619050992678,0,0,4.14070351758794,6.226561570384656,CAV1
Reactome_2022,Cell Recruitment (Pro-Inflammatory Response) R-HSA-9664424,1/25,0.2222961348450487,0.3145619050992678,0,0,4.14070351758794,6.226561570384656,P2RX7
Reactome_2022,Defective HDR Thru Homologous Recombination (HRR) Due To BRCA1 Loss-Of-Function R-HSA-9701192,1/25,0.2222961348450487,0.3145619050992678,0,0,4.14070351758794,6.226561570384656,RAD51
Reactome_2022,Signaling By ERBB2 In Cancer R-HSA-1227990,1/25,0.2222961348450487,0.3145619050992678,0,0,4.14070351758794,6.226561570384656,EGF
Reactome_2022,G Beta:Gamma Signaling Thru PI3Kgamma R-HSA-392451,1/25,0.2222961348450487,0.3145619050992678,0,0,4.14070351758794,6.226561570384656,GNG11
Reactome_2022,Gap Junction Trafficking R-HSA-190828,1/25,0.2222961348450487,0.3145619050992678,0,0,4.14070351758794,6.226561570384656,DAB2
Reactome_2022,Gap-filling DNA Repair Synthesis And Ligation In GG-NER R-HSA-5696397,1/25,0.2222961348450487,0.3145619050992678,0,0,4.14070351758794,6.226561570384656,PCNA
Reactome_2022,Termination Of O-glycan Biosynthesis R-HSA-977068,1/25,0.2222961348450487,0.3145619050992678,0,0,4.14070351758794,6.226561570384656,MUC1
Reactome_2022,Interleukin-7 Signaling R-HSA-1266695,1/25,0.2222961348450487,0.3145619050992678,0,0,4.14070351758794,6.226561570384656,JAK3
Reactome_2022,NOTCH3 Activation And Transmission Of Signal To Nucleus R-HSA-9013507,1/25,0.2222961348450487,0.3145619050992678,0,0,4.14070351758794,6.226561570384656,EGF
Reactome_2022,NOTCH3 Intracellular Domain Regulates Transcription R-HSA-9013508,1/25,0.2222961348450487,0.3145619050992678,0,0,4.14070351758794,6.226561570384656,DLGAP5
Reactome_2022,Antimicrobial Peptides R-HSA-6803157,2/89,0.2235550003741977,0.3151265678351672,0,0,2.2887495646116336,3.428770706989903,LCN2;CLU
Reactome_2022,Interferon Gamma Signaling R-HSA-877300,2/89,0.2235550003741977,0.3151265678351672,0,0,2.2887495646116336,3.428770706989903,GBP2;GBP1
Reactome_2022,Chaperonin-mediated Protein Folding R-HSA-390466,2/90,0.2272373036176318,0.3182089859767141,0,0,2.2626262626262625,3.352670034774279,GNG11;RGS6
Reactome_2022,Regulation Of TP53 Activity Thru Phosphorylation R-HSA-6804756,2/90,0.2272373036176318,0.3182089859767141,0,0,2.2626262626262625,3.352670034774279,TPX2;AURKB
Reactome_2022,Respiratory Electron Transport R-HSA-611105,2/90,0.2272373036176318,0.3182089859767141,0,0,2.2626262626262625,3.352670034774279,ETFDH;ETFA
Reactome_2022,Platelet Calcium Homeostasis R-HSA-418360,1/26,0.2300828957266827,0.3182089859767141,0,0,3.974874371859297,5.840344997302112,P2RX7
Reactome_2022,Attenuation Phase R-HSA-3371568,1/26,0.2300828957266827,0.3182089859767141,0,0,3.974874371859297,5.840344997302112,HSPA2
Reactome_2022,Pyroptosis R-HSA-5620971,1/26,0.2300828957266827,0.3182089859767141,0,0,3.974874371859297,5.840344997302112,CASP3
Reactome_2022,Caspase Activation Via Extrinsic Apoptotic Signaling Pathway R-HSA-5357769,1/26,0.2300828957266827,0.3182089859767141,0,0,3.974874371859297,5.840344997302112,CASP3
Reactome_2022,Signaling By ALK R-HSA-201556,1/26,0.2300828957266827,0.3182089859767141,0,0,3.974874371859297,5.840344997302112,JAK3
Reactome_2022,Interleukin-20 Family Signaling R-HSA-8854691,1/26,0.2300828957266827,0.3182089859767141,0,0,3.974874371859297,5.840344997302112,JAK3
Reactome_2022,Metal Ion SLC Transporters R-HSA-425410,1/26,0.2300828957266827,0.3182089859767141,0,0,3.974874371859297,5.840344997302112,SLC39A8
Reactome_2022,Signaling By TGF-beta Receptor Complex R-HSA-170834,2/91,0.2309239500321694,0.3187707257506219,0,0,2.237090001134945,3.2788286401533377,ITGB5;ITGB3
Reactome_2022,Regulation Of Expression Of SLITs And ROBOs R-HSA-9010553,3/167,0.2340612680505318,0.322184090250103,0,0,1.82332549213817,2.6477828986834435,PSMA5;PSMD14;PSMC2
Reactome_2022,Class B/2 (Secretin Family Receptors) R-HSA-373080,2/92,0.234614487227205,0.322184090250103,0,0,2.212121212121212,3.2071589757618537,SMOX;GNG11
Reactome_2022,Leishmania Infection R-HSA-9658195,4/247,0.234739931420618,0.322184090250103,0,0,1.6424792139077853,2.380407433860061,P2RX7;PRKAR2B;ELMO2;GNG11
Reactome_2022,Metabolism R-HSA-1430728,24/2049,0.2354970827948642,0.322184090250103,0,0,1.196969696969697,1.730886113302152,CTSA;NQO1;CPT1A;ACAA2;RRM2;PSMD14;SMOX;CAV1;ETFDH;ETFA;HMMR;TYMS;GNG11;RUFY1;HSD11B1;PSMA5;PPA1;MTHFD2;PRKAR2B;SCD;PSMC2;ENPP2;TK1;GART
Reactome_2022,SUMO E3 Ligases SUMOylate Target Proteins R-HSA-3108232,3/168,0.2367093667036889,0.322184090250103,0,0,1.8121827411167517,2.611214326180166,PCNA;BIRC5;AURKB
Reactome_2022,Resolution Of D-loop Structures Thru Synthesis-Dependent Strand Annealing (SDSA) R-HSA-5693554,1/27,0.2377920775242915,0.322184090250103,0,0,3.821801314263626,5.489477227235043,RAD51
Reactome_2022,FLT3 Signaling In Disease R-HSA-9682385,1/27,0.2377920775242915,0.322184090250103,0,0,3.821801314263626,5.489477227235043,BCL2L1
Reactome_2022,Gap Junction Trafficking And Regulation R-HSA-157858,1/27,0.2377920775242915,0.322184090250103,0,0,3.821801314263626,5.489477227235043,DAB2
Reactome_2022,VEGFR2 Mediated Vascular Permeability R-HSA-5218920,1/27,0.2377920775242915,0.322184090250103,0,0,3.821801314263626,5.489477227235043,CAV1
Reactome_2022,Interleukin Receptor SHC Signaling R-HSA-912526,1/27,0.2377920775242915,0.322184090250103,0,0,3.821801314263626,5.489477227235043,JAK3
Reactome_2022,RAC3 GTPase Cycle R-HSA-9013423,2/93,0.2383084712706434,0.3222880247995971,0,0,2.187701187701188,3.1375777372613727,RACGAP1;CAV1
Reactome_2022,"Adrenaline,noradrenaline Inhibits Insulin Secretion R-HSA-400042",1/28,0.2454244493195781,0.331300407645029,0,0,3.680067001675042,5.169633447658624,GNG11
Reactome_2022,Protein Folding R-HSA-391251,2/96,0.2494067909928498,0.3353253278629988,0,0,2.117558564367075,2.9405900871231445,GNG11;RGS6
Reactome_2022,MyD88 Cascade Initiated On Plasma Membrane R-HSA-975871,2/96,0.2494067909928498,0.3353253278629988,0,0,2.117558564367075,2.9405900871231445,TIFA;ALPK1
Reactome_2022,Fatty Acid Metabolism R-HSA-8978868,3/173,0.2500255183536518,0.3353253278629988,0,0,1.7584353538369664,2.437529535077044,CPT1A;ACAA2;SCD
Reactome_2022,SUMOylation R-HSA-2990846,3/174,0.2527026345793082,0.3353253278629988,0,0,1.7480630510285866,2.4045338637649905,PCNA;BIRC5;AURKB
Reactome_2022,Activation Of Kainate Receptors Upon Glutamate Binding R-HSA-451326,1/29,0.252980772589684,0.3353253278629988,0,0,3.548456568557071,4.877147000705543,GNG11
Reactome_2022,Processing Of Capped Intronless Pre-mRNA R-HSA-75067,1/29,0.252980772589684,0.3353253278629988,0,0,3.548456568557071,4.877147000705543,CPSF2
Reactome_2022,Dectin-2 Family R-HSA-5621480,1/29,0.252980772589684,0.3353253278629988,0,0,3.548456568557071,4.877147000705543,MUC1
Reactome_2022,Disassembly Of Destruction Complex And Recruitment Of AXIN To Membrane R-HSA-4641262,1/29,0.252980772589684,0.3353253278629988,0,0,3.548456568557071,4.877147000705543,CAV1
Reactome_2022,Downregulation Of ERBB2 Signaling R-HSA-8863795,1/29,0.252980772589684,0.3353253278629988,0,0,3.548456568557071,4.877147000705543,EGF
Reactome_2022,HSF1 Activation R-HSA-3371511,1/29,0.252980772589684,0.3353253278629988,0,0,3.548456568557071,4.877147000705543,YWHAE
Reactome_2022,Disorders Of Transmembrane Transporters R-HSA-5619115,3/176,0.2580693506463658,0.3414527689960038,0,0,1.7276781784572048,2.340186617756609,PSMA5;PSMD14;PSMC2
Reactome_2022,Synthesis Of Active Ubiquitin: Roles Of E1 And E2 Enzymes R-HSA-8866652,1/30,0.2604618012849767,0.3428399513064149,0,0,3.425922717033443,4.608890626901229,UBE2C
Reactome_2022,Cellular Response To Heat Stress R-HSA-3371556,2/99,0.2605209452628556,0.3428399513064149,0,0,2.0517546600020826,2.7597577787968723,YWHAE;HSPA2
Reactome_2022,L1CAM Interactions R-HSA-373760,2/99,0.2605209452628556,0.3428399513064149,0,0,2.0517546600020826,2.7597577787968723,ITGB3;ITGA2B
Reactome_2022,Axon Guidance R-HSA-422475,7/519,0.263817317773068,0.3465557238846932,0,0,1.3663374352331603,1.820642437420964,PSMA5;PSMD14;ABLIM3;ITGB3;PSMC2;ITGA2B;MYL9
Reactome_2022,Regulation Of MECP2 Expression And Activity R-HSA-9022692,1/31,0.2678682819607093,0.3500811670432728,0,0,3.3115577889447234,4.362182296847866,AURKB
Reactome_2022,EGFR Downregulation R-HSA-182971,1/31,0.2678682819607093,0.3500811670432728,0,0,3.3115577889447234,4.362182296847866,EGF
Reactome_2022,TRAF6 Mediated Induction Of NFkB And MAP Kinases Upon TLR7/8 Or 9 Activation R-HSA-975138,2/101,0.2679338809157927,0.3500811670432728,0,0,2.01010101010101,2.647333266062948,TIFA;ALPK1
Reactome_2022,Potassium Channels R-HSA-1296071,2/102,0.2716402584331571,0.3536630718143945,0,0,1.9898989898989896,2.593388923930461,KCNJ10;GNG11
Reactome_2022,MyD88 Dependent Cascade Initiated On Endosome R-HSA-975155,2/102,0.2716402584331571,0.3536630718143945,0,0,1.9898989898989896,2.593388923930461,TIFA;ALPK1
Reactome_2022,Neurotransmitter Receptors And Postsynaptic Signal Transmission R-HSA-112314,3/182,0.2742570592901567,0.3547077000238157,0,0,1.6692567280152,2.1594998013669,KCNJ10;PRKAR2B;GNG11
Reactome_2022,G-protein Beta:Gamma Signaling R-HSA-397795,1/32,0.2752009537742224,0.3547077000238157,0,0,3.204571243313341,4.1347099266061775,GNG11
Reactome_2022,Thrombin Signaling Thru Proteinase Activated Receptors (PARs) R-HSA-456926,1/32,0.2752009537742224,0.3547077000238157,0,0,3.204571243313341,4.1347099266061775,GNG11
Reactome_2022,Nuclear Signaling By ERBB4 R-HSA-1251985,1/32,0.2752009537742224,0.3547077000238157,0,0,3.204571243313341,4.1347099266061775,SPARC
Reactome_2022,Toll Like Receptor 3 (TLR3) Cascade R-HSA-168164,2/103,0.2753460863759224,0.3547077000238157,0,0,1.97009700970097,2.5408862749711147,TIFA;ALPK1
Reactome_2022,Toll Like Receptor 7/8 (TLR7/8) Cascade R-HSA-168181,2/103,0.2753460863759224,0.3547077000238157,0,0,1.97009700970097,2.5408862749711147,TIFA;ALPK1
Reactome_2022,Developmental Biology R-HSA-1266738,13/1073,0.2776254385721685,0.35701657276035,0,0,1.2290384421350016,1.574991153462405,H2BC5;H2AC6;PSMD14;ITGB3;ITGA2B;PSMA5;H2BC12;H2BC15;ABLIM3;PSMC2;H2BC11;E2F1;MYL9
Reactome_2022,Cargo Recognition For Clathrin-Mediated Endocytosis R-HSA-8856825,2/104,0.2790510068326582,0.3573434006499367,0,0,1.95068330362448,2.4897754945672688,DAB2;EGF
Reactome_2022,GPCR Downstream Signaling R-HSA-388396,8/619,0.2801274172491017,0.3573434006499367,0,0,1.3085788325150027,1.665180589354358,RGS18;CXCL9;PRKAR2B;PPBP;ECT2;GNG11;RGS6;PF4
Reactome_2022,PIP3 Activates AKT Signaling R-HSA-1257604,4/268,0.2806488927885696,0.3573434006499367,0,0,1.510204081632653,1.9189421494891188,PSMA5;PSMD14;EGF;PSMC2
Reactome_2022,CaM Pathway R-HSA-111997,1/33,0.2824605485993796,0.3573434006499367,0,0,3.1042713567839195,3.9244707255325473,PRKAR2B
Reactome_2022,Resolution Of D-loop Structures Thru Holliday Junction Intermediates R-HSA-5693568,1/33,0.2824605485993796,0.3573434006499367,0,0,3.1042713567839195,3.9244707255325473,RAD51
Reactome_2022,Sialic Acid Metabolism R-HSA-4085001,1/33,0.2824605485993796,0.3573434006499367,0,0,3.1042713567839195,3.9244707255325473,CTSA
Reactome_2022,Signal Amplification R-HSA-392518,1/33,0.2824605485993796,0.3573434006499367,0,0,3.1042713567839195,3.9244707255325473,GNG11
Reactome_2022,Signaling By WNT In Cancer R-HSA-4791275,1/33,0.2824605485993796,0.3573434006499367,0,0,3.1042713567839195,3.9244707255325473,KREMEN1
Reactome_2022,Glucagon-type Ligand Receptors R-HSA-420092,1/33,0.2824605485993796,0.3573434006499367,0,0,3.1042713567839195,3.9244707255325473,GNG11
Reactome_2022,Integration Of Energy Metabolism R-HSA-163685,2/105,0.2827546689999499,0.3573434006499367,0,0,1.931646562714524,2.440008904942008,PRKAR2B;GNG11
Reactome_2022,Post-translational Protein Phosphorylation R-HSA-8957275,2/106,0.2864567291305087,0.3607779767227884,0,0,1.912975912975913,2.3915408635892965,FAM20A;APOL1
Reactome_2022,Toll Like Receptor 9 (TLR9) Cascade R-HSA-168138,2/106,0.2864567291305087,0.3607779767227884,0,0,1.912975912975913,2.3915408635892965,TIFA;ALPK1
Reactome_2022,Resolution Of D-Loop Structures R-HSA-5693537,1/34,0.2896477910754225,0.3635476555792546,0,0,3.010050251256281,3.7297219848476746,RAD51
Reactome_2022,Detoxification Of Reactive Oxygen Species R-HSA-3299685,1/34,0.2896477910754225,0.3635476555792546,0,0,3.010050251256281,3.7297219848476746,PRDX1
Reactome_2022,MyD88-independent TLR4 Cascade R-HSA-166166,2/107,0.290156850388619,0.3635640535638594,0,0,1.8946608946608947,2.344327659095108,TIFA;ALPK1
Reactome_2022,Ca-dependent Events R-HSA-111996,1/35,0.2967633987534311,0.3693167593994313,0,0,2.9213715637008573,3.54894088012851,PRKAR2B
Reactome_2022,Gene And Protein Expression By JAK-STAT Signaling After Interleukin-12 Stimulation R-HSA-8950505,1/35,0.2967633987534311,0.3693167593994313,0,0,2.9213715637008573,3.54894088012851,LMNB1
Reactome_2022,Impaired BRCA2 Binding To RAD51 R-HSA-9709570,1/35,0.2967633987534311,0.3693167593994313,0,0,2.9213715637008573,3.54894088012851,RAD51
Reactome_2022,Metabolism Of Steroid Hormones R-HSA-196071,1/35,0.2967633987534311,0.3693167593994313,0,0,2.9213715637008573,3.54894088012851,HSD11B1
Reactome_2022,Degradation Of Extracellular Matrix R-HSA-1474228,2/109,0.2975499631159602,0.3696680050237269,0,0,1.8590578684036627,2.2534999856206213,CASP3;MMP19
Reactome_2022,Metabolism Of Amino Acids And Derivatives R-HSA-71291,5/364,0.3002116036293993,0.3723436640615054,0,0,1.3885436754517535,1.6707897651713643,PSMA5;NQO1;PSMD14;SMOX;PSMC2
Reactome_2022,RHOH GTPase Cycle R-HSA-9013407,1/36,0.3038080819844295,0.3749012190144559,0,0,2.8377602297200286,3.380791434126185,CAV1
Reactome_2022,HSF1-dependent Transactivation R-HSA-3371571,1/36,0.3038080819844295,0.3749012190144559,0,0,2.8377602297200286,3.380791434126185,HSPA2
Reactome_2022,Mitochondrial Fatty Acid Beta-Oxidation R-HSA-77289,1/36,0.3038080819844295,0.3749012190144559,0,0,2.8377602297200286,3.380791434126185,ACAA2
Reactome_2022,Nervous System Development R-HSA-9675108,7/545,0.3044570652854429,0.3750706367297978,0,0,1.2985534603309128,1.5442725017909789,PSMA5;PSMD14;ABLIM3;ITGB3;PSMC2;ITGA2B;MYL9
Reactome_2022,"Respiratory Electron Transport, ATP Synthesis By Chemiosmotic Coupling, Heat Production By Uncoupling Proteins R-HSA-163200",2/112,0.3086170575351828,0.378411303880297,0,0,1.808080808080808,2.1256775548508937,ETFDH;ETFA
Reactome_2022,MyD88:MAL(TIRAP) Cascade Initiated On Plasma Membrane R-HSA-166058,2/112,0.3086170575351828,0.378411303880297,0,0,1.808080808080808,2.1256775548508937,TIFA;ALPK1
Reactome_2022,GPCR Ligand Binding R-HSA-500792,6/458,0.3095512295269704,0.378411303880297,0,0,1.3238755587993796,1.552418416711116,CXCL9;KEL;SMOX;PPBP;GNG11;PF4
Reactome_2022,Fatty acyl-CoA Biosynthesis R-HSA-75105,1/37,0.3107825442509396,0.378411303880297,0,0,2.758793969849246,3.2240971983470845,SCD
Reactome_2022,Formation Of Fibrin Clot (Clotting Cascade) R-HSA-140877,1/37,0.3107825442509396,0.378411303880297,0,0,2.758793969849246,3.2240971983470845,PF4
Reactome_2022,HDR Thru Single Strand Annealing (SSA) R-HSA-5685938,1/37,0.3107825442509396,0.378411303880297,0,0,2.758793969849246,3.2240971983470845,RAD51
Reactome_2022,Triglyceride Metabolism R-HSA-8979227,1/37,0.3107825442509396,0.378411303880297,0,0,2.758793969849246,3.2240971983470845,CAV1
Reactome_2022,FCGR3A-mediated IL10 Synthesis R-HSA-9664323,1/38,0.3176874819497763,0.3849007012713819,0,0,2.684096156457965,3.07781854672427,PRKAR2B
Reactome_2022,Fanconi Anemia Pathway R-HSA-6783310,1/38,0.3176874819497763,0.3849007012713819,0,0,2.684096156457965,3.07781854672427,FANCA
Reactome_2022,HSP90 Chaperone Cycle For Steroid Hormone Receptors (SHR) In Presence Of Ligand R-HSA-3371497,1/38,0.3176874819497763,0.3849007012713819,0,0,2.684096156457965,3.07781854672427,HSPA2
Reactome_2022,DAG And IP3 Signaling R-HSA-1489509,1/39,0.3245235847719431,0.3918876237855589,0,0,2.6133298069293835,2.941033694945818,PRKAR2B
Reactome_2022,Transcriptional Regulation By VENTX R-HSA-8853884,1/39,0.3245235847719431,0.3918876237855589,0,0,2.6133298069293835,2.941033694945818,UBE2C
Reactome_2022,Presynaptic Phase Of Homologous DNA Pairing And Strand Exchange R-HSA-5693616,1/40,0.3312915354401823,0.398746626400088,0,0,2.54619250096637,2.8129227654318845,RAD51
Reactome_2022,Collagen Degradation R-HSA-1442490,1/40,0.3312915354401823,0.398746626400088,0,0,2.54619250096637,2.8129227654318845,MMP19
Reactome_2022,Signaling By TGFB Family Members R-HSA-9006936,2/119,0.3342934948533607,0.4017002159467432,0,0,1.6993006993006994,1.8619848571697335,ITGB5;ITGB3
Reactome_2022,Carboxyterminal Post-Translational Modifications Of Tubulin R-HSA-8955332,1/41,0.3379920100397979,0.4034986048194982,0,0,2.4824120603015074,2.6927543377926204,TTLL7
Reactome_2022,Defective Homologous Recombination Repair (HRR) Due To BRCA2 Loss Of Function R-HSA-9701190,1/41,0.3379920100397979,0.4034986048194982,0,0,2.4824120603015074,2.6927543377926204,RAD51
Reactome_2022,Dual Incision In GG-NER R-HSA-5696400,1/41,0.3379920100397979,0.4034986048194982,0,0,2.4824120603015074,2.6927543377926204,PCNA
Reactome_2022,Signaling By Retinoic Acid R-HSA-5362517,1/41,0.3379920100397979,0.4034986048194982,0,0,2.4824120603015074,2.6927543377926204,CPT1A
Reactome_2022,Activation Of Gene Expression By SREBF (SREBP) R-HSA-2426168,1/42,0.344625677945044,0.4087550516726817,0,0,2.4217428606446867,2.579874053958348,SCD
Reactome_2022,RND3 GTPase Cycle R-HSA-9696264,1/42,0.344625677945044,0.4087550516726817,0,0,2.4217428606446867,2.579874053958348,CAV1
Reactome_2022,Transport Of Mature mRNA Derived From An Intronless Transcript R-HSA-159231,1/42,0.344625677945044,0.4087550516726817,0,0,2.4217428606446867,2.579874053958348,CPSF2
Reactome_2022,tRNA Aminoacylation R-HSA-379724,1/42,0.344625677945044,0.4087550516726817,0,0,2.4217428606446867,2.579874053958348,PPA1
Reactome_2022,Metabolism Of Water-Soluble Vitamins And Cofactors R-HSA-196849,2/122,0.3452170182416795,0.4087949505188225,0,0,1.6565656565656566,1.7618934494773038,MTHFD2;ENPP2
Reactome_2022,Signaling By ROBO Receptors R-HSA-376176,3/209,0.347899309858879,0.4110993762709228,0,0,1.44847469321374,1.5293606785693334,PSMA5;PSMD14;PSMC2
Reactome_2022,Regulation Of IGF Transport And Uptake By IGFBPs R-HSA-381426,2/123,0.3488455825927885,0.4110993762709228,0,0,1.642791551882461,1.73006635039327,FAM20A;APOL1
Reactome_2022,Immunoregulatory Interactions Between A Lymphoid And A non-Lymphoid Cell R-HSA-198933,2/123,0.3488455825927885,0.4110993762709228,0,0,1.642791551882461,1.73006635039327,TREML1;LILRB1
Reactome_2022,Homologous DNA Pairing And Strand Exchange R-HSA-5693579,1/43,0.3511932019412653,0.4125394503572876,0,0,2.363962670495334,2.473694919601735,RAD51
Reactome_2022,Transport Of Mature mRNAs Derived From Intronless Transcripts R-HSA-159234,1/43,0.3511932019412653,0.4125394503572876,0,0,2.363962670495334,2.473694919601735,CPSF2
Reactome_2022,TP53 Regulates Transcription Of Cell Death Genes R-HSA-5633008,1/44,0.3576952382847675,0.4175009708005328,0,0,2.308869931050602,2.373689018141451,BIRC5
Reactome_2022,Interleukin-12 Signaling R-HSA-9020591,1/44,0.3576952382847675,0.4175009708005328,0,0,2.308869931050602,2.373689018141451,LMNB1
Reactome_2022,Interleukin-2 Family Signaling R-HSA-451927,1/44,0.3576952382847675,0.4175009708005328,0,0,2.308869931050602,2.373689018141451,JAK3
Reactome_2022,"Interleukin-3, Interleukin-5 And GM-CSF Signaling R-HSA-512988",1/44,0.3576952382847675,0.4175009708005328,0,0,2.308869931050602,2.373689018141451,JAK3
Reactome_2022,Glycosphingolipid Metabolism R-HSA-1660662,1/45,0.3641324366778817,0.4243387537120625,0,0,2.256281407035176,2.279380404926681,CTSA
Reactome_2022,NR1H2 And NR1H3-mediated Signaling R-HSA-9024446,1/46,0.3705054405101429,0.4310801395141821,0,0,2.2060301507537687,2.1903389894516705,SCD
Reactome_2022,PLC Beta Mediated Events R-HSA-112043,1/47,0.376814886705751,0.4363983337999317,0,0,2.1579637317019884,2.1061752538856453,PRKAR2B
Reactome_2022,G Alpha (Z) Signaling Events R-HSA-418597,1/47,0.376814886705751,0.4363983337999317,0,0,2.1579637317019884,2.1061752538856453,GNG11
Reactome_2022,Signaling By Receptor Tyrosine Kinases R-HSA-9006934,6/496,0.37686240831563,0.4363983337999317,0,0,1.2188091731537976,1.1894055515577568,SPARC;EGF;CAV1;ITGB3;ELMO2;JAK3
Reactome_2022,ADORA2B Mediated Anti-Inflammatory Cytokine Production R-HSA-9660821,2/131,0.3776143893798206,0.4365794123271427,0,0,1.5402865867982147,1.500056978121565,PRKAR2B;GNG11
Reactome_2022,Signaling By EGFR R-HSA-177929,1/49,0.3892456229672477,0.4479074436970056,0,0,2.0678391959799,1.9510987409424116,EGF
Reactome_2022,Signaling By ERBB2 R-HSA-1227986,1/49,0.3892456229672477,0.4479074436970056,0,0,2.0678391959799,1.9510987409424116,EGF
Reactome_2022,Netrin-1 Signaling R-HSA-373752,1/49,0.3892456229672477,0.4479074436970056,0,0,2.0678391959799,1.9510987409424116,ABLIM3
Reactome_2022,Cargo Trafficking To Periciliary Membrane R-HSA-5620920,1/50,0.3953681557510544,0.454239589601133,0,0,2.025535842477695,1.8795714928238212,SMOX
Reactome_2022,Diseases Of DNA Repair R-HSA-9675135,1/51,0.4014296166851454,0.4590450998911256,0,0,1.984924623115578,1.8116864795932897,RAD51
Reactome_2022,Synthesis Of PIPs At Plasma Membrane R-HSA-1660499,1/51,0.4014296166851454,0.4590450998911256,0,0,1.984924623115578,1.8116864795932897,RUFY1
Reactome_2022,Translocation Of SLC2A4 (GLUT4) To Plasma Membrane R-HSA-1445148,1/51,0.4014296166851454,0.4590450998911256,0,0,1.984924623115578,1.8116864795932897,YWHAE
Reactome_2022,SARS-CoV-1 Infection R-HSA-9678108,1/52,0.4074306117999475,0.4644582246490848,0,0,1.9459060005911912,1.7471991060741807,CAV1
Reactome_2022,G-protein Mediated Events R-HSA-112040,1/52,0.4074306117999475,0.4644582246490848,0,0,1.9459060005911912,1.7471991060741807,PRKAR2B
Reactome_2022,Toll Like Receptor 4 (TLR4) Cascade R-HSA-166016,2/140,0.4093350504017323,0.4659046458765059,0,0,1.4391743522178304,1.28550113423387,TIFA;ALPK1
Reactome_2022,Class A/1 (Rhodopsin-like Receptors) R-HSA-373076,4/327,0.41379861386708,0.470254858859798,0,0,1.2306185632147597,1.085868117284006,CXCL9;KEL;PPBP;PF4
Reactome_2022,Interleukin-12 Family Signaling R-HSA-447115,1/54,0.4192535996279672,0.4757165457078947,0,0,1.8722859580923483,1.627539412897697,LMNB1
Reactome_2022,Regulation Of Cholesterol Biosynthesis By SREBP (SREBF) R-HSA-1655829,1/55,0.4250767749174149,0.4815784791568241,0,0,1.8375209380234503,1.5719724807707876,SCD
Reactome_2022,Regulated Necrosis R-HSA-5218859,1/57,0.4365494010474847,0.4930519429396091,0,0,1.7717157214644652,1.4684931926330618,CASP3
Reactome_2022,NRAGE Signals Death Thru JNK R-HSA-193648,1/57,0.4365494010474847,0.4930519429396091,0,0,1.7717157214644652,1.4684931926330618,ECT2
Reactome_2022,mRNA 3-End Processing R-HSA-72187,1/58,0.4421999998339941,0.4986655382743349,0,0,1.740544829410209,1.4202724160163902,CPSF2
Reactome_2022,Transmission Across Chemical Synapses R-HSA-112315,3/246,0.4472051347111335,0.502654145633888,0,0,1.2256063169768754,0.9862918234720636,KCNJ10;PRKAR2B;GNG11
Reactome_2022,O-linked Glycosylation Of Mucins R-HSA-913709,1/59,0.4477942115947188,0.502654145633888,0,0,1.7104487957026513,1.3742113392020114,MUC1
Reactome_2022,Iron Uptake And Transport R-HSA-917937,1/59,0.4477942115947188,0.502654145633888,0,0,1.7104487957026513,1.3742113392020114,LCN2
Reactome_2022,Diseases Of Metabolism R-HSA-5668914,3/247,0.4498174108345097,0.5041531531218587,0,0,1.220520928684364,0.9750906863314656,CTSA;MUC1;MPDU1
Reactome_2022,FCGR3A-mediated Phagocytosis R-HSA-9664422,1/60,0.4533325962584122,0.50465901014385,0,0,1.681372966527553,1.330183274831934,ELMO2
Reactome_2022,Transcriptional Regulation By MECP2 R-HSA-8986944,1/60,0.4533325962584122,0.50465901014385,0,0,1.681372966527553,1.330183274831934,AURKB
Reactome_2022,rRNA Modification In Nucleus And Cytosol R-HSA-6790901,1/60,0.4533325962584122,0.50465901014385,0,0,1.681372966527553,1.330183274831934,DCAF13
Reactome_2022,G Alpha (S) Signaling Events R-HSA-418555,2/153,0.4537111701020423,0.50465901014385,0,0,1.314402301157268,1.0387648733741028,PRKAR2B;GNG11
Reactome_2022,Metabolism Of Steroids R-HSA-8957322,2/153,0.4537111701020423,0.50465901014385,0,0,1.314402301157268,1.0387648733741028,HSD11B1;SCD
Reactome_2022,Post NMDA Receptor Activation Events R-HSA-438064,1/61,0.4588157080798082,0.5087926082034787,0,0,1.6532663316582914,1.288070804786777,PRKAR2B
Reactome_2022,Ca2+ Pathway R-HSA-4086398,1/61,0.4588157080798082,0.5087926082034787,0,0,1.6532663316582914,1.288070804786777,GNG11
Reactome_2022,Regulation Of Actin Dynamics For Phagocytic Cup Formation R-HSA-2029482,1/62,0.4642440960951576,0.514034626038898,0,0,1.6260812258011368,1.2477649663473405,ELMO2
Reactome_2022,Regulation Of TP53 Activity R-HSA-5633007,2/157,0.4669832454160993,0.5162876604675729,0,0,1.280221570544151,0.9748399482603152,TPX2;AURKB
Reactome_2022,Peroxisomal Protein Import R-HSA-9033241,1/63,0.4696183035751055,0.5176394233391765,0,0,1.5997730588426,1.2091645247691418,ECH1
Reactome_2022,Synthesis Of Substrates In N-glycan Biosythesis R-HSA-446219,1/63,0.4696183035751055,0.5176394233391765,0,0,1.5997730588426,1.2091645247691418,CTSA
Reactome_2022,Semaphorin Interactions R-HSA-373755,1/64,0.4749388686968527,0.5219343189727033,0,0,1.574300071787509,1.1721753146425786,MYL9
Reactome_2022,Gap-filling DNA Repair Synthesis And Ligation In TC-NER R-HSA-6782210,1/64,0.4749388686968527,0.5219343189727033,0,0,1.574300071787509,1.1721753146425786,PCNA
Reactome_2022,Dual Incision In TC-NER R-HSA-6782135,1/65,0.4802063242660991,0.526145344823693,0,0,1.5496231155778897,1.1367096495006708,PCNA
Reactome_2022,FOXO-mediated Transcription R-HSA-9614085,1/65,0.4802063242660991,0.526145344823693,0,0,1.5496231155778897,1.1367096495006708,CAV1
Reactome_2022,Toll-like Receptor Cascades R-HSA-168898,2/162,0.4833030570302441,0.5287479713480133,0,0,1.2398989898989898,0.9015446591892284,TIFA;ALPK1
Reactome_2022,Citric Acid (TCA) Cycle And Respiratory Electron Transport R-HSA-1428517,2/163,0.4865301078782612,0.5314851998133613,0,0,1.2321350147437105,0.8876996710994104,ETFDH;ETFA
Reactome_2022,RNA Polymerase II Transcription Termination R-HSA-73856,1/67,0.4905840112592053,0.5351161908526748,0,0,1.5025125628140703,1.0700274503610792,CPSF2
Reactome_2022,Anti-inflammatory Response Favoring Leishmania Infection R-HSA-9662851,2/165,0.4929466684286051,0.5368943654653305,0,0,1.2168928549296647,0.8607743794829743,PRKAR2B;GNG11
Reactome_2022,Costimulation By CD28 Family R-HSA-388841,1/68,0.4956952821636893,0.5390870056765346,0,0,1.4800120003000077,1.0386633811930914,PDCD1LG2
Reactome_2022,Circadian Clock R-HSA-400253,1/69,0.500755522308534,0.5429789909055555,0,0,1.4581732190363583,1.0085269537658983,CPT1A
Reactome_2022,Diseases Associated With O-glycosylation Of Proteins R-HSA-3906995,1/69,0.500755522308534,0.5429789909055555,0,0,1.4581732190363583,1.0085269537658983,MUC1
Reactome_2022,Interferon Alpha/Beta Signaling R-HSA-909733,1/72,0.5156351033007534,0.5582873422739324,0,0,1.396347936867436,0.9248793332622998,GBP2
Reactome_2022,Activation Of NMDA Receptors And Postsynaptic Events R-HSA-442755,1/74,0.5253088319278648,0.5679223802405973,0,0,1.3579541543333105,0.8742087038575203,PRKAR2B
Reactome_2022,Translation R-HSA-72766,3/281,0.5352460606873314,0.5778134940851456,0,0,1.0693861154731037,0.6683970256379101,PPA1;SRP54;MRPL14
Reactome_2022,Asparagine N-linked Glycosylation R-HSA-446203,3/282,0.5376465182581796,0.5795513204165377,0,0,1.0654986081545768,0.6611993849465772,CTSA;COPG1;MPDU1
Reactome_2022,Transcription-Coupled Nucleotide Excision Repair (TC-NER) R-HSA-6781827,1/77,0.5394601334395485,0.5806523903248003,0,0,1.3041523406506217,0.8049050782659102,PCNA
Reactome_2022,Constitutive Signaling By Aberrant PI3K In Cancer R-HSA-2219530,1/78,0.544083319204552,0.5847699017257135,0,0,1.2871500358937544,0.7834275809102157,EGF
Reactome_2022,COPI-mediated Anterograde Transport R-HSA-6807878,1/80,0.5531916072648388,0.5936887966692926,0,0,1.254436740665352,0.7426903392796255,COPG1
Reactome_2022,Metabolism Of Vitamins And Cofactors R-HSA-196854,2/186,0.5571827441654297,0.5970978822708479,0,0,1.0768555116381204,0.6298118751293473,MTHFD2;ENPP2
Reactome_2022,PI Metabolism R-HSA-1483255,1/82,0.5621188211968801,0.5978551225333439,0,0,1.2233389168062534,0.7046946278996441,RUFY1
Reactome_2022,Global Genome Nucleotide Excision Repair (GG-NER) R-HSA-5696399,1/82,0.5621188211968801,0.5978551225333439,0,0,1.2233389168062534,0.7046946278996441,PCNA
Reactome_2022,Mitochondrial Translation Elongation R-HSA-5389840,1/82,0.5621188211968801,0.5978551225333439,0,0,1.2233389168062534,0.7046946278996441,MRPL14
Reactome_2022,Mitochondrial Translation Initiation R-HSA-5368286,1/82,0.5621188211968801,0.5978551225333439,0,0,1.2233389168062534,0.7046946278996441,MRPL14
Reactome_2022,Mitochondrial Translation Termination R-HSA-5419276,1/82,0.5621188211968801,0.5978551225333439,0,0,1.2233389168062534,0.7046946278996441,MRPL14
Reactome_2022,Transport Of Small Molecules R-HSA-382551,7/706,0.5627831303519881,0.5978551225333439,0,0,0.9911049834330315,0.569747531205701,PSMA5;PSMD14;PRKAR2B;PSMC2;LCN2;SLC39A8;GNG11
Reactome_2022,Transport Of Mature Transcript To Cytoplasm R-HSA-72202,1/83,0.5665156476761636,0.6009493049878841,0,0,1.208358867508273,0.6866506239569532,CPSF2
Reactome_2022,Cell Junction Organization R-HSA-446728,1/86,0.5794442849420854,0.6128898425145001,0,0,1.1655335501034585,0.636015065932131,LIMS1
Reactome_2022,"Transport Of Bile Salts And Organic Acids, Metal Ions And Amine Compounds R-HSA-425366",1/86,0.5794442849420854,0.6128898425145001,0,0,1.1655335501034585,0.636015065932131,SLC39A8
Reactome_2022,Fcgamma Receptor (FCGR) Dependent Phagocytosis R-HSA-2029480,1/87,0.5836679914950987,0.6164677777606734,0,0,1.1519224027112305,0.6202214761277236,ELMO2
Reactome_2022,SARS-CoV-2-host Interactions R-HSA-9705683,2/196,0.5856880874581174,0.6177113210169786,0,0,1.0208268249505363,0.5461095879886158,YWHAE;CAV1
Reactome_2022,Mitochondrial Translation R-HSA-5368287,1/88,0.5878494885157634,0.6191001078765151,0,0,1.138624155259054,0.6049331780092367,MRPL14
Reactome_2022,RAB GEFs Exchange GTP For GDP On RABs R-HSA-8876198,1/89,0.591989195722158,0.6216734677139568,0,0,1.1256281407035176,0.5901295699518402,YWHAE
Reactome_2022,Sphingolipid Metabolism R-HSA-428157,1/89,0.591989195722158,0.6216734677139568,0,0,1.1256281407035176,0.5901295699518402,CTSA
Reactome_2022,Interferon Signaling R-HSA-913531,2/200,0.5967065753140588,0.6257309294781189,0,0,1.0,0.516329785050999,GBP2;GBP1
Reactome_2022,EPH-Ephrin Signaling R-HSA-2682334,1/91,0.6001448988156681,0.6284374440455496,0,0,1.100502512562814,0.5618991453376235,MYL9
Reactome_2022,Metabolism Of Lipids R-HSA-556833,7/732,0.6012211151880837,0.6286663016160705,0,0,0.9542612113632304,0.4855209473666905,RUFY1;HSD11B1;CTSA;CPT1A;ACAA2;SCD;CAV1
Reactome_2022,Potential Therapeutics For SARS R-HSA-9679191,1/97,0.6236514348962008,0.6511915979756626,0,0,1.0314070351758795,0.4869929254325685,JAK3
Reactome_2022,G Alpha (Q) Signaling Events R-HSA-416476,2/212,0.6284441179937611,0.6552625014074351,0,0,0.9422799422799424,0.4376967299204192,RGS18;GNG11
Reactome_2022,Phase I - Functionalization Of Compounds R-HSA-211945,1/104,0.6493430720264805,0.676091579254844,0,0,0.9609698980338586,0.4149411183845573,SMOX
Reactome_2022,PI3K/AKT Signaling In Cancer R-HSA-2219528,1/105,0.6528679573920863,0.6787974649197153,0,0,0.9516814843448008,0.4057783123183748,EGF
Reactome_2022,"PI5P, PP2A And IER3 Regulate PI3K/AKT Signaling R-HSA-6811558",1/106,0.6563575850020138,0.6814590790460001,0,0,0.9425699928212492,0.3968686613882323,EGF
Reactome_2022,Metabolism Of RNA R-HSA-8953854,6/666,0.6588804383013749,0.6831107628613345,0,0,0.8969072164948454,0.3742015208570512,PSMA5;PSMD14;PSMC2;CPSF2;ENPP2;DCAF13
Reactome_2022,O-linked Glycosylation R-HSA-5173105,1/107,0.6598123057378238,0.6831107628613345,0,0,0.933630416232104,0.388203405372955,MUC1
Reactome_2022,Nucleotide Excision Repair R-HSA-5696398,1/108,0.6632324670568477,0.6847174624685484,0,0,0.9248579345324754,0.3797741558133871,PCNA
Reactome_2022,SRP-dependent Cotranslational Protein Targeting To Membrane R-HSA-1799339,1/108,0.6632324670568477,0.6847174624685484,0,0,0.9248579345324754,0.3797741558133871,SRP54
Reactome_2022,Negative Regulation Of PI3K/AKT Network R-HSA-199418,1/113,0.6798268039735822,0.7008622325072232,0,0,0.8833452979181622,0.3408981557475202,EGF
Reactome_2022,PPARA Activates Gene Expression R-HSA-1989781,1/116,0.6893901914288371,0.7097233290973843,0,0,0.8601704173039109,0.3199385396662478,CPT1A
Reactome_2022,Regulation Of Lipid Metabolism By PPARalpha R-HSA-400206,1/118,0.6956073317848006,0.715119458903589,0,0,0.845380749903363,0.3068478138715934,CPT1A
Reactome_2022,Cell-Cell Communication R-HSA-1500931,1/120,0.701700639474265,0.7193658303980927,0,0,0.8310882141801444,0.294411674622422,LIMS1
Reactome_2022,Glycosaminoglycan Metabolism R-HSA-1630316,1/120,0.701700639474265,0.7193658303980927,0,0,0.8310882141801444,0.294411674622422,HMMR
Reactome_2022,Rab Regulation Of Trafficking R-HSA-9007101,1/122,0.7076725687660174,0.724474850426663,0,0,0.8172681589767017,0.2825898889623316,YWHAE
Reactome_2022,SARS-CoV Infections R-HSA-9679506,3/369,0.7169792813493449,0.7329788190084655,0,0,0.8086044769909295,0.2690294492980863,YWHAE;CAV1;JAK3
Reactome_2022,ER To Golgi Anterograde Transport R-HSA-199977,1/133,0.7384537036728938,0.7538810094599319,0,0,0.7487437185929648,0.2270167509014778,COPG1
Reactome_2022,Neuronal System R-HSA-112316,3/386,0.7449559793646104,0.7594613809099576,0,0,0.7720374812792409,0.2273111117657325,KCNJ10;PRKAR2B;GNG11
Reactome_2022,HIV Life Cycle R-HSA-162587,1/149,0.777558641095328,0.7906231938174688,0,0,0.6672551948933858,0.1678788815691765,FEN1
Reactome_2022,SARS-CoV-2 Infection R-HSA-9694516,2/283,0.7776798400305526,0.7906231938174688,0,0,0.7016427621409828,0.1764213060169772,YWHAE;CAV1
Reactome_2022,Protein Localization R-HSA-9609507,1/164,0.8089149773235216,0.8201032895963226,0,0,0.6053889077288281,0.128379657736663,ECH1
Reactome_2022,Transport To Golgi And Subsequent Modification R-HSA-948021,1/164,0.8089149773235216,0.8201032895963226,0,0,0.6053889077288281,0.128379657736663,COPG1
Reactome_2022,Major Pathway Of rRNA Processing In Nucleolus And Cytosol R-HSA-6791226,1/179,0.8358701042759268,0.8462607547434453,0,0,0.5539495228953758,0.0993132091800345,DCAF13
Reactome_2022,mRNA Splicing - Major Pathway R-HSA-72163,1/181,0.8391656848970497,0.8484254441786723,0,0,0.5477386934673367,0.0960443985736259,CPSF2
Reactome_2022,mRNA Splicing R-HSA-72172,1/189,0.8517024816274591,0.8587316630439168,0,0,0.5242168288249759,0.0841462437992407,CPSF2
Reactome_2022,rRNA Processing In Nucleus And Cytosol R-HSA-8868773,1/189,0.8517024816274591,0.8587316630439168,0,0,0.5242168288249759,0.0841462437992407,DCAF13
Reactome_2022,rRNA Processing R-HSA-72312,1/199,0.8660145054493834,0.8719624072725247,0,0,0.4974874371859296,0.0715653690513794,DCAF13
Reactome_2022,Phospholipid Metabolism R-HSA-1483257,1/208,0.8777158345777357,0.882531833670069,0,0,0.4756390648896657,0.0620387393240423,RUFY1
Reactome_2022,Biological Oxidations R-HSA-211859,1/218,0.8895281226354582,0.8931837176599874,0,0,0.4534886413634995,0.053087265123602,SMOX
Reactome_2022,Processing Of Capped Intron-Containing Pre-mRNA R-HSA-72203,1/242,0.913448173726656,0.9159473479365784,0,0,0.4078275193394358,0.0369200700749629,CPSF2
Reactome_2022,SLC-mediated Transmembrane Transport R-HSA-425407,1/247,0.9177413070177284,0.9189950519726708,0,0,0.3994362054173305,0.0342874955096515,SLC39A8
Reactome_2022,Metabolism Of Carbohydrates R-HSA-71387,1/285,0.9441425117939012,0.9441425117939012,0,0,0.3453181399957534,0.0198482507309292,HMMR
